Barcode,Small airway
AAACAAGTATCTCCCA-1,
AAACAATCTACTAGCA-1,
AAACACCAATAACTGC-1,
AAACATTTCCCGGATT-1,
AAACCGTTCGTCCAGG-1,
AAACGAAGAACATACC-1,
AAACGAGACGGTTGAT-1,
AAACGGGCGTACGGGT-1,
AAACGGGTTGGTATCC-1,
AAACGGTTGCGAACTG-1,
AAACTCGGTTCGCAAT-1,
AAACTGCTGGCTCCAA-1,
AAAGACCCAAGTCGCG-1,1
AAAGGCTACGGACCAT-1,
AAAGGCTCTCGCGCCG-1,
AAAGGGATGTAGCAAG-1,
AAAGTAGCATTGCTCA-1,
AAAGTCACTGATGTAA-1,
AAAGTGTGATTTATCT-1,
AAAGTTGACTCCCGTA-1,
AAATAACCATACGGGA-1,
AAATACCTATAAGCAT-1,
AAATAGGGTGCTATTG-1,
AAATCCGATACACGCC-1,
AAATCGTGTACCACAA-1,
AAATCTAGCCCTGCTA-1,
AAATGGCATGTCTTGT-1,
AAATGGTCAATGTGCC-1,
AAATGTGGGTGCTCCT-1,
AAATTAACGGGTAGCT-1,
AAATTACACGACTCTG-1,
AAATTACCTATCGATG-1,
AAATTGATAGTCCTTT-1,
AAATTGCGGCGGTTCT-1,
AAATTTGCGGGTGTGG-1,
AACAACTGGTAGTTGC-1,
AACACACGCTCGCCGC-1,
AACACGACTGTACTGA-1,
AACACGCGGCCGCGAA-1,
AACAGCTGTGTGGCAA-1,
AACAGGAAATCGAATA-1,
AACATATCAACTGGTG-1,
AACATTGGTCAGCCGT-1,
AACCCAGAGACGGAGA-1,
AACCCTACTGTCAATA-1,
AACCCTGGTGGAACCA-1,
AACCGAGCTTGGTCAT-1,
AACCGCTAAGGGATGC-1,
AACCGTTGTGTTTGCT-1,
AACCTCGCTTTAGCCC-1,
AACCTTTAAATACGGT-1,
AACGATAATGCCGTAG-1,
AACGATAGAAGGGCCG-1,
AACGATATGTCAACTG-1,
AACGCGAACGGCAACA-1,
AACGCGACCTTGGGCG-1,
AACGCGGTCTCCAGCC-1,
AACGCTGTTGCTGAAA-1,
AACGGACGTACGTATA-1,
AACGGCCATCTCCGGT-1,
AACGTACTGTGGGTAC-1,
AACGTAGTCTACCCAT-1,
AACGTCAGACTAGTGG-1,
AACGTGATGAAGGACA-1,
AACGTGCGAAAGTCTC-1,
AACTAGCGTATCGCAC-1,
AACTAGGCTTGGGTGT-1,
AACTCAAGTTAATTGC-1,
AACTCCAGAGCGTGTT-1,
AACTCGATGGCGCAGT-1,
AACTCTCAATAGAGCG-1,
AACTCTCAGTGTGCTC-1,
AACTGATATTAGGCCT-1,
AACTGGGTCCCGACGT-1,
AACTGGTGTGGGCCTT-1,1
AACTTTAGCTGCTGAG-1,
AAGACCCAACTGAACA-1,
AAGACTAACCCGTTGT-1,
AAGACTGCAAGCTACT-1,
AAGAGCTCTTTATCGG-1,
AAGAGGCATGGATCGC-1,
AAGAGGCCCTTTGGAA-1,
AAGATTGGCGGAACGT-1,
AAGCACCCTGCGTATC-1,
AAGCATACTCTCCTGA-1,
AAGCCGAAGCGGTTTA-1,
AAGCGCAGGGCTTTGA-1,
AAGCGTCCCTCATCGA-1,
AAGCTAGATCGAGTAA-1,
AAGCTCGTGCCAAGTC-1,
AAGCTCTTTCATGGTG-1,
AAGGAGAACTTATAAG-1,
AAGGAGCGGTTGGTGC-1,
AAGGATGAGGGACCTC-1,
AAGGCGCGTAAAGCTT-1,
AAGGCTGTGCTCATCG-1,
AAGGGACAGATTCTGT-1,
AAGGGACTATGCATTC-1,
AAGGTATCCTAATATA-1,
AAGGTGATAAACCAGC-1,
AAGTAAGCTTCCAAAC-1,
AAGTAGAAGACCGGGT-1,
AAGTCAATTGTCGTCA-1,
AAGTGAGTCGGGTTTA-1,
AAGTGCCTTGACTGTA-1,
AAGTGTTTGGAGACGG-1,
AAGTTCACTCCAAGCT-1,
AAGTTCGGCCAACAGG-1,
AAGTTGTGATGTTATA-1,
AAGTTTACTAATGGCA-1,
AAGTTTATGGGCCCAA-1,
AATAACACTAGAACAA-1,
AATAAGTCCTCGAGAC-1,
AATAGAACAGAGTGGC-1,
AATAGAATCTGTTTCA-1,
AATAGTCCGTCCCGAC-1,
AATATCAAGGTCGGAT-1,
AATATCGAGGGTTCTC-1,
AATCAGACTGCAGGAC-1,
AATCATGTAAAGACTC-1,
AATCCAAGGGCCTGAG-1,1
AATCCATGCAAGGGTG-1,
AATCGCCTCAGCGCCA-1,
AATCGGGACACTACGA-1,
AATCTGCGTTGGGACG-1,
AATGACAGCAATGTCT-1,
AATGACGTAGGATGTC-1,
AATGACTGTCAGCCGG-1,
AATGATGATACGCTAT-1,
AATGCAACCGGGTACC-1,
AATGGTTCTCACAAGC-1,
AATGTGCCCGAGGTGT-1,
AATTAAAGGTCGGCGT-1,
AATTAACGGATTTCCA-1,
AATTAGCGCTGCAGCG-1,
AATTCATAAGGGATCT-1,
AATTCTAGAGTTAGGC-1,
AATTGAACGCTCTGGT-1,
AATTGCAGCAATCGAC-1,
AATTTGGTTCCAAAGA-1,
ACAAAGCATGACCTAG-1,
ACAAATCGCACCGAAT-1,
ACAAATGGTAGTGTTT-1,
ACAACAGCATGAGCTA-1,
ACAACGGTCCCTGCGA-1,
ACAAGGAAATCCGCCC-1,
ACAAGGACAAGAGGTT-1,
ACAAGGATGCTTTAGG-1,
ACAAGGGCAGGCTCTG-1,
ACAATCCATTTAAACC-1,
ACAATCGATCTTTATA-1,
ACAATGAATACGGAGA-1,
ACAATTGTGTCTCTTT-1,
ACAATTTGAGCAGTGG-1,
ACACAAAGACGGGTGG-1,
ACACACCAGGACCAGT-1,
ACACACTTTCTACACG-1,
ACACATGATCAAATCT-1,
ACACATTTCCGTAGAC-1,
ACACCCAGCATGCAGC-1,
ACACCCGAGAAATCCG-1,
ACACCTTAAGTAGGGC-1,
ACACGAGACTCCTTCT-1,
ACACGGCACTATGCAT-1,
ACACGGGAACTTAGGG-1,
ACACGTAGGCCACAAG-1,
ACACTGATCAAGGTGT-1,
ACAGATTAGGTTAGTG-1,
ACAGCATAGAGCCAGT-1,
ACAGCGACATTCTCAT-1,
ACAGCGCACCCGCAGC-1,
ACAGGCTTGCCCGACT-1,
ACAGGTGGAGGTGAGG-1,
ACATAATAAGGCGGTG-1,
ACATCCCGGCCATACG-1,
ACATCCTGGTAACTGT-1,
ACATCGATCGTTTACC-1,
ACATCGGTCAGCCGCG-1,
ACATCGTATGCAATGG-1,
ACATCGTTAACCTAGT-1,
ACATCTCAACGCGTAA-1,
ACATGGCGCCAAAGTA-1,
ACATTAGTTTATATCC-1,
ACCAAACTAGAAATCC-1,
ACCAACCGCACTCCAC-1,
ACCAACGCTTATTTAT-1,
ACCAAGAACGCGTGTC-1,
ACCAATATGCAAGTTA-1,
ACCACAACTCAGAACA-1,
ACCACAAGTTTCTATC-1,
ACCACGTGCAGCTATA-1,
ACCAGCCCGGTCTTTG-1,
ACCAGGAGTGTGATCT-1,
ACCAGTGCGGGAGACG-1,
ACCATATCCGCAATAA-1,
ACCATCGTATATGGTA-1,
ACCCAACGCCCGTGGC-1,
ACCCATCTTGAGGGTA-1,
ACCCATTTGTCCCTCT-1,
ACCCGGAAACTCCCAG-1,
ACCCGGATGACGCATC-1,
ACCCGGTTACACTTCC-1,
ACCCGTGTCATCAGTA-1,
ACCCTATGCCATATCG-1,
ACCCTCCCTTGCTATT-1,
ACCCTTCATCTGCGAA-1,
ACCCTTTAGTTCTCCA-1,
ACCGAAAGGGCCCTGC-1,
ACCGACACATCTCCCA-1,
ACCGACTGAGTCCCAC-1,
ACCGATGGTAGCATCG-1,
ACCGCAATAACTGCCT-1,
ACCGGGCCTTTGTTGA-1,
ACCGTTCCCGCTCTGA-1,
ACCTAAGTACCTTTCA-1,
ACCTACTATAAATCTA-1,
ACCTCCGCCCTCGCTG-1,
ACCTTTCCTTTAGAAG-1,
ACGAGAACCCATCACG-1,
ACGAGATATTTGCTTA-1,
ACGATACATAGAACTA-1,
ACGATCATACATAGAG-1,
ACGATCATCTTGTAAA-1,
ACGATGCATATGTTAT-1,
ACGATGGATCCGATGC-1,
ACGCAAACTAATAGAT-1,
ACGCATACGTTTACTA-1,
ACGCATTCGTGAGTAC-1,
ACGCCAGATGATTTCT-1,
ACGCCCAGCTGTCGAT-1,
ACGCCGCTAGACGACC-1,
ACGCGAAGTCAGACGA-1,
ACGCGGGCCAAGGACA-1,
ACGCTAGTGATACACT-1,
ACGGACTCTCAAAGCG-1,
ACGGATGGTGCGGATA-1,
ACGGCACTTGCTTGGG-1,
ACGGCCAACATGGACT-1,
ACGGCGACGATGGGAA-1,
ACGGCGGGTTGCCCTG-1,
ACGTACAGATTTCTCT-1,
ACGTAGATTGCTGATG-1,
ACGTATTACTCCGATC-1,
ACGTCCTAAACGAGAT-1,
ACGTGCGCCTCGTGCA-1,
ACGTTAATGTCGAAGA-1,
ACGTTAGATTTGCCCG-1,
ACGTTCCGCGCTCCGT-1,
ACGTTCGTTCAGGAAA-1,
ACGTTCTGTACAAGTC-1,
ACGTTTAGTTGTGATC-1,
ACTACCAGCTCTCTGG-1,
ACTACGCGTTAGAATT-1,
ACTAGTTGCGATCGTC-1,
ACTATTCGTCCGTGGT-1,
ACTATTTCCGGGCCCA-1,
ACTCAACGAATGTATT-1,
ACTCAAGTGCAAGGCT-1,
ACTCAATAAAGGCACG-1,
ACTCAGACCTGCTTCT-1,
ACTCCCTAATGCTAAA-1,
ACTCCCTAGAATAGTA-1,
ACTCGCCGTTCGATAA-1,
ACTCGTCAGTAATCCC-1,
ACTCTCTGACTTAGGT-1,
ACTCTCTTATACACGA-1,
ACTCTTGTATAGTAAC-1,
ACTGAAACGCCGTTAG-1,
ACTGAATGGCGAAAGT-1,
ACTGCCGTCGTAACTC-1,
ACTGTACGATACACAT-1,
ACTGTAGCACTTTGGA-1,
ACTGTATACGCGAGCA-1,
ACTGTCCAGGATTATA-1,
ACTGTCTTCTTTAGAA-1,
ACTGTGCTAGTAGATC-1,
ACTGTTTAGTGTAGGC-1,
ACTTACGCATCCACGC-1,
ACTTAGTACGACAAGA-1,
ACTTATACTTACCCGG-1,
ACTTATCTGATCTATA-1,
ACTTATTAGGATCGGT-1,
ACTTATTTATGTGCCA-1,
ACTTCAGGCTGATCCC-1,
ACTTCCATGCGGGACA-1,
ACTTCGCCATACGCAC-1,
ACTTGACTCCCTCTTT-1,
ACTTGCCATATTGTAC-1,
ACTTGGGACCCGGTGG-1,
ACTTGTGGATGGAACG-1,
ACTTTCCTATAGCTTC-1,
AGAACGTGGTACATTC-1,
AGAAGAGCGCCGTTCC-1,
AGAAGGTTGCCGAATT-1,
AGAAGGTTGTAGGTCG-1,
AGAAGTGATTCGTGAT-1,
AGAATTATGGATTCGA-1,
AGACATAGATCCTTCC-1,1
AGACCCACCGCTGATC-1,
AGACCCGCCCTCCTCG-1,
AGACGAAGTGCCGGTC-1,
AGACGACGATGCCGCT-1,
AGACTAGCCTTCCAGA-1,
AGACTGTTACCGGGTC-1,
AGAGAACCGTCTAGGA-1,
AGAGAAGGAGTACAAT-1,
AGAGCCGCCGAGATTT-1,
AGAGCGGGCTAATCAT-1,
AGAGGCTTCGGAAACC-1,
AGAGGTATCTCGGTCC-1,
AGAGTAAACTTCACTA-1,
AGATAACTTCAGGGCC-1,
AGATACCAATAGAACC-1,
AGATACCGGTGTTCAC-1,
AGATACGACTTCATAT-1,
AGATACTCAAGATCGA-1,
AGATATAATACGACTA-1,
AGATCTCAGGTGTGAT-1,
AGATGACTCGCCCACG-1,
AGATGCAAGACGTGCA-1,
AGATTATAGGACGTTT-1,
AGCAAAGGCCGCTAGT-1,
AGCAACATATCTTATT-1,
AGCAACCGAAAGTAAT-1,
AGCACCAGTACTCACG-1,
AGCACTACCTCACCAG-1,
AGCACTTAAGGACGCC-1,
AGCAGAAGGAGAAAGA-1,
AGCAGCCAGATGAATA-1,
AGCATATCAATATGCT-1,
AGCATCATTTCGAAAG-1,
AGCATCGTCGATAATT-1,
AGCATTACGAGGCAAG-1,
AGCCAAGCTTTGTGTC-1,
AGCCACAGGTTACCCG-1,
AGCCACTCCCGTGCTT-1,
AGCCCGGTAGCCTGTA-1,
AGCCCTAAGCGAAGTT-1,
AGCGACAGGAACGGTC-1,
AGCGACATCCCATTCA-1,
AGCGACCAACGATATT-1,
AGCGATGCGCCTAATA-1,
AGCGCATAATGAATCG-1,
AGCGCGGGTGCCAATG-1,
AGCGGACACTTCGTAG-1,
AGCGGGAAGGGTCCAT-1,
AGCGGGTCTGACACTC-1,
AGCGTACGAGAGCTAG-1,
AGCGTAGCGCTAGACC-1,
AGCGTCTGAACCCGCA-1,
AGCGTGGTATTCTACT-1,
AGCTAAGTACGCAGGC-1,
AGCTATTTAATCCAAC-1,
AGCTCCATATATGTTC-1,
AGCTCCTTCGCACATC-1,
AGCTCTAGACGTTCCA-1,
AGCTCTTCCCAGTGCA-1,
AGCTCTTTACTCAGTT-1,
AGCTGAAGTAAACCAA-1,
AGCTGTAACCTCAATC-1,
AGCTTATAGAGACCTG-1,1
AGGAAGCTGTCCGCCG-1,
AGGACAGTCGAATCCC-1,
AGGACATCGCACGTCG-1,
AGGACGACCCATTAGA-1,
AGGAGGCCTTCGCGCG-1,
AGGATAAAGTCGGGAT-1,
AGGATATAGGGATTTA-1,
AGGCAAAGAGGAATCA-1,
AGGCAGATGCGTAAAC-1,
AGGCAGGGAGCGTACT-1,
AGGCATTGTCGTAGGG-1,
AGGCCACCCGTTATGA-1,
AGGCCCATTGTACAGG-1,1
AGGCCTGAGAATCTCG-1,
AGGCGGTTTGTCCCGC-1,
AGGCTATGGTTAGCTT-1,
AGGCTTCCCGAAGAAG-1,
AGGGACAGCACGGCGG-1,
AGGGACTCTACGCGAC-1,
AGGGCAGCGGCGTGGT-1,
AGGGCGTGATCGGCTA-1,
AGGGCTGCAGTTACAG-1,
AGGGTCGATGCGAACT-1,
AGGGTGCTCTCGAGGG-1,
AGGGTTCAGACGGTCC-1,
AGGGTTCCCTTTGGTT-1,
AGGGTTTAGTTCGGGA-1,
AGGTAACCTCCTATTC-1,
AGGTACGATATTGCCA-1,
AGGTCGCCACTTCGGT-1,
AGGTGGTGACCTTCGC-1,
AGGTTGAGGCACGCTT-1,
AGGTTTCACACACCTT-1,
AGTAATGTCTTGCCGC-1,
AGTACGGGCACCTGGC-1,
AGTACTCTTATGCCCA-1,
AGTAGCGTGAACGAAC-1,
AGTAGGTAACATACAT-1,1
AGTATAATACTAGGCA-1,
AGTATACACAGCGACA-1,
AGTATCCATAATAACG-1,
AGTATGCTGGAGACCA-1,
AGTATTTGGCACGACC-1,
AGTCAACACCACCATC-1,
AGTCAAGATGACACTT-1,
AGTCACTAGCTCTCGA-1,
AGTCACTCCGCCTCAT-1,
AGTCCAGCGGGTACGT-1,
AGTCCATTGGCTGATG-1,
AGTCGACGGTCTCAAG-1,
AGTCGGCCCAAACGAC-1,
AGTCGTATAAAGCAGA-1,
AGTCGTCGACCACCAA-1,
AGTCGTGGGCATTACG-1,
AGTCTCACAAGACTAC-1,
AGTCTTCTCCTCAAAT-1,
AGTCTTTAAAGTGTCC-1,
AGTGAACAAACTTCTC-1,
AGTGACCTACTTTACG-1,
AGTGAGACTTCCAGTA-1,
AGTGAGCCTCGCCGCC-1,
AGTGAGTCGAATTAAC-1,
AGTGATAACCTGCGCG-1,
AGTGATATGAGTAGTT-1,
AGTGATTCAAGCAGGA-1,
AGTGCACGCTTAAGAA-1,
AGTGCGTAGCTCGTAA-1,
AGTGCTAAACACAGCA-1,
AGTGCTTGCACGAATA-1,
AGTGGCGGCAATTTGA-1,
AGTGGCGTCTGAAGGT-1,
AGTTAAACACTTGCGA-1,
AGTTAAGCGGTCCCGG-1,
AGTTACTCTATCGTGG-1,
AGTTCCTACAGAATTA-1,
AGTTCCTATTTATGTT-1,
AGTTGACATCGGCTGG-1,
AGTTGACGGTCCTTGC-1,
AGTTGGCAAGGCTAGA-1,
AGTTTCGCAGGTCGGA-1,
AGTTTGCACCTGCCTC-1,
AGTTTGGCACGGGTTG-1,
AGTTTGGCCAGACCTA-1,
ATAAACCATTGGACGG-1,
ATAAACGGACCCGTAA-1,
ATAAACGTTGCACCAC-1,
ATAAAGGCTCGGTCGT-1,
ATAAAGGTCAAGTACG-1,
ATAACGCCGGAGGGTC-1,
ATAACGGAGTCCAACG-1,
ATAAGGTGGAGAACAT-1,
ATAAGTTACCGCGACG-1,
ATAATAGCTGTTGAAT-1,
ATAATAGTGTAGGGAC-1,
ATAATCTTGGAGAACC-1,
ATAATTAGCTAAGTAG-1,
ATACAGGCCCTCCAAT-1,
ATACCAGCAAATTGCT-1,
ATACCAGGCTAATAGA-1,
ATACCAGGTGAGCGAT-1,
ATACCTAACCAAGAAA-1,
ATACGCCGATCTACCG-1,
ATACGCCGGCGAAACC-1,
ATACGGAACGTCGTTT-1,
ATACGGGTTTCGATTG-1,
ATACGTACTTAGCCAC-1,
ATACGTCCACTCCTGT-1,
ATACGTTATGCACGGA-1,
ATACTACCCGTACCAC-1,
ATACTAGCATGACCCT-1,
ATACTCTCGCCACTCT-1,
ATACTGCCTTACACCG-1,
ATAGACAACGGGACCT-1,
ATAGACGAAGAGAAAG-1,
ATAGAGTACTGGGACA-1,
ATAGAGTTATCAACTT-1,
ATAGATTTGCAGTCGG-1,
ATAGCAACTAGGGAAG-1,
ATAGGCGGCTATAGAA-1,
ATAGGCTAGCTTCGCA-1,
ATAGGGATATCCTTGA-1,
ATAGGTTGGGCAGATG-1,
ATAGTCTTTGACGTGC-1,
ATAGTGAAGCGTTCTC-1,
ATAGTTCCACCCACTC-1,
ATATAAAGCGCTCGTG-1,
ATATAAATGTAGCTGC-1,
ATATAACACGGGCGCA-1,
ATATACGCTCGTGACG-1,
ATATCGTTCCTCGAAC-1,
ATATCTCCCTCGTTAA-1,
ATATCTTAGGGCCTTC-1,
ATATGTCTAGAGCGTG-1,
ATATGTCTCCCTAGCC-1,
ATATTCAGTTAAACCT-1,
ATATTCCACATAGTGA-1,
ATATTCCCACAGGTCA-1,
ATATTGCTGTCAAAGT-1,
ATATTTAACCCTCAAG-1,
ATCAAACGAAGGTTTG-1,
ATCAATCTGGGCTGCA-1,
ATCAATGCCGTGGCTG-1,
ATCACATTAGAATATC-1,
ATCACGTGCTAATTAA-1,
ATCACTTCATCCTCGC-1,
ATCAGACGGCACGCCG-1,
ATCAGCCTCATGCTGC-1,
ATCAGTAGGCAGGGAT-1,
ATCATAGCCCTATGTA-1,
ATCATCCAATATTTGT-1,
ATCCAACGCAGTCATA-1,
ATCCACATCGACAGAA-1,
ATCCACGCTAAATGTT-1,
ATCCAGAGCAACAACC-1,
ATCCAGGATTCGTGAA-1,
ATCCTACCTAAGCTCT-1,
ATCCTGCGTGGAATGG-1,
ATCCTGCTGCAGATAG-1,1
ATCGACCCAATACAGA-1,
ATCGACTCTTTCCGTT-1,
ATCGCACGCCGGGAGA-1,
ATCGCCAGTCAACATT-1,
ATCGGAGACAGACGGC-1,
ATCGTTAGCTAGCGGA-1,
ATCTAATATCCTACGG-1,
ATCTAGCTTGTGAGGG-1,
ATCTCCCACGGAATAT-1,
ATCTCCCTGCAATCTA-1,
ATCTGCACCTCTGCGA-1,
ATCTGGGCTGTTCTTG-1,
ATCTGGTTAAGACTGT-1,
ATCTGTAATTGTACCC-1,1
ATCTTATCGCACACCC-1,
ATCTTGACCTGCAACG-1,
ATCTTGACTTGTCCAA-1,
ATGAAGCCAAGGAGCC-1,
ATGACGCCGGCTCTAA-1,1
ATGACGCGTTCTATCC-1,
ATGACTATCAGCTGTG-1,
ATGACTATGCGACATT-1,
ATGAGGAGTGTTAATC-1,
ATGATCGGGAATAGAC-1,
ATGATGCAATGGTACA-1,
ATGCACTACCGCATTG-1,
ATGCATGATCCAGGAT-1,
ATGCATTCCGTGATGG-1,
ATGCCATTTGCGACCA-1,
ATGCCGGTCTTGCATA-1,
ATGCCGGTTGATGGGA-1,
ATGCGACAGTCCCATT-1,
ATGCGAGTCCCACCAC-1,
ATGCTCAGTGTTGCAT-1,
ATGCTCTGGCGCGGTA-1,
ATGGAGCAGGCCGTGA-1,
ATGGATCCGGCGTCCG-1,
ATGGATTGACCAAACG-1,
ATGGGACCTGCTGAAC-1,
ATGGGCCTCGGCCTCT-1,
ATGGTATTGGGAACCG-1,
ATGGTCGCGTGGTTTC-1,
ATGGTGCTCAAAGCCA-1,
ATGTACATGCGGTGAG-1,
ATGTACGATGACGTCG-1,
ATGTAGCGCGCGTAGG-1,
ATGTGCATCCGACGCA-1,
ATGTGGACATCTTGAT-1,
ATGTGTAGTTTAGTCA-1,
ATGTTACGAGCAATAC-1,
ATGTTGATTAGAGACT-1,
ATTAAACATGCGGACC-1,
ATTAATACTACGCGGG-1,
ATTAATGAACCAGTCG-1,
ATTAATTCGGTCACTC-1,
ATTACTAGCCTCTTGC-1,
ATTAGATTGATAGCGG-1,
ATTAGGCGATGCTTTC-1,
ATTATACTTTGCTCGT-1,
ATTATCTCGACAGATC-1,
ATTATGCCATAGGGAG-1,
ATTATTATGTCCGTCA-1,
ATTCAACCATTTAAGG-1,
ATTCACTGATGTTGGA-1,
ATTCATATACTGTCCA-1,
ATTCATCGTTGAGGCA-1,
ATTCCTCCGCCAGTGC-1,
ATTCGCGCCTTGAGAG-1,
ATTCTCGTCTCTTTAG-1,1
ATTGAAGATCTTAGTG-1,
ATTGACGTAACTCGGT-1,
ATTGATGAGTCCTAAC-1,
ATTGCGATCAGTAACT-1,
ATTGCTGCTCCTCCAT-1,
ATTGGATTACAGCGTA-1,
ATTGGGAATATCTTGG-1,1
ATTGTCGCAATACCTT-1,
ATTTAACTCGTATTAC-1,1
ATTTACAGTTTACTGG-1,
ATTTCATTATTTCGCG-1,
ATTTCCGGGTTCTGCG-1,
ATTTGCCTAGTTACGA-1,
ATTTGCGCGAGTAGCT-1,
ATTTGTCTTGGGAGCT-1,
ATTTGTTCCAGGGCTC-1,
CAAACGAGTATCGCAG-1,
CAAACGGTCGCACTTT-1,
CAAACGTGGTCTTGCG-1,
CAAACTACGATAGAGA-1,
CAAACTATTGAGCTTC-1,
CAAAGATTATTGGGCC-1,
CAAATGCGGAGTGTTC-1,
CAAATGTCCTTCCGTG-1,
CAAATTGTCAGCAAGC-1,
CAACCTACCGAGCAGT-1,
CAACGACCCGTTTACA-1,
CAACGGTTCTTGATAC-1,
CAACTATATCGAATGC-1,
CAACTCCTTGATCCCG-1,
CAACTGCTCATCCGAT-1,
CAACTTGTAGTGGGCA-1,
CAAGAGGGCGGAGTAC-1,
CAAGATATTATAACGT-1,
CAAGCAACGTCGGAGT-1,
CAAGCACCAAATGCCT-1,
CAAGCGGCACATAATT-1,
CAAGGATCGCATGTTC-1,
CAAGGCCAGTGGTGCA-1,
CAAGTGAACTTTGGTT-1,
CAAGTGTGGTTGCAAA-1,
CAATAAACCTTGGCCC-1,
CAATATTCTTGACCTA-1,
CAATGCGAGAAGTATC-1,
CAATGGATCTCTACCA-1,
CAATGGTCGGCCTGGG-1,
CAATTAAGGGTGATGA-1,
CAATTTCGTATAAGGG-1,
CACAATGAGCTGCTAT-1,
CACACACGCTAACGAG-1,
CACACGCGCTGTCTTA-1,
CACAGCACCCACGGCA-1,
CACAGCTAGGGAGTGA-1,
CACAGGGCCATATAGT-1,
CACAGGGCCGTTGTCA-1,
CACAGTCCCGCTTCGC-1,
CACATAAGGCGACCGT-1,
CACATATTAGCAGGAT-1,
CACATCTCACCGACGA-1,
CACATGATTCAGCAAC-1,
CACATTCTTTCGATGG-1,
CACCAGTCAGCATGCA-1,
CACCATCGGAGGAGAC-1,
CACCCACACGTCACCC-1,
CACCCACGAGGCAATT-1,
CACCCGGTTTGTGACT-1,
CACCCTAACAAGATCT-1,
CACCCTTTCCTCGCTC-1,
CACCGATACACCGAGC-1,
CACCGCCAGAAGGTTT-1,
CACCGCCGACCAGCGA-1,
CACCGTATCCCATCCG-1,
CACCGTTAGGGATCAC-1,
CACCGTTGCGCGATAT-1,
CACCTAATCAGTTTAC-1,
CACCTCGATGGTGGAC-1,
CACCTTGCGAAACTCG-1,
CACCTTGGCGCCTTTG-1,
CACGACTAAAGTTCTG-1,
CACGATTGGTCGTTAA-1,
CACGCACAGCGCAGCT-1,
CACGCAGCGAGGCTTT-1,
CACGCGGAACTGTTGC-1,
CACGTCGGCAACCTCT-1,
CACGTTCGTGCTCTAG-1,
CACGTTTCGTACACAC-1,
CACTAAAGTTGCCTAT-1,
CACTACGGGAGCTGCC-1,
CACTACTCAGTTCTGT-1,
CACTCAAGAGCTATGG-1,
CACTCAGCTCTTGAGG-1,
CACTCCTATGTAAGAT-1,
CACTCCTCTCGGTCGG-1,
CACTCGAGCTGAACAA-1,
CACTCTCAAGCATCGA-1,
CACTCTTCTGCTAGCC-1,
CACTGACGATTGTGGA-1,
CACTGTCCAAGTGAGA-1,
CACTTAATCAGACGGA-1,
CACTTCGCCACAGGCT-1,
CAGAACTTAGCCCTCT-1,
CAGACACCGATCGCTG-1,
CAGACCTGTAAGTGTT-1,
CAGACGAACCTGATAC-1,
CAGAGACGGTCACCCA-1,
CAGAGCATGAGCTTGC-1,
CAGAGGCGATGCATGA-1,
CAGAGTGATTTAACGT-1,
CAGATAATGGGCGGGT-1,
CAGATACTAACATAGT-1,
CAGATCCTGGTTTGAA-1,
CAGCAGCCCGTTCCTT-1,
CAGCAGTCCAGACTAT-1,
CAGCAGTCTGTGCTGC-1,
CAGCCCTCACAGGCAG-1,
CAGCCGGGCCCTCTAT-1,
CAGCCTCCTGCAGAGG-1,
CAGCGATTCCCTTCAA-1,
CAGCTCACTGAGACAT-1,
CAGCTCGACAAGTTAA-1,
CAGCTCGTGCTTGTGT-1,
CAGGAAGACTTTATAT-1,
CAGGATATATCGTTGT-1,
CAGGATCCGCCCGACC-1,
CAGGCCGTTTGGGTGT-1,
CAGGCGCACGGTGGTC-1,
CAGGCGCCATGCTAGG-1,
CAGTAGCCCACGCGGT-1,
CAGTAGCGAGGTAGTA-1,
CAGTCGAGGATGCAAT-1,
CAGTCTCTCGGCTAAT-1,
CAGTCTGTATACTGGG-1,
CAGTGAATAAATGACT-1,
CAGTGTCCGCAGAATG-1,
CAGTGTCGGCTGGCCC-1,
CAGTTCAAATTGACAC-1,
CAGTTCGAGGACCCGA-1,
CATAACGGACAGTCGT-1,
CATAAGAAGCTTGGCT-1,
CATAATGAGCGGGCGA-1,1
CATACAAAGCCGAACC-1,
CATACACGGTTCCCAC-1,
CATACGGCGTCTGGGC-1,
CATACTATGTAATTGT-1,
CATAGCGTTGCCCACC-1,
CATAGTACATTGAGAG-1,
CATAGTAGCATAGTAG-1,
CATAGTCAAATACATA-1,
CATATAGGTACAGTCA-1,
CATATTATTTGCCCTA-1,
CATCATCTACCCGGAC-1,
CATCATTACCCTGAGG-1,
CATCCTCTCAAAGATC-1,
CATCGAATGGATCTCT-1,
CATCGCCCGCGGCCAA-1,
CATCGGACGGGTTAAT-1,
CATCTTACACCACCTC-1,
CATGAACCGACATTTG-1,
CATGAACCTCTTATCA-1,
CATGAGATGCACTCTC-1,
CATGATGCACAATTCT-1,
CATGATGGAAGTTAGC-1,
CATGCATGGAGACCCT-1,
CATGCGACCAGTTTAA-1,
CATGCGTTAGACAGAA-1,
CATGCTGGCTCCAATT-1,
CATGGATTGTCTTCCG-1,
CATGGCAGGAAGATCG-1,
CATGGGTATGCCTTAT-1,
CATGGGTCGGGTGTGG-1,
CATGGTAAGTAGCGTT-1,
CATGGTCTAGATACCG-1,
CATGTAAGAGACATTT-1,
CATGTCTCATTTATGG-1,
CATTACGTCGGCCCGT-1,
CATTATAACAGGGTCC-1,
CATTATGCTTGTTGTG-1,
CATTCACTGACAGCTA-1,
CATTCAGGTCAGTGCG-1,
CATTTAGCGGACCATG-1,
CATTTATCGTTCAAGA-1,
CATTTCTAGCAGACTA-1,
CATTTGAGTGGTACGT-1,
CCAAACAGAACCCTCG-1,
CCAAAGTCCCGCTAAC-1,
CCAACGATGCACTGAT-1,
CCAAGAAAGTGGGCGA-1,
CCAAGACTTCTGCGAA-1,
CCAAGCGTAACTCGTA-1,
CCAAGGAACAGAGAGG-1,
CCAATAGTGCCGTCGA-1,
CCAATCGGTAGATCGA-1,
CCAATGTCACAGCAAG-1,
CCAATTGAATGTTAAT-1,
CCACAATGTACGTCTT-1,
CCACACTGAGATATTA-1,
CCACAGCTGAAATCAT-1,
CCACAGTACCCATCCT-1,
CCACCAACTTTACTGT-1,
CCACCCAAGGAAAGTG-1,
CCACGAGAAGAGAATC-1,
CCACTAAACTGAATCG-1,
CCACTGTTTGGATTAA-1,
CCAGAAAGCAACTCAT-1,
CCAGATAGTTGAGTGA-1,
CCAGCCTGGACCAATA-1,
CCAGCTACGCCTCATA-1,
CCAGCTCGAACGCATT-1,
CCAGGGACGTGGCCTC-1,
CCAGTAGTCTGATCCA-1,
CCAGTCTAGACGGCGC-1,
CCAGTCTTGTCATAGA-1,
CCATAAACAACCCGAC-1,
CCATAGGTTGGCGTGG-1,
CCATATGGAAACTATA-1,
CCATCCATACCAAGTC-1,
CCATCGCAGTTAAACT-1,
CCATCTCACCAGTGAA-1,
CCATCTTGTTCACAAT-1,
CCATGCCCTAGATTTC-1,
CCATGCCTGTTTAGTA-1,
CCATGCTCTGCAGGAA-1,
CCATTAGCGATAATCC-1,
CCATTCCCTGCCCACA-1,
CCATTTCTACCTATTA-1,
CCCAAACATGCTGCTC-1,
CCCAACATACGTCGCG-1,
CCCAACCACACTAACA-1,
CCCAAGACAGAGTATG-1,
CCCAGGAAGAATTCGA-1,
CCCAGTTAAGGCGCCG-1,
CCCGACCATAGTCCGC-1,
CCCGCAGCGCGAACTA-1,
CCCGCAGGGCCCAAAG-1,
CCCGCCATGCTCCCGT-1,
CCCGCTTGCCCTCGTC-1,
CCCGTAGCTGGGAAGA-1,
CCCGTCAGCGTCTGAC-1,
CCCGTTTCGCAGATGT-1,
CCCTATGTAGAGCAGA-1,
CCCTCATTCTGGAATT-1,
CCCTCCTCGCTCGTAT-1,
CCCTCGGGAGCCTTGT-1,
CCCTGAAATGAGTTGA-1,
CCCTGGTATGGGCGGC-1,
CCCTTCTCGTACGCGA-1,
CCCTTTAATGGAGTTC-1,
CCCTTTGACAGGTCTT-1,
CCGAAAGTGGTGAGCA-1,
CCGAACCTTCCCGGCC-1,
CCGACAATAGGCCGCC-1,
CCGACGGGCATGAGGT-1,
CCGACTCGCATAGTCT-1,
CCGAGGGATGTTAGGC-1,
CCGATCTCAACCTTAT-1,
CCGCACAAAGACCAAC-1,
CCGCATGTGGTACGAT-1,
CCGCCACCACAATCCA-1,
CCGCCGGTCAACACAC-1,1
CCGCGGAATGCGTCAC-1,
CCGCTATCAGCACCAG-1,
CCGCTCCAGGGCGATC-1,
CCGCTCTTCCGAACTA-1,
CCGCTGGTGCCATTCA-1,
CCGCTTACCTCACTCT-1,
CCGCTTCGCGGTTAAC-1,
CCGGAATGGTTTCAGT-1,
CCGGAGCGTACTTTCT-1,
CCGGCGCATATTGGAT-1,1
CCGGGACCCGCAGAGA-1,
CCGGGCGGTCTCGTCA-1,
CCGGGCTGCTCCATAC-1,
CCGGTTTGTAATTGTG-1,
CCGTAAGTTGGTCCCA-1,
CCGTACCCAAGCGCCA-1,
CCGTAGGAAATCCCTG-1,
CCGTAGGGTTGTTTAC-1,
CCGTATCTCGTCGTAG-1,
CCGTGCCCATGACGGC-1,1
CCGTGTTAAATTCCAT-1,
CCGTTACGTTAGAACA-1,
CCTAAACAGGGTCCGT-1,
CCTAAAGGCTGACGCT-1,
CCTAAATTAACGGTTC-1,
CCTAACCCAAACAAGT-1,
CCTAACTAAGGCTCTA-1,
CCTAAGTGTCTAACCG-1,
CCTACATTCACAGACG-1,
CCTACGGCTCAGTCGA-1,
CCTACTGCTTACACTT-1,
CCTAGGCGTAGCGATC-1,
CCTAGTTAGTCGCATG-1,
CCTATAATGAGTGCCC-1,
CCTATACCGTCCTGTC-1,
CCTATATTTGTCCTGG-1,
CCTATCTATATCGGAA-1,
CCTATGGCTCCTAGTG-1,
CCTATGGGTTACCGTC-1,
CCTATGGTCAAAGCTG-1,
CCTATGTCCACTCCAC-1,
CCTCACCAATCTTGAC-1,
CCTCACCTGAGGGAGC-1,
CCTCACCTTAGCATCG-1,
CCTCATGCAGCTACGA-1,
CCTCCCGACAATCCCT-1,
CCTCCTGTTGTGTCGT-1,
CCTCGAAGTGGACGGG-1,
CCTCGACCCACTGCCT-1,
CCTCGCCAGCAAATTA-1,
CCTCGCGCTGTGCGAT-1,
CCTCGGACCGGGATAG-1,
CCTCTAATCTGCCAAG-1,
CCTCTGGCCTAGACGG-1,
CCTCTGTACTATTCTA-1,
CCTGAACGATATATTC-1,
CCTGAATATTTACATA-1,
CCTGACCACCGATGGT-1,
CCTGCTATTTGAGAAG-1,
CCTGGCTAGACCCGCC-1,
CCTGGTCGAATGTGGG-1,
CCTGTAAGACATGATA-1,
CCTGTCACCCGGGCTC-1,
CCTGTCGCCCGTAAAT-1,
CCTGTTTGAAGACACG-1,
CCTTCAGTTAAAGTGA-1,
CCTTCGTATAGAATCC-1,
CCTTCTTGATCCAGTG-1,
CCTTGACCACTTTATT-1,
CCTTTAAGGGAGCACT-1,
CCTTTCAATGAAGAAA-1,
CGAAACATAGATGGCA-1,
CGAACAGTATGGGCGT-1,
CGAACCCGCATGCGTC-1,
CGAACGCCCAGTGCCG-1,
CGAAGACTGCCCGGGA-1,
CGAAGTTGCTCTGTGT-1,
CGAATCTGCTCGACGC-1,
CGAATGAAGTCATTGC-1,
CGAATGACGCATAATG-1,
CGACAATTTGATCTAA-1,
CGACACGCTCCGACAG-1,
CGACAGTTCGCGTTAT-1,
CGACATGCGATCTTCT-1,
CGACTCAGGATGTTAT-1,
CGAGACCCTAGAGTGT-1,
CGAGAGATGTGAACCT-1,
CGAGAGCTTTCACTAC-1,
CGAGAGGGTAGCCGCG-1,
CGAGATGTTGCCTATA-1,
CGAGCGTTGATCAGCC-1,1
CGAGCTGGGCTTTAGG-1,
CGAGGCTAAATATGGC-1,
CGAGGGACTGCGGTCG-1,
CGAGGGTATCCAGGTG-1,
CGAGTACTAAAGAGGA-1,
CGAGTGAAGGTACCAG-1,
CGAGTGCTATAGTTCG-1,
CGAGTTCTGTCCCACC-1,
CGAGTTTATCGGACTG-1,
CGATACCTCGCGGACA-1,
CGATATTAGCCGCAGG-1,
CGATCCGACCCAGTGC-1,
CGATTAAATATCTCCT-1,
CGATTCGCCTGGCTGC-1,
CGCAAACACGAGTTAC-1,
CGCAATTACTTTCGGT-1,
CGCAATTAGGGTAATA-1,
CGCAATTCTACAATAA-1,
CGCACATGTCCACTAC-1,
CGCACGTGCGCTATCA-1,
CGCAGAAACATTTGCG-1,
CGCAGGCGATCCAAAC-1,
CGCATCATGGCTTCAG-1,
CGCATGGTGCGATGCT-1,
CGCATTAGCTAATAGG-1,
CGCCATCCGATTATGA-1,
CGCCCAGCACGCCTAG-1,
CGCCCAGCGTTTCACG-1,
CGCCCGCTTCCGTACA-1,
CGCCGCCCATGCCTGT-1,
CGCCGTTCAGCATAGT-1,
CGCCTCCCTCCTCTAT-1,
CGCGAAGTGGCATACT-1,
CGCGACCGCGACAGAT-1,
CGCGCAAATGTCCAGA-1,
CGCGCAAGGAACTACA-1,
CGCGCATGTTTGATTG-1,
CGCGCCCGACTTAATA-1,
CGCGGCTCAACTTGAA-1,
CGCGGGAATTAGGCAG-1,
CGCGTCATATTAAACC-1,
CGCGTGCTATCAACGA-1,
CGCGTTCATGAAATAC-1,
CGCTACCGCCCTATGA-1,
CGCTACGGGACATTTA-1,
CGCTAGAGACCGCTGC-1,
CGCTATACCGCCCACT-1,
CGCTATTCAATGTATG-1,
CGCTATTCTTAGGCTC-1,
CGCTCGACATAATGAT-1,
CGCTCTCCGTAGATTA-1,
CGCTGAGGACGTCCAA-1,1
CGCTGGTGACTACCCT-1,
CGCTGTGACGCCGCAC-1,
CGCTGTGTGGATGTTG-1,
CGCTTCCACTGAAATC-1,
CGCTTCGGTCTAAGAC-1,
CGCTTTCATACCGGTG-1,1
CGCTTTCTTGCATTCG-1,
CGGAAAGAATCAAACG-1,
CGGAACGTAAACATAG-1,
CGGAGCAATTTAATCG-1,
CGGAGCATGGCGATCC-1,
CGGATCCTCAAGGACT-1,
CGGCAAACATCGTGCG-1,
CGGCAATAAGATCGCC-1,
CGGCACTCAAGAAAGT-1,
CGGCAGGGTCGGGTTG-1,
CGGCCACGCACAAAGT-1,
CGGCCAGAGCGACCAT-1,
CGGCGCCATCAATCCC-1,
CGGCTGCAAGATTAAG-1,
CGGCTTTGTATGATAA-1,
CGGGAATATAGTATAC-1,
CGGGAATTTATGTAAA-1,
CGGGAGCTTCAGTGTA-1,
CGGGATCAATGTAAGA-1,
CGGGCAGCTAAACCGC-1,
CGGGCCTTCTTTGTAA-1,
CGGGTGTACCCATTTA-1,
CGGGTTGTAGCTTTGG-1,
CGGTACTAGAATCAAA-1,
CGGTAGAGGTGCAGGT-1,
CGGTCAAGTGGGAACC-1,
CGGTCTATCAACCCGT-1,
CGGTGCAGATAGAACG-1,
CGGTGCGCGTTGGTCC-1,
CGGTGTACTTGATCCC-1,
CGGTTATCCAACAGTG-1,
CGGTTCCGGCTTCTTG-1,
CGGTTGGGCAGGGTCC-1,
CGTAACTTCGACACTT-1,
CGTACCTGATAGGCCT-1,
CGTAGCGAATTGTCAG-1,
CGTAGCGCCGACGTTG-1,
CGTATTAAGAGATCTA-1,
CGTCACGTCCATTGGT-1,
CGTCAGTGCGCACAAG-1,1
CGTCAGTTTATCGTCT-1,
CGTCGCATGTGAGCCA-1,
CGTCGGATAGTGTTGA-1,
CGTCGTCCTTCGCGAA-1,
CGTCTGGAAGGGCCCG-1,
CGTGAAGTTAATTCAC-1,
CGTGACATTGGGTCGT-1,
CGTGACCAGTCCTCTG-1,
CGTGCAGACTGGGACA-1,
CGTGCCCGACATTTGT-1,
CGTGCCCTCCCGAAGA-1,
CGTGCTTCTACCTAAA-1,
CGTGGCCGAATATCTA-1,
CGTGTATGGGAGCTGA-1,
CGTGTCCCATTCGCGA-1,
CGTTAATGTCCCGACG-1,
CGTTCAGACCCGCGAA-1,
CGTTGAATACCGCGCT-1,
CGTTGAGCGACCGTCG-1,
CGTTGCCCGCGTGGGA-1,
CGTTGTCGGCAATTGA-1,
CGTTGTTTCAATTCCC-1,
CGTTTAAGCGGAGCAC-1,
CGTTTCGCTCATTACA-1,
CGTTTGTGTAGAGGGT-1,
CTAAACGGGTGTAATC-1,1
CTAAAGAATGCCTACT-1,
CTAAAGGGAAATAGGA-1,
CTAAAGTCCGAAGCTA-1,
CTAAATCCTATTCCGG-1,
CTAACCGCGCGCCCGT-1,
CTAACGAAACTTGCTG-1,
CTAACTGATAATCGCC-1,
CTAACTGGTCCGGTTC-1,
CTAAGGGAATGATTGG-1,
CTAATTCGCACGCGCT-1,
CTACAAGAAATAACCC-1,
CTACACTAGCTTGTTC-1,1
CTACACTCGCAGATGG-1,
CTACCCTAAGGTCATA-1,
CTACGAACTAGGTCGA-1,
CTACGCACGGAGTACC-1,
CTACGCCATTTCCGAT-1,
CTACGTGTTGCCACCA-1,
CTACTATCATAGGTTT-1,
CTACTATCTTTCAGAG-1,
CTACTCAAGGTATAGT-1,
CTACTGCCACCTGACC-1,
CTAGATAAACTCCTCG-1,
CTAGATTTACGACGGC-1,
CTAGCAACTAATTTAC-1,
CTAGCATAGTATAATG-1,
CTAGGCGCCCTATCAG-1,
CTAGGCGGCAGAGAAT-1,
CTAGGTTCGGACGTGA-1,
CTAGTAGAAAGGGATT-1,
CTAGTATTCGGAATTA-1,
CTAGTCACGTCTTAAG-1,
CTAGTGAAGGACAGGA-1,
CTAGTTACAACCCGGT-1,
CTAGTTGGGCCCGGTA-1,
CTATAAGAGCCAATCG-1,
CTATCGACGAAATACA-1,
CTATCGGGTCTCAACA-1,
CTATGCCCGAATGCAA-1,
CTATGGGAAGCGGAAT-1,
CTATGTCACTAGCCCA-1,
CTATGTCTATTGAAAC-1,
CTATTCATGTGTCCCA-1,
CTATTTGCTTGGAGGA-1,
CTATTTGGTTACGGAT-1,
CTCAACTAACCCGGAT-1,
CTCACATTTACTAAAT-1,
CTCACTGTGATACTTA-1,
CTCAGGACTCACCTGT-1,
CTCAGTCACGACAAAT-1,
CTCATGGCTCACAATC-1,
CTCATTGCTCTAACAA-1,
CTCATTTGATGGGCGG-1,
CTCCGCCCACATGAGG-1,
CTCCGGCCTAATATGC-1,
CTCCTAAGTTATGTCT-1,
CTCCTCCAGCTCACAC-1,
CTCGAGGTCGAACAGT-1,
CTCGCACCTATATAGT-1,
CTCGCCGAATGTAGGG-1,
CTCGGGCATCGTCGGG-1,
CTCGGGTTCTCTGGCC-1,
CTCGGTACCACTGCTC-1,
CTCGGTCCGTAGCCTG-1,
CTCGGTTGTCGGCCCT-1,
CTCGTCGAGGGCTCAT-1,
CTCTAGCCCTCGGAAA-1,
CTCTATTTGGCTGCAG-1,
CTCTCACAATCGATGA-1,
CTCTCGATGTGCGCCT-1,
CTCTCTAACTGCCTAG-1,
CTCTGCGAAGCAAGCA-1,1
CTCTGGACGCCTGGTG-1,
CTCTGTGCCTGCTATG-1,
CTCTGTTTGAGGATTC-1,
CTCTTCTATTGACTGG-1,
CTCTTGTCCCGCTTGG-1,
CTGAAAGAGATCCGAC-1,
CTGAATCCGAGACCTC-1,
CTGCAAATGGGCTCCA-1,
CTGCAAGCACGTTCCG-1,
CTGCACAACTACATAT-1,
CTGCACCTGGAACCGC-1,
CTGCACTCCAGTACAG-1,
CTGCAGAGAATCAGAG-1,
CTGCCAAGGTTGGAAG-1,
CTGCCATGCATCACAT-1,
CTGCCTAGCCACCAAG-1,
CTGCCTTTCTAGTAAA-1,
CTGCGTTACGATATAA-1,
CTGCTGAGGCCACGAA-1,
CTGCTTGGCGATAGCT-1,
CTGGAAATGGATGCTT-1,
CTGGAAGACACGGTGG-1,
CTGGATTTACACTTGA-1,
CTGGCGACATAAGTCC-1,
CTGGCGCACAGGTCTG-1,
CTGGCTCCTGCGGGAT-1,
CTGGCTGATTCATCCT-1,
CTGGCTGCTAACGTAA-1,
CTGGCTGGTTGTCAGT-1,
CTGGGATAAATAATGG-1,
CTGGGATCGCCCAGAT-1,
CTGGGTAGGCAGTTAA-1,
CTGGTAACACATAGAA-1,
CTGGTAACGAGCTCTT-1,
CTGGTCCTAACTTGGC-1,
CTGGTTCAACGCATCA-1,
CTGGTTTCGAGCAAGA-1,
CTGTACTTCTTAGCAT-1,
CTGTAGCCATCTCACT-1,
CTGTATGGTGTAGAAA-1,
CTGTCAAATGGCTCGG-1,
CTGTGCAGGGTAGGTC-1,
CTGTGGTCGGGAGATA-1,
CTGTTACCCAATCTAG-1,
CTGTTCACTGCCTGTG-1,
CTGTTCATCTCACGGG-1,
CTTAACTTCGAAGTAC-1,
CTTACACGGTATTCCA-1,
CTTACACTGGGAAATA-1,
CTTAGCCTTCCACATG-1,
CTTAGTGTAGTAGCAT-1,
CTTCAACTCCACTTGG-1,
CTTCAGTGGTCGCCTA-1,
CTTCATAGCTCAAGAA-1,
CTTCATTGTCAGTGGA-1,
CTTCCGCTCCGTGAAG-1,
CTTCGTAGATAGGTGA-1,
CTTCGTGCCCGCATCG-1,
CTTCTATTAATGCTAG-1,
CTTCTTACGTCGTATA-1,
CTTGACCCGAAAGATA-1,
CTTGAGTTAGGGTAAT-1,
CTTGCCCAGGCTCTAC-1,
CTTGGCCAAGCTGGGA-1,
CTTGTACTTGTTGACT-1,
CTTGTCAACATTCGAG-1,
CTTGTCGTACGTGTCA-1,
CTTGTGAGTCTTTGAC-1,
CTTGTGCTCACCGATT-1,
CTTGTTGCTGAGTCAA-1,
CTTTAACTTTCAAAGG-1,
CTTTAATATTGGTCGA-1,
CTTTACCGAATAGTAG-1,
CTTTAGGAACACTGTT-1,
CTTTAGTGCTATTATT-1,
CTTTCTGTGCGGGCTT-1,
CTTTGCATCGCTCTTG-1,
CTTTGGCTTTAGTAAA-1,
CTTTGGGATTGTTGCA-1,
GAAACAGATGACCACC-1,
GAAACAGCCATGCAGT-1,
GAAACATAGGAAACAG-1,
GAAACCGAATTACCTT-1,
GAAACCTATACAAATG-1,
GAAACTCTAATGAAGG-1,
GAAAGAACAGCGTTAT-1,
GAAAGCAGTGCACTTT-1,
GAAAGTGACTAACTGC-1,
GAAATACCTGCTGGCT-1,
GAAATCGCGCGCAACT-1,
GAAATGGCGGTGTTAG-1,
GAAATTCACATCGCTG-1,1
GAAATTGTCTCTATAA-1,
GAACACACATCAACCA-1,
GAACAGATTACTAAAT-1,
GAACCATCTGGGAGAC-1,
GAACCCTCTGTGTTCT-1,
GAACCTTTAACGATCC-1,
GAACGACCGAATGATA-1,
GAACGTCTCATGGTCG-1,
GAACTGTGGAGAGACA-1,
GAAGAAACGATATTGT-1,
GAAGAACGGTGCAGGT-1,
GAAGACTTCAATGCCG-1,
GAAGCAAGGCAATGTT-1,
GAAGCCACTGATTATG-1,
GAAGCCTGCACATTCC-1,
GAAGCGTGAGGAATTT-1,
GAAGCTCGGACCCGTC-1,
GAAGCTTGCTGACCGC-1,
GAAGGAGTCGAGTGCG-1,
GAAGTCAGTTGCACTA-1,
GAAGTCTCCCTAGCGA-1,
GAAGTGATTTATCGTG-1,
GAAGTGCTGGATAGCT-1,
GAAGTTTCCACTCAAT-1,
GAATAGACGCGACCCA-1,
GAATATTCGGAGTCCC-1,
GAATCGACATGGTCAC-1,
GAATCGCCGGACACGG-1,
GAATCTGAACATTCTC-1,
GAATGCGAATCGGTTC-1,
GAATGTGGTCCGGATT-1,
GAATGTTGGGTAATCT-1,
GAATTATAGTGAAAGG-1,
GAATTCACCCGGGTGT-1,
GAATTTCTCGCTGCAG-1,
GACAAACATATGCAGG-1,
GACAACGACCATTGAA-1,
GACAACGCAGCTTACG-1,
GACACAAGGGAAGAAA-1,
GACACTGAGTTCAGTG-1,
GACAGCCAGACCTGAC-1,
GACATCCGTCGAACTG-1,
GACATCGATTTATAAC-1,
GACCAAACGTTGACTG-1,
GACCACACTTCCCTTT-1,
GACCAGAGCCCTGTAG-1,
GACCAGGTCATTCATA-1,
GACCCAATTATGATAC-1,
GACCCGTCGCCGGCTA-1,
GACCGTCAGGTCGTGA-1,
GACCGTGCTGACGGTG-1,
GACCTTCCACGTCTAC-1,
GACGACGATCCGCGTT-1,
GACGAGGCTAATAAAC-1,
GACGCCGTAAAGGCTA-1,
GACGCCTGTTGCAGGG-1,
GACGCTTGCTTCTAAA-1,
GACGGACCGCGTTCCT-1,
GACGGGATGTCTTATG-1,
GACGGGTTGGCCCGTA-1,
GACGGTCAATAGAAGC-1,
GACGTGAGACTCCATG-1,
GACGTGTAGGGATTAT-1,
GACTAAGATCATGCAC-1,
GACTAAGTAGGCTCAC-1,
GACTACAATTGCTCGT-1,
GACTAGGCCGTTAGGT-1,
GACTCGCGGGAATGAC-1,
GACTGCAAATCGAGCT-1,
GACTGCACCAGCCCAG-1,
GAGAACGGTTCTGACT-1,
GAGACTGATGGGTAGA-1,
GAGACTTCGCGACCGA-1,
GAGAGGGCGCGAGGTT-1,
GAGATCTGCTTGGCAT-1,
GAGATCTGTCACTCCG-1,
GAGATCTTCCATGACA-1,
GAGATGGCTTTAATCA-1,
GAGATGGGAGTCGACA-1,
GAGCACCTGTGTCCAG-1,
GAGCATCATCCCTGGG-1,
GAGCCACGGTAGTAGG-1,1
GAGCCAGCTACCTGTG-1,
GAGCGAGGGAGTACCG-1,1
GAGCGCAAATACTCCG-1,
GAGCGCGCACGAGTAG-1,
GAGCGCTGTTAGGTAA-1,
GAGCGGAATGCGGTGT-1,
GAGCTAAGGGCATATC-1,
GAGCTCAACATGAGCG-1,
GAGCTCTCGGACCTAA-1,
GAGGAATGGAGAGGTT-1,
GAGGAGTAATTCCTAC-1,
GAGGCCCGACTCCGCA-1,
GAGGCCTGTTGATACA-1,
GAGGGCATCGCGTATC-1,
GAGGGCGCAGCTCTGC-1,
GAGGTACATCCATCTT-1,
GAGGTACGCGTGTCCC-1,
GAGTACGGGTATACAA-1,
GAGTAGATACTAGTTG-1,
GAGTATGCCCGCCTTG-1,
GAGTATGCGCGTGCAT-1,
GAGTCAGACCAGAATC-1,
GAGTCCGCTTACCGGA-1,
GAGTGTGCGGTACCCA-1,
GATAAATCGGTGGATG-1,
GATAACTCGCACTGTG-1,
GATAAGGCAGATGCAA-1,
GATACGATGGGAGTCA-1,
GATAGAACCCGCTAGG-1,
GATAGGTAACGTTGAC-1,
GATAGTGCGAGTAAGT-1,
GATATCTCATGCAATA-1,
GATATGAGACACTAAC-1,
GATATGCGGTAGCCAA-1,
GATATTGAGATTGGCG-1,
GATATTTCCTACATGG-1,
GATCATTCCAAACATT-1,
GATCCCTTTATACTGC-1,
GATCCGGGAATTAACA-1,
GATCCTAAATCGGGAC-1,
GATCCTCGACACTGGC-1,
GATCCTCTTGCGCTTA-1,
GATCGACACTATCTGA-1,
GATCGCGGGCTCTCCA-1,
GATCGCTACCCGATTT-1,
GATCGCTATATCTCAG-1,
GATCGGTGGCCATAAC-1,
GATCGTGACTGATATC-1,
GATCTGCTATCTAAGG-1,
GATCTTGGAGGGCATA-1,
GATCTTTGCAGGGTAT-1,
GATGACAAGTAGGGCA-1,
GATGAGGAACCTTCGG-1,
GATGATTTGAAACTGG-1,
GATGCCACACTACAGC-1,
GATGCGTCCTGCATTC-1,
GATGCTACAAGCGCCT-1,
GATGCTGTATTTCATC-1,
GATGGCGCACACATTA-1,
GATGGTGCCCTAGGCA-1,
GATGTCCGGATCACAT-1,
GATGTCGGTCAACTGC-1,
GATGTGTTGTCACAAG-1,
GATGTTCAATCCACGA-1,
GATGTTTGTGCGAGAT-1,
GATTAACCGAAAGCCC-1,
GATTAATCCTGGCTCA-1,
GATTACTGAATTTGGG-1,
GATTCCCTTGTCGCAG-1,
GATTCCGCGTTTCCGT-1,
GATTCGACGGTTCACG-1,
GATTGACACTCTGCTC-1,
GATTGGGAAAGGTTGT-1,
GCAAACCCTACATTAT-1,
GCAAACCTTGGCCATA-1,
GCAAATATTACGCTTT-1,
GCAACAGCAGTATGCG-1,
GCAAGAATTCCTTGGC-1,
GCAAGTGCACAGAGAA-1,
GCAAGTGTAAAGCATG-1,
GCACAAGTGTCGGAAG-1,
GCACACACTGGTAGCC-1,
GCACGCCTACTTAGAT-1,
GCACGTGGTTTACTTA-1,
GCACTAGTCGCGCTAT-1,
GCACTCCCACAGTCCC-1,
GCACTGCCTACCTTTA-1,
GCACTGTGCAAATGTA-1,
GCAGACCCAGCACGTA-1,
GCAGATCCATAAGACT-1,
GCAGATTAGGGATATC-1,
GCAGCACACAGCCCAG-1,
GCAGCGGTGGGCATTA-1,
GCAGGACTATAGAATA-1,
GCAGTGTGGCTATAGG-1,
GCATAGAGCACTCAGG-1,
GCATCCCTAACTTTGA-1,
GCATCGGCCGTGTAGG-1,
GCATGAGGGACGCGGC-1,
GCATGCTAATAACGAT-1,
GCCACAATTTAAGGAC-1,
GCCACTCAGAGCGCGA-1,
GCCAGGAGTAACCGAT-1,
GCCATATTGCACACAG-1,
GCCATCGAGCTGCGTG-1,
GCCATTAGCCTCAAAC-1,
GCCCACCAAGGCTGTC-1,
GCCCAGTTGGTATGCC-1,
GCCCGATCTGTGGTCG-1,
GCCCGCGCGTAAACGG-1,
GCCCGCGCGTTTGACA-1,
GCCCGTAATACCTTCT-1,
GCCCTAGCCGTCGCGA-1,
GCCGAAATTCCTACGT-1,
GCCGATTGGCCAAGCT-1,
GCCGCTTGTGAGAAAC-1,
GCCGGAAACACATCTT-1,
GCCGGGTTAGGGTCGC-1,
GCCGGTTTGGGCGGAT-1,
GCCTAGCGATCTGACC-1,
GCCTATAGTGTCAGGG-1,
GCCTATTCCGATATAG-1,
GCCTATTTGCTACACA-1,
GCCTCATCTGGAAATA-1,
GCCTCCGACAATTCAC-1,
GCCTCTATACATAGCA-1,
GCCTTCAGCCCTACCG-1,
GCGAAACGATCGGGAG-1,
GCGAAACTTAACTGGA-1,
GCGAAGCCATACCCGT-1,
GCGAATGGACTAGCGA-1,
GCGACCCAACCATCTG-1,
GCGACGATAGTTGTAC-1,
GCGACGGTAGTCTCCT-1,
GCGAGGCCCGAGCAGA-1,
GCGAGTTCTGCAAAGA-1,
GCGATTCTGGAAGCAG-1,
GCGATTGTTAACGTTA-1,
GCGCAAATATATTCAA-1,
GCGCAAGAGCGCGCTG-1,
GCGCATCCAGTCAGCA-1,
GCGCCGTTCCACGATA-1,
GCGCGATGGGTCAAGT-1,
GCGCGGTCTAGTAACT-1,
GCGCGTCATTGGTACA-1,
GCGCTAATTGAATAGA-1,
GCGCTATGCCGAGGCA-1,
GCGCTGATCCAGACTC-1,
GCGCTGCTTTGCATTT-1,
GCGCTTAAATAATTGG-1,
GCGGACCGCGTTGTGG-1,
GCGGAGAAACTTCGCA-1,
GCGGAGAGGGAGAACG-1,
GCGGCAAAGTATTGCC-1,
GCGGCTCTGACGTACC-1,
GCGGCTTTAGCAAGTT-1,
GCGGGAACCAGGCCCT-1,
GCGGGCGAGCCTTACC-1,
GCGGTAACCCAAATGA-1,
GCGGTCCCTAGACGCA-1,
GCGGTTCCCTATCATG-1,
GCGTCCAGCTCGTGGC-1,
GCGTCGAAATGTCGGT-1,
GCGTCGCCAGGGTGAT-1,
GCGTCTCTGCATTGGG-1,
GCGTGGTACTGGGTTA-1,
GCGTGTATGTCGTATT-1,
GCTAACTGAAGTCTGA-1,
GCTAAGTAGTTTCTCT-1,
GCTAATACCGAATGCC-1,
GCTACAATCGAGGATA-1,
GCTACACTGTCCGAAC-1,
GCTACGACTTATTGGG-1,
GCTACTATAGTAGAGT-1,
GCTAGACCGTCTACTG-1,
GCTAGAGTAGAGATGT-1,
GCTAGCTTGAATAGCT-1,
GCTAGGCACCACGGAG-1,
GCTAGTAGAGCTTGTA-1,
GCTAGTTTCATTGAGG-1,
GCTATACGTCTCGGAC-1,
GCTATCATACTCATGG-1,
GCTCAATCCGTTTATT-1,
GCTCAATGTAATACCG-1,
GCTCCTGACATACTGG-1,
GCTCGCTCATGTCCAA-1,
GCTCGGAATTTAAAGC-1,
GCTCTAAACCCTGACG-1,
GCTCTATGTTACGTGC-1,
GCTCTCGGGTACCGAA-1,
GCTGAATCTTCCAATC-1,
GCTGAGGCGTGAGTAT-1,
GCTGCACGGTTTCTTA-1,
GCTGCTAAGTAGTCGA-1,
GCTGCTACTGCGTAGC-1,
GCTGCTCTCCGGACAC-1,
GCTGGCGGCGCATGCT-1,
GCTGTATTACTGGCCC-1,
GCTGTTGCTACCGAAC-1,
GCTTAATGTAACTAAC-1,
GCTTATGAAGCAGGAA-1,
GCTTCCGTCCCTAGAC-1,
GCTTGATGATAATCAG-1,
GCTTGGATCGATTAGG-1,
GCTTTCAGAGGAGGTG-1,
GGAAACTAAATGGGCC-1,
GGAAAGGGAATTGAGC-1,
GGAAAGTGCCCATGCC-1,
GGAACCGTGTAAATTG-1,
GGAACCTTGACTCTGC-1,
GGAACTTTGGCGATTA-1,
GGAAGCTCGCTTACAG-1,
GGAATAACCTCAAGAA-1,
GGAATGCGCTAGCGTG-1,
GGACCAACAGGATAAC-1,
GGACCTCTAGGCCGCC-1,
GGACTCGACAGCGCAT-1,
GGAGAAGTCATTGGCA-1,
GGAGACGACACCTTTG-1,
GGAGCAACATTTCAAG-1,
GGAGCACCAAGAACTA-1,
GGAGCGAGGCCTACTT-1,
GGAGGATTGAAAGGAG-1,
GGAGGGCTTGGTTGGC-1,
GGAGGGTCAAGTAAGA-1,
GGAGTGCCGCCCTGGA-1,
GGATACTCATGAATTG-1,1
GGATCAAAGGACGAGG-1,
GGATCCGGAATATACT-1,
GGATGAAGATCGCTGA-1,
GGATGACGCGAGTTTA-1,
GGATGTCCTTACCGCA-1,
GGATTAATCATGGACC-1,
GGATTCAGTACGGTGG-1,
GGATTCCGCTATACCC-1,
GGATTGCTGTGACTCC-1,
GGATTTCACTTCTATA-1,
GGCAAAGGCGCCAATA-1,
GGCAAATTACTTTACT-1,
GGCAAGCCCATAGTGG-1,
GGCAAGGCGAAATAGC-1,
GGCAATAGTCAATGAG-1,
GGCACTCCACTGGGCA-1,
GGCAGCAAACCTATGC-1,
GGCATACAGGTAGCGG-1,
GGCATATCGGTTCTGC-1,
GGCATCAACGAGCACG-1,
GGCCACAAGCGATGGC-1,1
GGCCGGCGTCTGCTAT-1,
GGCCGTTTGGGTTTCA-1,
GGCCTGCTCTGATGTT-1,
GGCCTGCTTCTCCCGA-1,
GGCGAAATCTAACTTG-1,
GGCGAGCATCGAGGAC-1,
GGCGCATGAATTGATG-1,
GGCGCGGAGATCTTTC-1,
GGCGCGTTCGAGTTTA-1,
GGCGCTTCATTCCCTG-1,
GGCGGAGTAATATTAG-1,
GGCGGTAGGATCATTG-1,
GGCGTACCCTATATAA-1,
GGCGTAGGGAAAGCTG-1,
GGCTATTAAGTTGTAT-1,
GGCTCGCGTTGAGGTA-1,
GGCTCGTGCCACCAGC-1,
GGCTCTGCTCCAACGC-1,
GGCTGAAATAGCAAAG-1,
GGCTGGCTAGCTTAAA-1,
GGCTTTCAATAAGGGT-1,
GGGAACCACCTGTTTC-1,
GGGAACGGGAGGTTAG-1,
GGGAAGACGGTCTGTC-1,
GGGAAGGGCTTTCTCA-1,
GGGACAGAGTTACTCC-1,
GGGACCCGTATATCTT-1,
GGGACTGCATAGATAG-1,
GGGAGAACTCACAGTA-1,
GGGAGGATGCCCGAAA-1,
GGGAGTAATGGCTGGC-1,
GGGAGTTAATGAGGCG-1,
GGGATGGTCGTAACCG-1,
GGGATTTACCGCACCT-1,
GGGCAACCGCACGTGC-1,
GGGCAGAGCAATCGTT-1,
GGGCAGTCAACGCCAA-1,
GGGCCCGTCTTAAACA-1,
GGGCCGGCCGAAGTAC-1,
GGGCGATATGTGTGAA-1,
GGGCGGCAAATGAATT-1,
GGGCGGGTTCCCTACG-1,
GGGCGTACATTTATAT-1,
GGGCGTCACCACGTAA-1,
GGGCGTCCACTGGCTC-1,
GGGCGTGGTTTCCCAG-1,
GGGCTATGATCGATGG-1,
GGGCTCATCGAACCCA-1,
GGGCTGCCTAGGGCGA-1,
GGGCTGGTTAGTCGCG-1,
GGGTACCCACGGTCCT-1,
GGGTACTTCATGAACT-1,
GGGTATGTATGCACTT-1,
GGGTATTCTAGCAAAC-1,
GGGTCACCGTGACGGT-1,
GGGTCTATCGCTTTCC-1,
GGGTGACACCTTAACT-1,
GGGTGGTCCAGCCTGT-1,
GGGTGTTTCAGCTATG-1,
GGGTTAACATTTGAGT-1,
GGTAAATGTGCGTTAC-1,
GGTAACCGGGAGGATA-1,
GGTAACTATGTATCTG-1,
GGTACAAACATGCTAT-1,
GGTACCATTAAGACGG-1,
GGTACGTTGCGGCCGG-1,
GGTAGAAGACCGCCTG-1,
GGTAGACCGTTGGGCG-1,
GGTAGTGCTCGCACCA-1,
GGTATTGCCGAGTTTA-1,
GGTCAAGACTACTTCG-1,
GGTCACGTTAGATTCA-1,1
GGTCAGTGGGTCCCAC-1,
GGTCGGCCAGGAGCTT-1,
GGTCGGTAATTAGACA-1,
GGTCGGTCGTCCACAG-1,
GGTCTCCGTCCAGGTT-1,
GGTCTCTGAATGGACT-1,
GGTCTGAGAATCTGGA-1,
GGTCTTGAGCGCTCTT-1,
GGTGAAACCGGGAATG-1,1
GGTGAACGGGCTAGCC-1,
GGTGAAGTACAGGGAT-1,
GGTGAGATGCAGATAA-1,
GGTGATAAGGAGCAGT-1,
GGTGATTTCATCTTGT-1,
GGTGCGGATAAGTGGC-1,
GGTGCTGGTACACATT-1,
GGTGGACTGCTCTGGC-1,
GGTGTAAATCGATTGT-1,
GGTTACCACCCTCGGG-1,
GGTTAGCTATATGTCT-1,
GGTTAGGCTTGGAGAA-1,
GGTTGTATCGTGAAAT-1,
GGTTTACAATCTCAAT-1,
GGTTTAGCCTTTCTTG-1,
GGTTTCAATCGGTCAG-1,
GGTTTGAGTGCTGGAA-1,
GGTTTGTGACCTGAGG-1,
GTAACATCTAAGATAA-1,
GTAACTTGCGGCAGTC-1,
GTAAGCGGGCAGTCAG-1,
GTAAGGATTTGTCGGA-1,
GTAAGTAACAGTCTGG-1,
GTAAGTAGGGTATACC-1,
GTAATCTGATTCTTCG-1,
GTACACTTACCTGAAG-1,
GTACAGAGGCAAGGGT-1,
GTACGAGATTGCGACA-1,
GTACGCTTCATTGCAC-1,
GTACGTTTGCCCGTCA-1,
GTACTAAGATTTGGAG-1,
GTACTGAGGTCGTAAC-1,1
GTACTGCATGAAGCGT-1,
GTACTGGAGTTAGACC-1,
GTACTTGGGCACTTCT-1,
GTAGACAACCGATGAA-1,
GTAGACACGCCTGACT-1,
GTAGACGTCGTTACAT-1,
GTAGAGGGAGACAAGT-1,
GTAGCCAAACATGGGA-1,
GTAGCGCTGTTGTAGT-1,
GTAGCGGCTATACACT-1,
GTAGCTTCCTCTTGTT-1,
GTAGGTGATCCGTGTA-1,
GTAGTCGCGGGAATCA-1,
GTAGTCTACGATATTG-1,
GTATAGGACTCAGTAG-1,
GTATATGTTACGGCGG-1,
GTATCAAACGTTAGCT-1,
GTATCAAGGTACTTCC-1,
GTATCAGCTTGGGTTC-1,
GTATCCTTTGGTAACC-1,
GTATCTCAGTCTTGAC-1,
GTATCTCCCTAACTGT-1,
GTATCTTGTTGCTCAC-1,
GTATCTTTCATAACCA-1,
GTATGACGTGGGAAAC-1,
GTATGTGGGTCTAGTT-1,
GTATTCTGAGAAACGA-1,
GTATTCTTACCGTGCT-1,
GTCAAAGAAGTGGTGT-1,
GTCAACCAGGCCTATA-1,
GTCAAGCGGACTCGGG-1,
GTCAATTGTACTGAAG-1,1
GTCACAAAGTTTCCAA-1,
GTCACTCTCCAAATCT-1,
GTCAGTTGTGCTCGTT-1,
GTCATGCACCTCCGTT-1,
GTCATGCGCGAGGGCT-1,
GTCATGGACATGACTA-1,
GTCATTAGAGCGAACG-1,
GTCCCAACGTAAAGTA-1,
GTCCCGCGACGTTATG-1,
GTCCGGACCTGAAATT-1,
GTCCGGCTGAATTGCG-1,
GTCCGGGTTCACATTA-1,
GTCCTACGAATAGTCT-1,
GTCCTTCTAGTGGGTT-1,
GTCGCCGTTGTGTGTT-1,
GTCGCGTAACCCGTTG-1,
GTCGGATGTAGCGCGC-1,
GTCGGGAAGCAGAAAC-1,
GTCGTACCATCTCGGG-1,
GTCGTCAATTATAAGG-1,
GTCGTTATTCGCTTAT-1,
GTCTAGTGAGCCGCTT-1,
GTCTATCTGAGTTTCT-1,
GTCTATTGCATGCTCG-1,
GTCTATTGGTTCCGGT-1,
GTCTCAAGGCCCGGCT-1,
GTCTCGATCTGCTTTC-1,
GTCTGGGCGGTCGAGA-1,
GTCTTAGTACAGCCGG-1,
GTGAAACGGCGCCACC-1,
GTGAAACGTGCTCCAC-1,
GTGAACTCCCATTCGA-1,
GTGACAGCTTCCCACT-1,
GTGACCGCACACTACG-1,
GTGACGCAGGTTTCAT-1,
GTGACTTCAGTAGTGC-1,
GTGAGGACACTTAAGG-1,
GTGAGGAGCGGTTGAG-1,
GTGAGTGGTACAACGC-1,
GTGATCACTAACGCCT-1,
GTGATCATAGATCTGC-1,
GTGATCCTTGTCATGA-1,
GTGATTCGCCGCTCAA-1,
GTGCAACAAATGTGGC-1,
GTGCACGAAAGTGACT-1,
GTGCCATCACACGGTG-1,
GTGCCCGTTCGGATTC-1,
GTGCCGCTTCAAAGGT-1,
GTGCGAAATCGAACAC-1,
GTGCGACAGGGAGTGT-1,
GTGCGCAGCTTGCTCC-1,
GTGCGCTTACAAATGA-1,
GTGCGGGACCATCGGC-1,1
GTGCGGGTCTCCAAAT-1,
GTGCGTGTATATGAGC-1,
GTGCTATCCAGCTGGA-1,
GTGCTCAAGTACTGTC-1,
GTGGAACCTACATGCG-1,
GTGGACGCATTTGTCC-1,
GTGGACGTGCTGAGAC-1,
GTGGAGCGTTTACCGA-1,
GTGGAGTCGGCGGTTG-1,
GTGGCGGGCCGTAGCT-1,
GTGGGCTTAGACACAC-1,
GTGGGTCTTCTTTGCG-1,
GTGGTATAGTCTGCCG-1,
GTGGTGGCCAAGTGAA-1,
GTGGTTACTTCTTTCG-1,
GTGTACCTTGGCTACG-1,
GTGTATATCAGCGGGC-1,
GTGTATGACTTTAAAG-1,1
GTGTCGTATAGCGTTC-1,
GTGTGAATAACTTAGG-1,
GTGTGAGCCGAGGTGC-1,
GTGTTACTATGCGTCC-1,
GTTAAAGTAGGACTGG-1,
GTTAACATCACTTAAA-1,
GTTAAGGGTGCGATGT-1,
GTTACAATTGGTGACG-1,
GTTACCTACAACTTGC-1,
GTTACGAAATCCACGC-1,
GTTACGGCCCGACTGC-1,
GTTACTTTGGGCCTAG-1,
GTTAGAGTGTGCCGCT-1,
GTTAGGCTACCCGTTT-1,
GTTATAATACGGTGAA-1,
GTTATATTATCTCCCT-1,
GTTATCACCTTCTGAA-1,
GTTCCAAGACAGCGAC-1,
GTTCCAGTCTGACCAT-1,
GTTCGCCATAAGTGCC-1,
GTTCGCTGAGACGTCT-1,
GTTCGGAGCACTCAAC-1,
GTTCGTCTAAAGAACT-1,
GTTCGTTGCGGACCAG-1,
GTTCTTCCCTCGATGT-1,
GTTGAACCGGTTCCAT-1,
GTTGAGTCCCGCCGGT-1,
GTTGCACGGAGTTTCG-1,
GTTGGATTGAGAACAC-1,
GTTGGATTTGCGTTGG-1,
GTTGGTCATGCTATCC-1,
GTTGTCGTGTTAGTTG-1,
GTTTACGTTCCATCTG-1,
GTTTCAAACGAGTTGT-1,
GTTTCCTGGAGGGTGA-1,
GTTTCTGCAGTCTCCC-1,
GTTTGACCAAATCCTA-1,
GTTTGAGCGGTTATGT-1,
GTTTGGCCCAAGTTAT-1,
GTTTGGCCGCTCAGCG-1,
GTTTGGGCTTGTGAGC-1,
GTTTGGGTTTCGCCCG-1,
GTTTGGTAGGGTCAAC-1,
TAAACCCAGGAGGGCA-1,
TAAAGAGCCCGAAACC-1,1
TAAAGCGGTATTTCCA-1,
TAAAGCGTTAGGAGAA-1,
TAAATTGTGGGTAAAG-1,
TAACAAAGGGAGAAGC-1,
TAACATACAATGTGGG-1,
TAACATACACGCGATC-1,
TAACCGCCCGCAGTGC-1,1
TAACCTACCGTCCGAG-1,
TAACCTAGGGAGTCCA-1,
TAACGCTTTGAGAGCG-1,
TAACTATCGAAGGTCC-1,
TAACTATTACGCCAAA-1,
TAACTCATCCGCGCGG-1,
TAAGATTTAGCGGGAG-1,
TAAGGAACTTGTGGGA-1,
TAAGGCAACATAAGAT-1,
TAAGGCATAACATCAA-1,
TAAGGCCCGTCACCCT-1,
TAAGGCTGAATCCCTC-1,
TAAGGGCCTGTCCGAT-1,
TAAGTAACATCTTGAC-1,
TAAGTCGCCGAGTATC-1,
TAAGTTGCGACGTAGG-1,
TAATACACAGTAGTAT-1,
TAATACTAGAACAGAC-1,
TAATAGAACAGAGTTA-1,
TAATAGGTCACCAGAA-1,
TAATAGTGACGACCAG-1,
TAATATTGAAATTCGC-1,
TAATCGATCCGTACGT-1,
TAATTACGTCAGTAGA-1,
TAATTAGATGGATATG-1,
TACAACGCACAACTCA-1,
TACAAGCTGTTCACTG-1,
TACAATGAAACCAGCA-1,
TACAGAAACGGTGGGC-1,
TACATAGGCATACACC-1,
TACATTTCTAACGTGC-1,
TACCAAATAGCCCAGA-1,
TACCAATAAAGTACCA-1,
TACCAGAAGTAGGTTC-1,
TACCAGCTAGGTTTAA-1,
TACCGAATAATTGTAA-1,
TACCGCGGACTTGCAG-1,
TACCGGCTCACTGCCC-1,
TACCGGTCGTTTCCAT-1,
TACCGTAGGTTAACTA-1,
TACCGTGCCTCGGACC-1,
TACCTACTCCCAGTAT-1,
TACCTCACGCTTGTAC-1,1
TACCTCAGTTGTCTGT-1,
TACCTTAAGATTTCCC-1,
TACGAACACGACTTCA-1,
TACGACGCTTGCTGCG-1,
TACGACTGCCTCTTAG-1,
TACGAGAACTTCACGT-1,
TACGATGTTGATCATC-1,
TACGCAGTTCTTTCCT-1,
TACGCCATATTCTAAT-1,
TACGCCGAGGGTACCC-1,
TACGCCTCCATTCCGA-1,
TACGCTCGGTATTGGA-1,
TACGGCATGGACGCTA-1,
TACGGGATGCTAGCAG-1,
TACGTAAAGCGGAGTG-1,
TACGTACTAGTGCTGA-1,
TACGTGCACTATGCTG-1,
TACGTGGGCCCAGGGC-1,
TACTATGGTTCCTCAG-1,
TACTCTCCGAACAAAT-1,
TACTCTTACTTTACTG-1,
TACTCTTTCGTCTTCA-1,
TACTGAACAGATTTAG-1,
TACTTAAACATGTACA-1,
TACTTGTTAGTAGTCC-1,
TACTTTACTGAGCCGG-1,
TAGAAACCACTAAGTA-1,
TAGAAAGGTGGCGCTA-1,
TAGAATAGCCGATGAA-1,
TAGAATTAAGGGCAAC-1,
TAGACGAAACGCCAAT-1,
TAGACGCCCGTACCGG-1,
TAGACTACCTAGCGTT-1,
TAGAGCTACGAAGAAC-1,1
TAGAGGTTCTACTTGT-1,
TAGAGTCTAAGCGAAC-1,
TAGATATGGACTGGAA-1,
TAGATCCGAAGTCGCA-1,
TAGATGGTTCCTTACT-1,
TAGCAGTATGACTAAA-1,
TAGCCATTTCAAAGTC-1,
TAGCCGGCGGTCAGCG-1,
TAGCGTCCGGTGTGGT-1,
TAGCGTTGGGTCTTAC-1,
TAGCTAAGTCCGGGAG-1,
TAGCTAGAAGGCATGA-1,
TAGCTAGTGATGATGG-1,
TAGCTCGCCTGATAAC-1,
TAGGCATGTTACGCCA-1,
TAGGCCTATATAGTCT-1,
TAGGCTAAAGTGGCAC-1,
TAGGGAGCTTGGGATG-1,
TAGGGTGTTTCAAGAG-1,
TAGGTCGCCGGAACTG-1,
TAGGTGACGATAACCT-1,
TAGGTGCTCGCCTAGC-1,
TAGGTGTTCCACAGAT-1,
TAGGTTCGAGTTCGTC-1,
TAGGTTCTGCTGAGAA-1,
TAGTAGCTTATACCAG-1,
TAGTCCGCAGAGAATG-1,
TAGTCGATCACGGGTT-1,
TAGTCTAACAACGAGA-1,
TAGTGAGAAGTGGTTG-1,
TAGTGCCCTCCAGAGT-1,
TAGTTAAGATAGGATA-1,
TAGTTTATTCTTGCTT-1,1
TATAAATCCACAAGCT-1,
TATAAGTGAGGATAGC-1,
TATACACAGACGCCTT-1,
TATACACGCAAAGTAT-1,
TATACGCGTCATCACT-1,
TATAGAGTCGCTTGAA-1,
TATAGATGGTCGCAGT-1,
TATATATCGAGAAATG-1,
TATATCCCTGGGAGGA-1,
TATATTCGCGTCGATA-1,
TATCACAGCACGGGCA-1,
TATCCAATTGGTTATC-1,
TATCCATATCATGCGA-1,
TATCCGCACCGTCGGG-1,
TATCCTATCAACTGGT-1,
TATCCTGCATGGGAAT-1,1
TATCGATCTATGCATA-1,
TATCGATGATTAAACG-1,
TATCTACCACAGCGGG-1,
TATCTTGCAATACAAC-1,
TATGATAAATCTAACG-1,
TATGATCTTCTCTTTA-1,
TATGATTCTGCTTGGT-1,
TATGCTCCCTACTTAC-1,
TATGGAGTTTCTCGTT-1,
TATGGATGTGCTACGC-1,
TATGGCAGACTTTCGA-1,
TATGGGACCGAGCAGG-1,
TATGGGTACGTATCGT-1,
TATGGTCTGAGTAACA-1,
TATGTAAAGTGCTTAA-1,
TATGTCAAGACCGACT-1,
TATGTCTCATTGTGCC-1,
TATTAACCTGACCGCG-1,
TATTACCATCCTGCTT-1,
TATTATGTTTGCCTGC-1,
TATTCAATTCTAATCC-1,
TATTCCACTCAGCTCG-1,
TATTCCGAGCTGTTAT-1,
TATTCCGGCAGTCCTA-1,
TATTCCTCCGCCCACT-1,
TATTCGTGCCAGAATA-1,
TATTTAGTCTAGATCG-1,
TATTTATACCGAGTAG-1,
TATTTGTTACCCTTTA-1,
TCAAACAACCGCGTCG-1,
TCAAACTTAGATTGTT-1,
TCAAATTGTTGTGCCG-1,
TCAAATTTGAGACTCA-1,
TCAACAAAGATAATTC-1,
TCAACACATTGGGTAA-1,
TCAACATAGCGCCCTA-1,
TCAACCATGTTCGGGC-1,
TCAACGAGGAGACAAA-1,
TCAACGCAGGAAATAA-1,
TCAACTGCAGAGTCAG-1,
TCAAGGTTACTACACC-1,
TCAATACGCCGTCATG-1,
TCACAAACCGAGGTAC-1,
TCACAGCAAACTCGAA-1,
TCACAGGAGAATAAGA-1,
TCACAGGGAATCGCAA-1,
TCACAGGTTATTGGGC-1,
TCACCCTCTTAAGATT-1,
TCACCGCTCGGCACTC-1,
TCACGATGTCCGTGGA-1,
TCACGCATTGTAGATC-1,
TCACGGTCATCGCACA-1,
TCACGTGCCCGATTCA-1,
TCACTATCGTGCAATC-1,
TCACTCAGCGCATTAG-1,
TCAGAACCTCCACAGG-1,
TCAGACGCTATAGAAG-1,
TCAGCAAATGCATCTC-1,
TCAGCCAATCCGTAAA-1,
TCAGGGTGTAACGTAA-1,
TCAGGTTCTTTGAGAA-1,
TCAGTACTGACCCGCG-1,
TCAGTAGGGACTATAA-1,
TCAGTGTATACGTCAT-1,
TCATATGAGCTTTGTT-1,
TCATCACTCGAGCTCG-1,
TCATCCCAGAGGGTGG-1,
TCATCGATGGTCCCAA-1,
TCATGCAGGTTCTCAT-1,
TCATTTAAGTCTCCGA-1,
TCATTTAGAAGTGTGA-1,
TCCAACTTTAAATTCT-1,
TCCAAGCCTAGACACA-1,
TCCAATAAAGGCTACC-1,
TCCACAATGGTTTACG-1,
TCCACATCGTATATTG-1,
TCCACCTCTAGCCTTT-1,
TCCACTTTATCTAGGT-1,
TCCAGAGCACCGGTTC-1,
TCCAGGCGAGTACGGT-1,
TCCAGGGTATATACGA-1,
TCCATTAGTTGGATAG-1,
TCCATTGTGACCTCGT-1,
TCCCAAAGACGAAGGA-1,
TCCCACTCTCTTCCGG-1,
TCCCAGCTTTAGTCTG-1,
TCCCAGGCTTAGCTAA-1,
TCCCGCGTACTCCTGG-1,
TCCCGGTCAGGAATTT-1,
TCCCGTCAGTCCCGCA-1,
TCCCGTGTGCAATTTG-1,
TCCCTCCGAAATCGTT-1,
TCCCTCTTCTCAAGGG-1,
TCCCTGGCGTATTAAC-1,
TCCCTTAGATTACTCG-1,
TCCGAGAAGGCTAAGC-1,1
TCCGATAATTGCCATA-1,
TCCGATGACTGAGCTC-1,
TCCGATGGTGCGACAT-1,
TCCGCCTGTCTACAAG-1,
TCCGCGGCAGCATCTG-1,
TCCGCGGCCCAATGAA-1,
TCCGCTGTCATCCCGG-1,
TCCGCTTATCCCATTA-1,
TCCGGCCTAGCGTACA-1,
TCCGGGCTTGACGGGA-1,
TCCGGTTCGTCCGGTC-1,
TCCGTTAAGCTAATAT-1,
TCCGTTTAGCCTTGAA-1,
TCCTAAATTGGGAAGC-1,
TCCTAACCGTCGGGCA-1,
TCCTACATCCACGGCC-1,
TCCTAGCAAAGAAGCT-1,
TCCTCGGGCTGGGCTT-1,
TCCTCTACGAGATGGC-1,
TCCTTACGACGGTCCG-1,
TCCTTCAGTGGTCGAA-1,
TCCTTGTCCTTTAATT-1,
TCCTTTAAATCCGCTT-1,
TCCTTTCTTACGCTTA-1,
TCGAAATTTAGGACCA-1,
TCGAAGAACCGAGCAC-1,
TCGAATATCCCGCAGG-1,
TCGACAACTGAACCCG-1,
TCGAGACCAACACCGT-1,
TCGAGCCAGGCAGGCC-1,
TCGATAGGCTAGTCGC-1,1
TCGCAAAGATGCATTT-1,
TCGCACCAGGAGGCAG-1,
TCGCATAAAGGGCGCA-1,
TCGCATCCCTAAGTGT-1,
TCGCATTCAATGACTT-1,
TCGCCGAAGTTGCGTC-1,
TCGCCGGTCGATCCGT-1,
TCGCGTAGCAGTGTCC-1,
TCGCTAAACCGCTATC-1,
TCGCTACTGGCTTTGA-1,
TCGCTCGATATATTCC-1,
TCGCTGCCAATGCTGT-1,
TCGCTGGGCGGATTGT-1,
TCGCTGTGCGTAAATC-1,
TCGCTTTAAACGTTTG-1,
TCGGAATGACCATCAA-1,
TCGGACGCCCAGCCCA-1,
TCGGAGTACATGAGTA-1,
TCGGCGAACCCAAACC-1,
TCGGCTTGTATCGACG-1,
TCGGGAGACAGCGTAC-1,
TCGGGCACTTCTGGAT-1,
TCGGGCCGTCGTGGTA-1,
TCGGGTGAAACTGCTA-1,
TCGGTCCCGACAATAG-1,
TCGTAAGACGACATTG-1,
TCGTATAGTGCAATTA-1,1
TCGTATTTCGTCCGGA-1,
TCGTCAAGTACGCGCA-1,
TCGTCCGCTGGCGTCT-1,
TCGTCTTAGGCGTTAA-1,
TCGTGTACTATGGATG-1,
TCGTGTTCGACCACAA-1,
TCGTTAGGAGTCCCTA-1,
TCGTTCGTTATTATGT-1,
TCGTTGCTATCCGGTC-1,
TCGTTGGCTCGTCAAT-1,
TCTAATACTGCCTCAG-1,
TCTACCCAATAGAGAG-1,
TCTACCGTCCACAAGC-1,
TCTAGCATCTTCGATG-1,
TCTAGCATGCCCAGAA-1,
TCTAGGTGGCGACGCT-1,
TCTAGTGATATCGTGG-1,
TCTAGTTATCAGAAGA-1,
TCTATAGGTGGGTAAT-1,
TCTATCATGCAGTTAC-1,
TCTATCGGTCGCAACA-1,
TCTATGCTATAACGAC-1,
TCTATTACGCTGGCGA-1,
TCTCATGAGATAGGGT-1,
TCTCCAACGTAGGTTA-1,
TCTCCACAAGTTGAAT-1,
TCTCCCTGGGCAGCGT-1,
TCTCTAATAGCTGGTA-1,
TCTGAACCGGTCGGCT-1,
TCTGAACTCGTACCCG-1,
TCTGAAGCACGTGGTC-1,
TCTGAATTCCGTACAA-1,
TCTGATGTATTCTGTC-1,
TCTGCATACCTTGCTT-1,
TCTGCCAGAAACTGCA-1,
TCTGGGAACCTTTGAA-1,
TCTGGGTAGCGCTCAT-1,
TCTGTCATACAAGAGC-1,
TCTGTGACTGACCGTT-1,
TCTGTGCCATCATAGT-1,
TCTGTGGCTACATTTC-1,
TCTGTTACCCAGCATA-1,
TCTTACAGAGGTACCG-1,
TCTTACCGGAACTCGT-1,
TCTTACTTATGCCTCT-1,
TCTTAGAGTGAACTCT-1,
TCTTATGGGTAGTACC-1,
TCTTCCCATGGGCACA-1,
TCTTCGAATAGACGTT-1,
TCTTCGATACCAATAA-1,
TCTTGATGCGTAGCGA-1,
TCTTGCTCCCGATACT-1,
TCTTGGTAACACCAAA-1,
TCTTTAAGACTATGAA-1,
TCTTTCTCTTAAGGAG-1,
TGAAACCTCAACTCAC-1,
TGAAACTTATGCAAGC-1,
TGAAAGGACCTGACTC-1,
TGAATACCGACGCGTA-1,
TGACATCGAGCGGACC-1,
TGACATGTAACGTGAC-1,
TGACCAAATCTTAAAC-1,
TGACCCAACTCACATT-1,
TGACCCACGTTAGACA-1,
TGACGATGCACTAGAA-1,
TGACTATAATCCTTTC-1,
TGAGAATGCTTTACCG-1,
TGAGAGATTTACCACG-1,
TGAGATCAAATACTCA-1,
TGAGCAGTCGTGAAGT-1,1
TGAGCCATACAGTCTC-1,
TGAGCGGAAAGTGTTC-1,
TGAGCTTTAATGACGC-1,
TGAGGAGTGCCAGCTT-1,
TGAGGTTGATCCCAAG-1,
TGAGTAAATTAGCGTA-1,
TGAGTGCCTCTTAAAT-1,
TGAGTGGTCCGTGACG-1,
TGATACATTTAGCCGT-1,
TGATCGGTTTGACCCT-1,
TGATCTCCGGCGCCAG-1,
TGATGTCAATTAAGTG-1,
TGATTCGTCTATCACT-1,
TGATTCTGTCGCCGGT-1,
TGATTTATTAGCTGTG-1,
TGATTTCCTCCTGACG-1,
TGCAAACCCACATCAA-1,
TGCAACCCATCTGCGG-1,
TGCAAGAATGACGTAA-1,
TGCAATCTAACACGGT-1,
TGCACGAGTCGGCAGC-1,
TGCAGAGTACCGAGCA-1,
TGCAGGATCGGCAAAG-1,
TGCAGTTTCCTCCCAT-1,
TGCATATGTCTGTCAC-1,
TGCATGGATCGGATCT-1,
TGCATGTGGTAATCTA-1,
TGCCAATGGGTACTCT-1,
TGCCACCTGGCGAAAC-1,
TGCCAGTACGTGGAGA-1,
TGCCATTACTAAAGAA-1,
TGCCCGTACCGTTAAA-1,
TGCCGTGGATCGTCCT-1,
TGCCTAATTGAAGATT-1,
TGCCTGATCAAACGAT-1,
TGCCTTGGCCAGGCAA-1,
TGCGACACCCTAGTGC-1,
TGCGACGGCCGAACGT-1,
TGCGAGAATATTACCC-1,
TGCGCAAAGCATTTGG-1,
TGCGCGATTAACGGAG-1,
TGCGGAGTAAAGGTGC-1,
TGCGGCATAGTTCAAC-1,
TGCGGGTATTGGGATC-1,
TGCGGTGAAATTTCAT-1,
TGCGTAAGAACCTGAT-1,
TGCGTTTGTTGACACT-1,
TGCTAAGTGTCTATTT-1,
TGCTATACAAACGGAC-1,
TGCTCCACAGTTCTTA-1,
TGCTCGGCGAAACCCA-1,
TGCTCGGTGGGTCACC-1,
TGCTCTTGAGAGTTTG-1,
TGCTGGTTGGACAATT-1,
TGCTGTTGAAGAACTC-1,
TGCTTAGAGAGAATGC-1,
TGCTTCCCAAGCAGTA-1,
TGGAAGAAGGGAACGT-1,
TGGAAGACGAACACCA-1,
TGGAAGGATAAAGATG-1,
TGGACCAATCTAAGAT-1,
TGGACGCAATCCAGCC-1,
TGGACTGTTCGCTCAA-1,
TGGAGCTAAAGTTCCC-1,
TGGAGTGATGCGATGA-1,
TGGCAAACTAAATTAC-1,
TGGCAACTCGCGCGCC-1,
TGGCAATGGGACGGCG-1,
TGGCAGATTACGATCA-1,
TGGCAGCAGTAATAGT-1,
TGGCCAAACTGAAGTA-1,
TGGCCGTATATTGACC-1,
TGGCGACTGCTCCAAA-1,
TGGCGATCAAGTTATG-1,
TGGCGGTGTGCGATTG-1,1
TGGCTACACTCTACCT-1,
TGGCTATGTGACATAC-1,
TGGCTTTGGGTAGACA-1,
TGGGCACAAACAGAAC-1,1
TGGGCACGTTCTATGG-1,
TGGGCCACAAGAGCGC-1,
TGGGCCCATACTAATT-1,
TGGGCGATACAATAAG-1,
TGGGTAAGGTTCCCGC-1,
TGGTAGAATATATGGG-1,
TGGTATCGCATCCCAA-1,
TGGTATCGGTCTGTAT-1,
TGGTCCCACGCTACGG-1,
TGGTTCAACGGGTAAT-1,
TGGTTCGTAGCAAAGG-1,
TGTAACTTGTCAACCT-1,
TGTACCTACACGAGGG-1,
TGTACGAACAAATCCG-1,
TGTACTGTGCCAAAGT-1,1
TGTAGCCATCCCATTC-1,
TGTAGGAGAAATTTCC-1,
TGTAGTGATCTATAAT-1,
TGTATAACAGATCCTG-1,
TGTATCCTTATTCCAT-1,1
TGTATGGCGCAGACAG-1,
TGTCCACGGCTCAACT-1,
TGTCCCGACATAGCAC-1,
TGTCGTGGGTATAGGC-1,
TGTCTACAGTTTCTGT-1,
TGTGACTACGCCAGTC-1,
TGTGAGACTAGCCCAA-1,
TGTGCCGGTGCCGGAA-1,
TGTGGAGGAAGCTTAA-1,
TGTGGCAAAGCGTATG-1,
TGTGTCGCGAGTTGCA-1,
TGTTATTGTATGTGGC-1,
TGTTCCGCTTCCATGA-1,
TGTTCCGGCCTGAGCT-1,
TGTTCGTATTGCGGTG-1,
TGTTCTTCCATTGACT-1,
TGTTGTCAAGAAGTCT-1,
TGTTTAATACTTCATC-1,
TGTTTCGGTACTTCTC-1,
TTAAACAGAGTCCCGC-1,
TTAAACCGGTAGCGAC-1,
TTAAACTCGAATTCAT-1,
TTAACCAACCCTCCCT-1,
TTAACGTCGCAAGACC-1,
TTAAGATAGGATTGAC-1,
TTAAGCCGACAACTTC-1,
TTAAGCGCCTGACCCA-1,
TTAAGGATACGGAGGT-1,
TTAAGGCCCGTACTTT-1,
TTAAGTATTGTTATCC-1,
TTAATCAGTACGTCAG-1,
TTAATGCGAGGTAACT-1,
TTAATGTAGACCAGGT-1,
TTAATTGCTTTGGGTG-1,
TTAATTTCAGACGCGG-1,
TTACAACTACGCATCC-1,
TTACACGATCTGCGAC-1,
TTACAGACCTAAATGA-1,
TTACATCGTGGCCTGG-1,
TTACATGCCACAACTA-1,
TTACCCATTGCCGGGT-1,
TTACCCTAGGGATTGG-1,
TTACGGATGGTTCGAG-1,
TTACGGTGTCACCGAG-1,1
TTACTAAAGGACTTTA-1,
TTACTCCGGCCGGGAA-1,
TTACTGGGATATTTCA-1,
TTACTGTTTCTCTACG-1,
TTAGAAGAACATGACT-1,
TTAGAATAAGGGTCGG-1,
TTAGACACGATCGTTG-1,
TTAGACGAGTCACCTC-1,
TTAGAGTTTAGAAGGA-1,
TTAGCAACATGGATGT-1,
TTAGCTGATTTGCCGT-1,
TTAGTAAACCTGCTCT-1,
TTAGTTATTCGTGGCA-1,
TTATAGATGCACATTA-1,
TTATAGGTAATTGTCT-1,
TTATATACGCTGTCAC-1,
TTATATTTGGCAATCC-1,
TTATCATACTCGCAAA-1,
TTATCCAATCGAACTC-1,
TTATCCGGGATCTATA-1,
TTATCTGTATCATAAC-1,
TTATGAATGAAAGGGA-1,
TTATGACAAACTGGAT-1,
TTATGATCTTAACGAA-1,
TTATGCGTCCCGGTCC-1,1
TTATTAGAGCGTGTTC-1,
TTATTAGGGAAGCATC-1,1
TTCAAAGTCTCTAGCC-1,
TTCAACGACCCGACCG-1,
TTCAAGCCGAGCTGAG-1,
TTCAATACTCTGAATC-1,
TTCAATTAGCCATAAT-1,
TTCACGAAAGGATCAC-1,
TTCACTCGAGCACCTA-1,
TTCACTTCCTAGAACG-1,
TTCAGAGTAACCTGAC-1,
TTCAGCCCTGGTCCAC-1,
TTCAGCTGGCGTGCCC-1,
TTCATGGCGCAACAGG-1,
TTCCAATCAGAGCTAG-1,
TTCCAATCTGGCTATC-1,
TTCCACACAGATTTGA-1,
TTCCATCGACAGCGTG-1,
TTCCGCGTGAGGCGAT-1,
TTCCGGCCTTGAGGCT-1,
TTCCGGTTACCCACTT-1,
TTCCTCGAGGGTGTCT-1,
TTCCTCGGACTAACCA-1,
TTCGACAGAGCCCGTG-1,
TTCGACGGGAAGGGCG-1,
TTCGCACTCGCGTGCT-1,
TTCGCACTGTACGACA-1,
TTCGCGCGCCATACGA-1,
TTCGGCAACCCGCTGA-1,
TTCGGGACTAATCGCG-1,
TTCGGGCGCTAGTCTT-1,
TTCGGTACTGTAGAGG-1,
TTCGTAATCCCAGCGG-1,
TTCTAACCGAAGCTTA-1,
TTCTACCTTTATGTTG-1,
TTCTACTTGCGAGGGC-1,
TTCTAGAAAGTCTTAT-1,
TTCTAGGCCAATTGTG-1,
TTCTGACCGGGCTCAA-1,
TTCTGCCGCGCCTAGA-1,
TTCTGCGGGTTAGCGG-1,
TTCTTAGTGAACGGTG-1,
TTCTTAGTGGCTCAGA-1,
TTCTTATCCGCTGGGT-1,
TTCTTCCCTTTGATAT-1,
TTCTTGAGCCGCGCTA-1,
TTCTTGGACGATCTGC-1,
TTCTTGGAGTAATGAG-1,
TTCTTGTAACCTAATG-1,
TTGAACGACGTGCTGA-1,
TTGAAGAATTCCCAGG-1,
TTGAATATGGACTTTC-1,
TTGAATTCACGTGAGG-1,
TTGACAGGAGCTCCCG-1,
TTGACCAGGAACAACT-1,
TTGACCATGTTCTCCG-1,
TTGACCGTGTTAATGA-1,
TTGACGATTCAGCACG-1,
TTGACGCTCCATGAGC-1,
TTGACTACCATATGGT-1,
TTGACTATTGTCCGGC-1,
TTGAGAAGTTTAGCAT-1,
TTGAGAGTACTGCTAA-1,
TTGATCTAACTTTGTC-1,
TTGATGTGTAGTCCCG-1,
TTGATTAGCTGTTTCT-1,
TTGATTATGCAGATGA-1,
TTGCACAATTCAGAAA-1,
TTGCACGGAGCAGCAC-1,
TTGCATGCTGATCACG-1,
TTGCCATAGCCCGCTC-1,
TTGCCCTGATCACGGG-1,
TTGCCGCTTTCTAGTA-1,
TTGCGGCATCAGAAAG-1,
TTGCGGCGACTCATGC-1,
TTGCGTCGGCCAACCG-1,
TTGCTAGCTACCAATC-1,
TTGCTCATAGTACGTG-1,
TTGCTCCCATACCGGA-1,
TTGCTGAAGGAACCAC-1,
TTGCTGATCATGTTCG-1,
TTGCTGGCCGGGCTTC-1,
TTGGACCATCTGGCAA-1,
TTGGACCTATAACAGT-1,
TTGGAGTCTCCCTTCT-1,1
TTGGATATCGTCTACG-1,
TTGGATCGACTTCTGG-1,
TTGGATTGGGTACCAC-1,
TTGGCCTAGAATTTCG-1,
TTGGCTCAATATGTGT-1,
TTGGCTCGCATGAGAC-1,
TTGGGAAGACGAGCCG-1,
TTGGGACACTGCCCGC-1,
TTGGGCGGCGGTTGCC-1,
TTGGTCACACTCGTAA-1,
TTGTAAGGACCTAAGT-1,
TTGTAAGGCCAGTTGG-1,
TTGTAATCCGTACTCG-1,
TTGTATCACACAGAAT-1,
TTGTCGTTCAGTTACC-1,
TTGTGAACCTAATCCG-1,
TTGTGCAGCCACGTCA-1,
TTGTGGCCCTGACAGT-1,
TTGTGGTGGTACTAAG-1,
TTGTGTATGCCACCAA-1,
TTGTGTTTCCCGAAAG-1,
TTGTTAGCAAATTCGA-1,
TTGTTCAGTGTGCTAC-1,
TTGTTGTGTGTCAAGA-1,
TTGTTTCACATCCAGG-1,
TTGTTTCATTAGTCTA-1,
TTGTTTGTGTAAATTC-1,
