Barcode,Peribronchium
AAACACCAATAACTGC-1,
AAACAGAGCGACTCCT-1,1
AAACAGCTTTCAGAAG-1,
AAACATGGTGAGAGGA-1,
AAACCACTACACAGAT-1,
AAACCGGGTAGGTACC-1,
AAACCGTTCGTCCAGG-1,
AAACGAAGATGGAGTA-1,
AAACGAGACGGTTGAT-1,
AAACGTGTTCGCCCTA-1,
AAACTAACGTGGCGAC-1,
AAACTCGTGATATAAG-1,
AAACTGCTGGCTCCAA-1,
AAACTTAATTGCACGC-1,
AAACTTGCAAACGTAT-1,
AAAGCTTGCCTACATA-1,
AAAGGCCCTATAATAC-1,
AAAGGTAAGCTGTACC-1,
AAAGTAGCATTGCTCA-1,
AAAGTCGACCCTCAGT-1,
AAATAAGGTAGTGCCC-1,
AAATACCTATAAGCAT-1,
AAATAGCTTAGACTTT-1,
AAATCGCGGAAGGAGT-1,
AAATCTGCCCGCGTCC-1,
AAATGATTCGATCAGC-1,
AAATGGTCAATGTGCC-1,
AAATTAACGGGTAGCT-1,
AAATTACCTATCGATG-1,
AAATTCCAGGTCCAAA-1,
AAATTGATAGTCCTTT-1,
AAATTGGTGAGAAGCA-1,
AACACGAGACGCGGCC-1,
AACAGCTGTGTGGCAA-1,
AACATATCAACTGGTG-1,
AACATCGATACGTCTA-1,
AACATTGAAGTTGATC-1,
AACCAAGACTTCTCTG-1,
AACCATAGGGTTGAAC-1,
AACCCATCCCATGATC-1,
AACCCGATAGGGCTTC-1,
AACCGAGCTTGGTCAT-1,
AACCTTTACGACGTCT-1,
AACGAAAGTCGTCCCA-1,
AACGATATGTCAACTG-1,
AACGCATGATCTGGGT-1,
AACGTGCGAAAGTCTC-1,
AACTCAAGTTAATTGC-1,
AACTCTCAATAGAGCG-1,
AACTCTCAGTGTGCTC-1,
AACTGAGGTCAGCGTC-1,
AACTTTCTCGATCATG-1,
AAGAAATCACCAGATT-1,
AAGACTGCAAGCTACT-1,
AAGAGCTCTTTATCGG-1,
AAGAGGATGTACGCGA-1,
AAGAGGCATGGATCGC-1,
AAGATTGGCGGAACGT-1,
AAGCCGCCGTGAAATC-1,
AAGCCGCTTTACCTTG-1,
AAGCGGAGTGCGCGCA-1,
AAGCGTCCCTCATCGA-1,
AAGCTCGTGCCAAGTC-1,
AAGGATGAGGGACCTC-1,
AAGGCTGTGCTCATCG-1,1
AAGGGAACGACTGGCT-1,
AAGGGACAGATTCTGT-1,
AAGGGACTATGCATTC-1,
AAGGGTTTGATTTCAG-1,
AAGGTATCCTAATATA-1,
AAGTCTAGTAGCTGCC-1,
AAGTCTTCTGTGGCCT-1,1
AAGTGACGACCGAATT-1,
AAGTTCAGTCTGCGTA-1,
AAGTTCGGCCAACAGG-1,
AATAACAACGCTCGGC-1,
AATAGAACAGAGTGGC-1,
AATAGCAAGCCTCCTG-1,
AATAGCTACCGCGTGC-1,
AATATCGAGGGTTCTC-1,
AATCGCCTCAGCGCCA-1,
AATCTAGGTTTACTTG-1,
AATCTATGCCGGAGCC-1,
AATCTCTACTGTGGTT-1,
AATCTGCGTTGGGACG-1,
AATCTGGCTTTCTAGT-1,
AATGACGTAGGATGTC-1,
AATGATGATACGCTAT-1,
AATGATGCGACTCCTG-1,
AATGCACCAAGCAATG-1,
AATGGCCGCCAATGCG-1,
AATGTATGGCACTGTA-1,
AATGTGCCCGAGGTGT-1,
AATTAAAGGTCGGCGT-1,
AATTACGAGACCCATC-1,
AATTCATAAGGGATCT-1,
AATTCTAGAGTTAGGC-1,
AATTGCGTGGATTACA-1,
ACAAACCATGCGTCCT-1,
ACAAATTCAGATCTGA-1,
ACAACAGCATGAGCTA-1,
ACAAGGGCAGGCTCTG-1,
ACAATAGTCGTACGTT-1,
ACAATCCATTTAAACC-1,
ACAATGAATACGGAGA-1,
ACAATGATTCTTCTAC-1,
ACAATTTGAGCAGTGG-1,
ACACAAATATTCCTAG-1,
ACACCACATAATTAGC-1,
ACACCCGTAAATCTGT-1,
ACACCGGTCTGACCGC-1,
ACACGAGACTCCTTCT-1,
ACACGGGAACTTAGGG-1,
ACACTGATCAAGGTGT-1,
ACAGAACTGAGAACAA-1,
ACAGTAATACAACTTG-1,
ACAGTATACCGTGGGA-1,
ACATAAGTCGTGGTGA-1,
ACATCGATCGTTTACC-1,
ACATCGGTCAGCCGCG-1,
ACCAAACACCCAGCGA-1,
ACCAACACCACACACT-1,
ACCACAAGTTTCTATC-1,
ACCACCCTCTCTTCTA-1,
ACCAGTGCCCGGTCAA-1,
ACCATATCCGCAATAA-1,
ACCATCGTATATGGTA-1,
ACCCAACGCCCGTGGC-1,
ACCCATCTTGAGGGTA-1,
ACCCGAGCGAAATTAC-1,
ACCCGGATGACGCATC-1,
ACCCGGTTACACTTCC-1,
ACCCTATGCCATATCG-1,
ACCCTGGTAACGCCCT-1,
ACCCTTGCCTGGGTCG-1,
ACCGAAGAGTCTGGTT-1,
ACCGACTGAGTCCCAC-1,
ACCGATGGTAGCATCG-1,
ACCGGTCAGGTACACC-1,
ACCTCCGTTATTCACC-1,
ACCTCGAACTTATGCT-1,
ACCTGCGTGTCATGTT-1,
ACGAGGATACCACTCT-1,
ACGAGGTTTACAACGT-1,
ACGAGTACGGATGCCC-1,
ACGATACATAGAACTA-1,
ACGATCATACATAGAG-1,
ACGATCATCTTGTAAA-1,
ACGATGCATATGTTAT-1,
ACGCAATCACTACAGC-1,
ACGCATAAATGACATG-1,
ACGCATTCGTGAGTAC-1,
ACGCCGCTAGACGACC-1,
ACGCGAAGTCAGACGA-1,
ACGCGCTACACAGGGT-1,
ACGCGGGCCAAGGACA-1,
ACGCTAGTGATACACT-1,
ACGCTGTGAGGCGTAG-1,1
ACGGAGCGCAAATTAC-1,
ACGGGAGTGTCGGCCC-1,
ACGGGCGTATGCGACA-1,
ACGTAGATTGCTGATG-1,
ACGTCGGGCAACTCGG-1,
ACGTCTCGTTCCGGGA-1,
ACGTGACAAAGTAAGT-1,
ACGTTAATGTCGAAGA-1,
ACGTTAGATTTGCCCG-1,
ACGTTCGCAATCAATT-1,
ACTAAGGACGCACACC-1,
ACTACATCCCGACAAG-1,
ACTATATGCTGTGTTC-1,
ACTATGTCCAGCTGCC-1,
ACTCAATAAAGGCACG-1,
ACTCATGGCAGCCTTC-1,
ACTCCCATTCCTAAAG-1,
ACTCCCGAATTCGTTT-1,
ACTCCCGTAGACTAGG-1,
ACTCCCTAGAATAGTA-1,
ACTCGTCAGTAATCCC-1,
ACTCTCTGACTTAGGT-1,
ACTCTTGTATAGTAAC-1,
ACTGCTCGGAAGGATG-1,
ACTGGCGAACCTGCGT-1,
ACTGTACGATACACAT-1,
ACTGTCTTCTTTAGAA-1,
ACTTATACTTACCCGG-1,
ACTTATTAGGATCGGT-1,
ACTTCCAGTGGAAGCT-1,
ACTTCGCCATACGCAC-1,
ACTTCGCTAGCGAGTG-1,
ACTTGACTCCCTCTTT-1,
ACTTGCTCTATCTACC-1,
ACTTGGGACCCGGTGG-1,1
ACTTGTAGTCCCTTCA-1,
ACTTTACCCTCATGAA-1,
ACTTTCCTATAGCTTC-1,
ACTTTGACTGCATCCT-1,1
AGAACGTGGTACATTC-1,
AGAAGAGCGCCGTTCC-1,
AGAAGGTACACTTCAC-1,
AGAAGGTTGCCGAATT-1,
AGAATGCGGGTTCGGA-1,
AGAATTATGGATTCGA-1,
AGACCAAACCACACCT-1,
AGACCGGGAAACCCTG-1,
AGACGACGATGCCGCT-1,
AGACGGGCCGATTTAA-1,
AGAGAACCGTCTAGGA-1,
AGAGAAGGAGTACAAT-1,
AGAGATCTCTAAAGCG-1,
AGAGCGCTTGTAACGG-1,
AGAGGGACAATTGTCC-1,
AGAGTATAGTGTTACG-1,
AGAGTGAACAGACACC-1,
AGAGTTGCAGGCCTCC-1,
AGATAACTTCAGGGCC-1,
AGATACCAGCACTTCA-1,
AGATACCGGTGTTCAC-1,
AGATCGTGCATAAGAT-1,
AGATCTCAGGTGTGAT-1,
AGATGAGGGTTGCGAT-1,
AGATGATGGAGTCTGG-1,
AGATGCAAGACGTGCA-1,
AGATTATAGGACGTTT-1,
AGATTCACAACCGATA-1,
AGCAACCGAAAGTAAT-1,
AGCACCAGTACTCACG-1,
AGCATCATTTCGAAAG-1,
AGCCACTCCCGTGCTT-1,
AGCCCATACATGTAAG-1,
AGCCCGGCATTAGAGG-1,
AGCCCTTCTAATCCGA-1,
AGCCTAATACCCACGT-1,
AGCCTTGTCACTGATA-1,
AGCGAGACGTGAAGGC-1,
AGCGCGGGTGCCAATG-1,
AGCGGTTGCCGCTCTG-1,
AGCGTGGTATTCTACT-1,
AGCTAGAAGCAGAAGT-1,
AGCTCGTTGATGGAAA-1,
AGCTCTAGACGTTCCA-1,
AGCTCTTCCCAGTGCA-1,
AGCTCTTTACTCAGTT-1,
AGCTGAAGTAAACCAA-1,
AGCTGTAACCTCAATC-1,
AGCTTGATCTTAACTT-1,
AGGACAGTCGAATCCC-1,
AGGACGACCCATTAGA-1,
AGGACGCTCGATGTTG-1,
AGGAGACATCCACAGT-1,
AGGAGAGTCTGGCTAC-1,
AGGATTGCTTACGACA-1,
AGGCAGATGCGTAAAC-1,
AGGCCCTAGAACGCCA-1,
AGGCGTCTATGGACGG-1,
AGGGACCGGCTGCGTT-1,
AGGGAGACATACTTCG-1,
AGGGCGAGCAGCTGAT-1,
AGGGCTGCAGTTACAG-1,
AGGGTCAGTAACCCTA-1,
AGGGTCGATGCGAACT-1,
AGGGTGCTCTCGAGGG-1,
AGGGTGTGCTACACGC-1,
AGGGTTCCCTTTGGTT-1,
AGGGTTTAGTTCGGGA-1,
AGGTAGGTACAAAGCT-1,1
AGGTATAATTGATAGT-1,
AGGTCAGGTGAGAGTG-1,
AGGTCGCGGAGTTACT-1,
AGGTTCTCCTTTCCGG-1,
AGGTTGAGGCACGCTT-1,
AGGTTTCACACACCTT-1,
AGTAATTTGCAAGCGT-1,
AGTACATCATTTATCA-1,
AGTACCTTCGAGTGCT-1,
AGTACGGGCACCTGGC-1,
AGTAGGAAGGAAGTTG-1,
AGTATGCTGGAGACCA-1,
AGTCAACACCACCATC-1,
AGTCCCGCCTTTAATT-1,
AGTCCCTCGCAGAAAG-1,
AGTCGAAACGATTCAG-1,
AGTCGACGGTCTCAAG-1,
AGTCGGCTCAACTTTA-1,
AGTCGTGGGCATTACG-1,
AGTCTAAAGTATACTC-1,
AGTCTCACAAGACTAC-1,
AGTCTTCTCCTCAAAT-1,
AGTGAAGATGGTGTCC-1,
AGTGAGACTTCCAGTA-1,
AGTGAGCCTCGCCGCC-1,
AGTGATTCAAGCAGGA-1,
AGTGCTTGCACGAATA-1,
AGTGGCGGCAATTTGA-1,
AGTGGCTCCGTCGGCC-1,
AGTGTATTGCGCATTG-1,
AGTTAAACACTTGCGA-1,
AGTTAAGTCAACCGCT-1,
AGTTACTCTATCGTGG-1,
AGTTCCTACAGAATTA-1,
AGTTCCTATTTATGTT-1,
AGTTGCGGTCCTCAAC-1,
AGTTTATGTAAAGACA-1,
ATAAACGGACCCGTAA-1,
ATAAATATTAGCAGCT-1,
ATAACGCCGGAGGGTC-1,
ATAACGGAGTCCAACG-1,
ATAACGTTACCTCCAC-1,
ATAAGCAAACACCGAG-1,
ATAAGTACCCGATTGT-1,
ATAAGTAGGATTCAGA-1,
ATAAGTAGGGCGACTC-1,
ATAATAGCTGTTGAAT-1,
ATACCACGGGCAACTT-1,1
ATACCGTCATCCATAA-1,
ATACGCCGGCGAAACC-1,
ATACGGAACGTCGTTT-1,
ATACGGGTTTCGATTG-1,
ATAGACAACGGGACCT-1,
ATAGACGAAGAGAAAG-1,
ATAGAGTTATCAACTT-1,
ATAGGCGGCTATAGAA-1,
ATAGGCTAGCTTCGCA-1,
ATAGGGATATCCTTGA-1,
ATAGGTTGGGCAGATG-1,
ATAGTGAAGCGTTCTC-1,
ATAGTTCCACCCACTC-1,
ATATCAACCTACAGAG-1,
ATATCAATTCCAGCCT-1,
ATATCTCCCTCGTTAA-1,
ATATCTTAGGGCCTTC-1,
ATATGTCTCCCTAGCC-1,
ATATGTGCACAAACCA-1,
ATATTCAGTTAAACCT-1,
ATATTTAACCCTCAAG-1,
ATCAATCTGGGCTGCA-1,
ATCAATGCCGTGGCTG-1,
ATCACATTAGAATATC-1,
ATCAGACGGCACGCCG-1,
ATCAGTAGGCAGGGAT-1,
ATCATCCAATATTTGT-1,
ATCCAATGGAGGGTCC-1,
ATCCACTTTCAGACTA-1,
ATCCAGAGCAACAACC-1,
ATCCAGGATTCGTGAA-1,
ATCCCATCCACAGCGC-1,
ATCCTACCTAAGCTCT-1,
ATCCTGAATCGCTGCG-1,
ATCGACCCAATACAGA-1,
ATCGCTGCGTGCAGCA-1,
ATCGGCAAGCAGTCCA-1,
ATCGTGGAAAGTCTGG-1,
ATCTGCACCTCTGCGA-1,
ATCTGGTTAAGACTGT-1,
ATCTTAGGGCATTAAT-1,
ATCTTGACTTGTCCAA-1,
ATCTTTCGTATAACCA-1,
ATGACGCGTTCTATCC-1,
ATGCACGCGCTGTTCA-1,
ATGCATGATCCAGGAT-1,
ATGCCAATCGCTCTGC-1,
ATGCCGGTCTTGCATA-1,
ATGCCGGTTGATGGGA-1,1
ATGCGACAATTGGTCC-1,
ATGCGACAGTCCCATT-1,
ATGGAAATTTAAGGAG-1,
ATGGAGCAGGCCGTGA-1,
ATGGATCCGGCGTCCG-1,
ATGGATTGACCAAACG-1,
ATGGCAGCATTACGAT-1,
ATGGGTGTATACCTCC-1,
ATGGTATTTACTGATT-1,
ATGGTTACGAAACATG-1,
ATGTAAGGCTGCTCTT-1,
ATGTGAAAGCCTAATG-1,
ATGTGGACATCTTGAT-1,
ATTAATGAACCAGTCG-1,
ATTACGACTCCACAGT-1,
ATTACGCGCTGGCAGG-1,
ATTACGGGCTACGGTT-1,
ATTACTTACTGGGCAT-1,
ATTAGATTCCTCAGCA-1,
ATTAGGCGATGCTTTC-1,
ATTATAGCTACTTTAC-1,
ATTATGAGACCCAATT-1,
ATTATGCTCAGTATTG-1,
ATTCAGGACCTATTTC-1,
ATTCATATACTGTCCA-1,
ATTCCCGAAGGTACAG-1,
ATTCCTAAGACGTGGA-1,
ATTCGACGCCGGGCCT-1,1
ATTCGCAGAGGACACT-1,
ATTGAAGATCTTAGTG-1,
ATTGACCGGCGATGAC-1,
ATTGATCACCACATTT-1,
ATTGATGAGTCCTAAC-1,
ATTGCCTATTAGACCG-1,
ATTGCTGCTCCTCCAT-1,
ATTGGGAGTTCTGTAA-1,
ATTGTACAACTCGGCT-1,
ATTGTGACTTCGCTGC-1,
ATTTACTAAGTCCATT-1,
ATTTCCGGGTTCTGCG-1,
ATTTGCGCGAGTAGCT-1,
ATTTGGAGATTGCGGT-1,
ATTTGTCTTGGGAGCT-1,
CAAAGATTATTGGGCC-1,
CAAAGGTTAAATTCAG-1,
CAAATCTCTCACAAGG-1,
CAAATTGGATTATGCC-1,
CAACACATCTCCTGCC-1,
CAACCTGAACCTGCCA-1,
CAACTCCGTAACTTGC-1,
CAACTGAGGGTATGAC-1,
CAAGAAACCCTAAACT-1,
CAAGACTCAGAAGCGC-1,
CAAGAGGGCGGAGTAC-1,
CAAGCAACGTCGGAGT-1,1
CAAGGATCGCATGTTC-1,
CAAGGTCCTATAGGCT-1,
CAAGTGTGGTTGCAAA-1,
CAATAAACCTTGGCCC-1,
CAATACGCTCTGAGGC-1,
CAATATTCTTGACCTA-1,
CAATGAGGTTCGACTA-1,
CAATGGATCTCTACCA-1,
CAATGTGCCAACCCTT-1,
CAATTAAGGGTGATGA-1,
CAATTGGGCCGCACTC-1,
CAATTTCGTATAAGGG-1,
CACAAGAAAGATATTA-1,
CACAAGCTAAGAAAGG-1,
CACAATGAGCTGCTAT-1,
CACACGCGCTGTCTTA-1,
CACACTTGTATTGCGA-1,
CACAGAGACGAGGACG-1,
CACAGCACCCACGGCA-1,
CACATATTAGCAGGAT-1,
CACATGATTCAGCAAC-1,
CACATTCTTTCGATGG-1,
CACCAATCATCCGTCT-1,
CACCACGCCACACAGA-1,
CACCAGTCAGCATGCA-1,
CACCATGATCGCAAAG-1,
CACCCAAATCTTATGT-1,
CACCCACGAGGCAATT-1,
CACCCGGTTTGTGACT-1,
CACCCTTGGTGAGACC-1,
CACCGCCAGAAGGTTT-1,
CACCGCGTCCACTCTA-1,
CACCGGTAGAGACATT-1,
CACCGTTAGGGATCAC-1,
CACCTTGCGAAACTCG-1,
CACGACGTAATAGTAA-1,1
CACGCACAGCGCAGCT-1,
CACGCAGCGAGGCTTT-1,1
CACGGACGTGGATGGC-1,
CACGGCGCGCCAAAGG-1,
CACGTTCGTGCTCTAG-1,
CACTCAAGAGCTATGG-1,
CACTCCTATGTAAGAT-1,
CACTTAATCAGACGGA-1,
CAGACCTGTAAGTGTT-1,
CAGACGAACCTGATAC-1,
CAGAGACGGTCACCCA-1,
CAGAGCATGAGCTTGC-1,
CAGATATGAAGATGAC-1,
CAGATCATTTAAAGTC-1,
CAGATCCTGGTTTGAA-1,
CAGATGTTTGTCCCAA-1,
CAGCAGCCCGTTCCTT-1,
CAGCCTCCTGCAGAGG-1,
CAGCCTCTCCTCAAGA-1,
CAGCGATTCCCTTCAA-1,
CAGCTCACTGAGACAT-1,
CAGCTCGACAAGTTAA-1,
CAGCTGGCGTAACCGT-1,
CAGGATATATCGTTGT-1,
CAGGCCGTTTGGGTGT-1,
CAGGCGCACGGTGGTC-1,
CAGGTTTAGTACTACA-1,
CAGTAACTATTTATTG-1,
CAGTACATTCTCTAAA-1,
CAGTAGCCCACGCGGT-1,
CAGTCCAACGCCTTCT-1,
CAGTCGAGGATGCAAT-1,
CAGTCTGTATACTGGG-1,
CAGTGAATAAATGACT-1,
CAGTTCAAATTGACAC-1,1
CATAACGGACAGTCGT-1,
CATAAGCTCTCCGTCT-1,
CATACACAAAGTCAGC-1,
CATACCCGTACCCAGT-1,
CATACGGCGTCTGGGC-1,
CATAGCGTTGCCCACC-1,
CATATACTACTGATAA-1,
CATATGTCAGGCTACG-1,
CATCAAACTGGCGCCC-1,
CATCCAATATAGTTTG-1,
CATCTACCCGAGAACG-1,
CATCTATCCCGTGTCT-1,
CATCTTACACCACCTC-1,
CATGCCAACTCGCAAA-1,
CATGCGACCAGTTTAA-1,
CATGGAAATGGGACCA-1,
CATGGGTCGGGTGTGG-1,
CATGGTAAGTAGCGTT-1,
CATGGTATTAGTTTGT-1,
CATGGTCTAGATACCG-1,
CATGTAGGAGCGCCAA-1,
CATTACATAGATTGTG-1,
CATTCCCATTCCGTCG-1,
CATTGATGAACACGCC-1,
CATTGCGGGTCAATTC-1,
CATTTAGCGGACCATG-1,
CCAAGAAAGTGGGCGA-1,
CCAAGCGTAACTCGTA-1,
CCAATAGTGCCGTCGA-1,
CCAATGTCACAGCAAG-1,
CCAATTACGGGTCGAG-1,
CCACAATGTACGTCTT-1,
CCACACTGAGATATTA-1,
CCACATGGCTCTTTAT-1,
CCACCCAAGGAAAGTG-1,
CCACGGTGCCCGGTAG-1,
CCACTATCCGGGTCAC-1,
CCACTGGTGGCTGGTT-1,
CCAGAAAGCAACTCAT-1,
CCAGATAGTTGAGTGA-1,
CCAGATGTAAATGGGT-1,
CCAGCCTGGACCAATA-1,
CCAGCGGGATCACCAG-1,
CCAGCTGATGGTACTT-1,
CCAGTAGTCTGATCCA-1,
CCAGTCAAATCTCTTA-1,
CCAGTCTAGACGGCGC-1,
CCATAACCTGTGCAGT-1,
CCATACCTTTACTTGT-1,
CCATAGAGGCTGCCAG-1,
CCATCTCACCAGTGAA-1,
CCATTAGCGATAATCC-1,
CCATTCCCTGCCCACA-1,
CCATTGTTTCCTCCAT-1,
CCCAAACATGCTGCTC-1,
CCCAACATACGTCGCG-1,
CCCAATTTCACAACTT-1,
CCCAGAGGAGGGCGTA-1,
CCCAGTAAACTTGGGA-1,
CCCAGTTAAGGCGCCG-1,
CCCGCAGCGCGAACTA-1,
CCCGGTGTATCGGAAT-1,
CCCGTAAGTCTAGGCC-1,
CCCGTAGCTGGGAAGA-1,
CCCTATGTAGAGCAGA-1,
CCCTGAAATGAGTTGA-1,
CCCTGACTAACAAATT-1,
CCCTGCCCAATCCGCT-1,
CCCTTTGACAGGTCTT-1,
CCGAACACTGGGCCTC-1,
CCGAAGGGCGTACCGC-1,
CCGACGGGCATGAGGT-1,
CCGACGTAAACACAAC-1,1
CCGAGCTGTGCTTGTC-1,
CCGATCTCAACCTTAT-1,
CCGATCTTAAGAGGCT-1,
CCGATTCGAGGGACCC-1,1
CCGCACAAAGACCAAC-1,
CCGCCGGAACTTCTCG-1,
CCGCCTGCGAATTGGT-1,
CCGCCTTGCGATGTCG-1,
CCGCGATTTGGTAGGT-1,1
CCGCGGAATGCGTCAC-1,
CCGCTATCAGCACCAG-1,
CCGCTTGCTGACATGG-1,
CCGGAGGTCTTATGGT-1,
CCGGCACGACCGTTTC-1,
CCGGCCGCGAGCATAT-1,
CCGGGCGGTCTCGTCA-1,
CCGGGCTGCTCCATAC-1,
CCGGGTTCGAGGTTAC-1,
CCGGTTTGTAATTGTG-1,
CCGTAAGTTGGTCCCA-1,
CCGTATCTCGTCGTAG-1,
CCGTATTAGCGCAGTT-1,
CCGTCAACCTCTGGCG-1,
CCGTGGAACGATCCAA-1,
CCGTTACGTTAGAACA-1,
CCGTTCCGAATCTCGG-1,
CCTAAATTAACGGTTC-1,
CCTAACTAAGGCTCTA-1,
CCTACAAGTCCGGAAT-1,
CCTACTGCGGCGGCCA-1,
CCTAGGCGTAGCGATC-1,
CCTAGGTAAAGGTAGC-1,
CCTATACCGTCCTGTC-1,
CCTATGGCTCCTAGTG-1,
CCTATGGGTTACCGTC-1,
CCTCACCTGAGGGAGC-1,
CCTCACCTTAGCATCG-1,
CCTCCGACAATTCAAG-1,
CCTCCTAGCTAGAGTC-1,
CCTCGCGCGATATAGG-1,
CCTCGGACCGGGATAG-1,
CCTCGTTACGCCTGTT-1,
CCTCTAATCTGCCAAG-1,
CCTCTATCGATTAGCA-1,
CCTCTCTCCCATCTAG-1,
CCTGAACGATATATTC-1,
CCTGAATATTTACATA-1,
CCTGACCACCGATGGT-1,
CCTGTAAGACATGATA-1,
CCTGTACTCACGCCCA-1,
CCTGTCACCCGGGCTC-1,
CCTGTCCCTCACGTTA-1,
CCTGTCGCCCGTAAAT-1,
CCTGTCGTGTATGAAG-1,
CCTTCTCAGCGTTCCT-1,
CCTTTCAATGAAGAAA-1,
CCTTTGAATTATGGCT-1,
CGAAACGCAATTCATG-1,
CGAACATAGTCAGAAA-1,
CGAAGCTATAAATTCA-1,
CGAAGGGTTTCAGATT-1,
CGAAGTTGCTCTGTGT-1,
CGAATCTGCTCGACGC-1,
CGAATGAAGTCATTGC-1,
CGACACCGCTTAAGGA-1,
CGACACGGATGCCCAC-1,
CGACAGTTCGCGTTAT-1,
CGACTCAGGATGTTAT-1,
CGACTCGGTACACGGT-1,
CGACTTTGTATAGCCT-1,
CGAGACCCTAGAGTGT-1,
CGAGAGATGTGAACCT-1,
CGAGGAGCTTCCATAT-1,
CGAGGATCGGGAACGA-1,
CGAGGCTAAATATGGC-1,
CGAGGGACTGCGGTCG-1,
CGAGTACTAAAGAGGA-1,
CGAGTGAAGGTACCAG-1,
CGAGTTCTGTCCCACC-1,
CGAGTTTATCGGACTG-1,
CGATAACCAATTTGAG-1,
CGATACCTCGCGGACA-1,
CGATAGCGATACAGTG-1,
CGATCATTAGAGGCAC-1,
CGATCCGACCCAGTGC-1,
CGATCTGTTGGAGGAC-1,
CGATGGACCCTACGCC-1,
CGATGTTGTTATCTAC-1,
CGCACATGTCCACTAC-1,
CGCAGATCTTCACCCG-1,
CGCATCCATCAGCCAG-1,
CGCATGGTGCGATGCT-1,
CGCATTAGCTAATAGG-1,
CGCCAAGAAGCCGAGT-1,1
CGCCATCCGATTATGA-1,
CGCCCTAATTGTTCAA-1,
CGCCGCCCATGCCTGT-1,
CGCCGGTGTCGCAGTA-1,
CGCCTCCCTCCTCTAT-1,
CGCCTGGCCTACGTAA-1,
CGCGAGAGGGACTTGT-1,
CGCGAGTCTGCCGGGT-1,
CGCGCAAATGTCCAGA-1,
CGCGCATGTTTGATTG-1,
CGCGCCCGACTTAATA-1,1
CGCGGGAATTAGGCAG-1,
CGCGGTAAGTCTAGCT-1,
CGCGGTCACAAACCAA-1,
CGCGTACATTCTGGAA-1,
CGCGTGGGCCTGTGTT-1,
CGCTACGGGACATTTA-1,
CGCTATCGTGGCTTTA-1,
CGCTATTCTTAGGCTC-1,
CGCTCTCCGTAGATTA-1,1
CGCTTATTCCCGGTCG-1,
CGCTTTCTTGCATTCG-1,
CGGACGTTACTTGAAG-1,
CGGAGCATGGCGATCC-1,
CGGCAGGGTCGGGTTG-1,
CGGCCACGCACAAAGT-1,
CGGCCCAACCTGTAGT-1,
CGGGAAGTACCGTGGC-1,
CGGGAATTTATGTAAA-1,
CGGGCCTTCTTTGTAA-1,
CGGGCTACTTAAATTG-1,
CGGGTGTACCCATTTA-1,
CGGGTTCGGCACGTAT-1,
CGGTACGGCAAACCCA-1,
CGGTACTAGAATCAAA-1,
CGGTAGAGGTGCAGGT-1,
CGGTCAAGTGGGAACC-1,
CGGTCCATGAGACTCC-1,
CGGTCTATCAACCCGT-1,
CGGTGCAGATAGAACG-1,
CGGTGGGCTCCAGCCT-1,
CGGTTATCCAACAGTG-1,
CGGTTCAAGTAGGTGT-1,
CGGTTGACCTGGCATA-1,
CGGTTTACTGAACATT-1,
CGGTTTATGAAGGAAC-1,
CGTACCTGATAGGCCT-1,
CGTATTAAGAGATCTA-1,
CGTATTGTTTCCTAAT-1,
CGTATTGTTTGGCGCC-1,
CGTCAAATGGTCGCAG-1,
CGTCGCTTGGTTATAC-1,
CGTCGGATAGTGTTGA-1,
CGTCGGGTCTAAGCGC-1,
CGTCTCTCGCCGAGGC-1,
CGTGAAGTTAATTCAC-1,
CGTGCAGACTGGGACA-1,
CGTGCATTGTCGACGC-1,
CGTGCCCTCCCGAAGA-1,
CGTGCTTCTACCTAAA-1,
CGTGTGTTAAACCCTG-1,
CGTTCTTCGCACACCT-1,
CGTTGAGCGACCGTCG-1,
CGTTGAGTAATTGCGT-1,
CGTTGTAAGATTGATT-1,
CGTTGTTTCAATTCCC-1,
CGTTTACAAGGCAGCT-1,
CGTTTCACTTCGGGCG-1,
CGTTTGTGTAGAGGGT-1,
CTAAAGAATGCCTACT-1,
CTAAAGGGAAATAGGA-1,
CTAAATCCTATTCCGG-1,
CTAACAGCACAATAAC-1,
CTAACCGCGCGCCCGT-1,
CTAACGAAACTTGCTG-1,
CTAAGGGAATGATTGG-1,
CTAATTATGAAGCGTA-1,
CTAATTCTCAGATATT-1,
CTACATATCGCGGGAC-1,
CTACCCTAAGGTCATA-1,
CTACGACTAGCTATAA-1,
CTACGCACGGAGTACC-1,
CTACTATCATAGGTTT-1,
CTACTATCTTTCAGAG-1,
CTACTGCCACCTGACC-1,
CTAGACATATATGTAG-1,
CTAGATGTGAGTGTAA-1,
CTAGATTTACGACGGC-1,
CTAGCATAGTATAATG-1,
CTAGCCGATGTTATGA-1,
CTAGGTCTGAAGGAAT-1,
CTAGTCACGTCTTAAG-1,
CTAGTGAAGGACAGGA-1,
CTAGTTGGGCCCGGTA-1,
CTATAAGAGCCAATCG-1,
CTATCGGGTCTCAACA-1,
CTATGTCACTAGCCCA-1,
CTATGTGAGTCACGGC-1,
CTATTGTGTTTGGTCA-1,
CTATTTGGTTACGGAT-1,
CTCAAGACATTAGCGC-1,
CTCACACGCAAGCCTA-1,
CTCACCGATCCAAACT-1,
CTCACTTGGCTGGTAA-1,
CTCAGATTGTGATAAG-1,
CTCAGTCACGACAAAT-1,
CTCATCACTTAGTGAT-1,
CTCATGGTAATTTGCG-1,
CTCATTAACGTTGCCC-1,
CTCCCTCCTTTCGATC-1,
CTCCGAGTAAATCCGC-1,
CTCCGCCCACATGAGG-1,
CTCCTTTACGCAAGTC-1,
CTCGAGACATACGATA-1,
CTCGAGGTCGAACAGT-1,
CTCGATATTTGCGAGC-1,
CTCGCACCTATATAGT-1,
CTCGGGATAACACCTA-1,
CTCGGGTTCTCTGGCC-1,
CTCGGTACCACTGCTC-1,
CTCGGTTGTCGGCCCT-1,
CTCGTCGAGGGCTCAT-1,
CTCGTTTCTAATGTTT-1,
CTCTAATGCATTGATC-1,
CTCTACACTGGCGATT-1,
CTCTATTTGGCTGCAG-1,
CTCTCACAATCGATGA-1,
CTCTCTAACTGCCTAG-1,
CTCTGGACGCCTGGTG-1,
CTGAAACGGCCCTCAG-1,
CTGAATTTATTGCCAG-1,
CTGACTGCGCAGCTCG-1,
CTGAGCGAGACTTATT-1,
CTGCACCTAGTCCACA-1,
CTGCCAAGGTTGGAAG-1,
CTGCCATGCATCACAT-1,
CTGCCTCATATGCAAC-1,
CTGCCTTTAATACCTT-1,
CTGCGTTACGATATAA-1,
CTGCTTTATGTCCGCG-1,
CTGGAAATGGATGCTT-1,
CTGGACGCAGTCCGGC-1,
CTGGATTTACACTTGA-1,
CTGGCGCACAGGTCTG-1,
CTGGGATAAATAATGG-1,
CTGGGCTATCCTTTGG-1,
CTGGGTAGGCAGTTAA-1,
CTGGGTTGAGTTAAAG-1,
CTGGTAACACATAGAA-1,
CTGGTAACGAGCTCTT-1,
CTGGTGAATGGGCCTA-1,
CTGTACTTCTTAGCAT-1,
CTGTCAAATGGCTCGG-1,
CTGTGCAGGGTAGGTC-1,
CTGTTACCCAATCTAG-1,
CTGTTGTTCAGTCGTA-1,
CTTAAGCAGCGAGCCG-1,
CTTACACGGTATTCCA-1,
CTTAGCCTTCCACATG-1,
CTTAGGTATAGACCAG-1,
CTTAGGTCCCAATCGT-1,
CTTAGTAGGCCTACAG-1,
CTTATGCGCTCAGGGC-1,
CTTCAGTGGTCGCCTA-1,
CTTCATTGTCAGTGGA-1,
CTTCGTAGATAGGTGA-1,
CTTCTATTAATGCTAG-1,
CTTGAGTTAGGGTAAT-1,
CTTGCAACCGCCTCCT-1,
CTTGTGCTCACCGATT-1,
CTTGTTGCTGAGTCAA-1,
CTTTAACTTTCAAAGG-1,
CTTTAGGAACACTGTT-1,
CTTTAGTGCTATTATT-1,
CTTTGGCAGACAGAGT-1,
CTTTGGCTTTAGTAAA-1,1
CTTTGTCGAATGCTCC-1,
GAAACAGATGACCACC-1,
GAAACATAGGAAACAG-1,
GAAACCATGGTGCGCT-1,
GAAAGAACAGCGTTAT-1,
GAAATATGCTTGAATG-1,
GAAATGGCGGTGTTAG-1,
GAAATTAGCACGGATA-1,
GAACATTAGTATGTTA-1,
GAACCTCGACCTACAC-1,
GAACGATAAGTTAAAG-1,
GAACGGTGTAAAGCAG-1,1
GAACGTCTCATGGTCG-1,
GAACTTGTGCACGGGA-1,
GAAGAAACGATATTGT-1,
GAAGCGTGAGGAATTT-1,
GAAGCTCGGACCCGTC-1,
GAAGGCTACCATTGTT-1,
GAAGTCTCCCTAGCGA-1,
GAAGTGATTTATCGTG-1,
GAATAGCCCTGCGGTC-1,
GAATCTGAACATTCTC-1,
GAATGAAGGTCTTCAG-1,
GAATGGGCTTATCGAC-1,
GAATGTATGGCAGGTC-1,1
GAATGTGGTCCGGATT-1,
GAATGTTGGGTAATCT-1,
GAATTATAGTGAAAGG-1,
GAATTATGCAACCTAC-1,
GAATTCACCCGGGTGT-1,
GACAACGACCATTGAA-1,
GACACAAGGGAAGAAA-1,
GACACTGAGTTCAGTG-1,
GACAGATTTCTGGCTC-1,
GACAGCCAGACCTGAC-1,
GACAGGCACACACTAT-1,
GACATCGATTTATAAC-1,
GACCAGAGCCCTGTAG-1,
GACCCAATTATGATAC-1,
GACCGATTAAATATGT-1,
GACCGTGCTGACGGTG-1,
GACGCTTGCTTCTAAA-1,
GACGGTCAATAGAAGC-1,
GACGTTCGTAAATACA-1,
GACTCCCAGAATAAGG-1,
GACTCCTTCCAATTGA-1,
GACTCGCGGGAATGAC-1,
GACTCGGTCGGCGGAT-1,
GAGACCCTGCAACGCC-1,
GAGACTGATGGGTAGA-1,
GAGAGGGCGCGAGGTT-1,
GAGAGGTGCATTCTGG-1,
GAGATCGATCTTACTC-1,
GAGATCTGCTTGGCAT-1,
GAGATCTGTCACTCCG-1,
GAGATCTTCCATGACA-1,
GAGATGACAATCCTTA-1,
GAGCCGAGCGTTTATT-1,
GAGCGCTGTTAGGTAA-1,
GAGCTAAGGGCATATC-1,
GAGCTGTCGTCTCGGA-1,
GAGGCATTTGCAGCAG-1,
GAGGCCCGACTCCGCA-1,
GAGGCTATCAAAGTCG-1,
GAGGGCCATAATATTA-1,
GAGGGCCGGCAGAGTC-1,
GAGGGCGCAGCTCTGC-1,
GAGTCCGCTTACCGGA-1,
GAGTGCACGGACAACA-1,
GAGTTCTGTGGGTGCT-1,
GAGTTGATGGCAATTT-1,
GAGTTGTCACCAGTCT-1,
GATAACTCGCACTGTG-1,
GATAGGTAACGTTGAC-1,
GATATCAAGCAGGAGC-1,
GATATGAGACACTAAC-1,
GATATGCGGTAGCCAA-1,
GATATTGAGATTGGCG-1,
GATATTTCCTACATGG-1,
GATCATTCCAAACATT-1,
GATCCCTTTATACTGC-1,
GATCCGGGAATTAACA-1,
GATCCTAAATCGGGAC-1,
GATCGCGGGCTCTCCA-1,
GATCGCTATATCTCAG-1,
GATCGGATAGAACCAT-1,
GATCGGTGGCCATAAC-1,
GATCGTGACTGATATC-1,
GATCTAACCGTATTCA-1,
GATCTTAGTGAACGTG-1,
GATCTTGGAGGGCATA-1,
GATCTTTGCAGGGTAT-1,
GATCTTTGCTCAAAGA-1,
GATGACAAGTAGGGCA-1,
GATGACGATGATCGCG-1,
GATGCCTTCTGCGGCA-1,
GATGCGTCCTGCATTC-1,
GATGCTGTATTTCATC-1,
GATGGTGAAATAACCC-1,
GATGTAACGAACCACC-1,
GATGTTCAATCCACGA-1,
GATTACTGAATTTGGG-1,
GATTCCCTTGTCGCAG-1,
GATTCGACGGTTCACG-1,
GATTGCTCCAGTTGCA-1,
GATTTAGTGCGTACTG-1,
GCAAACGTAAGCGACC-1,
GCAAAGGGCGTTAGCC-1,
GCAAATATTACGCTTT-1,
GCAAATGAGGACACTT-1,
GCAACACACTAGAACT-1,
GCAACCACCAGACCGG-1,
GCAACCACGGCCGCGT-1,
GCAAGAATTCCTTGGC-1,
GCAAGATGTGTTCGCG-1,
GCAAGCTGGAAACCGC-1,
GCAATTAGTCGCACCG-1,
GCACAAACCCTAGATG-1,
GCACAACCTCGGGCGT-1,
GCACGCCTACTTAGAT-1,
GCAGAAACGTAATCCA-1,
GCAGATTAGGGATATC-1,
GCAGCACACAGCCCAG-1,
GCAGCCTATATCACAT-1,
GCAGCTATGGACAGGT-1,
GCAGGAACTTAGATCT-1,
GCAGGACTATAGAATA-1,
GCAGGTAGAGTATGGT-1,
GCATAAATTGAACGCC-1,
GCATACGAGGTCTTTA-1,
GCATAGAGCACTCAGG-1,
GCATGAGGGACGCGGC-1,
GCATGGGTACTGACGC-1,
GCATTCAAGGCAACGC-1,
GCATTGTAATTCATAT-1,
GCATTTCCAAGGCTCC-1,
GCCAACCATTTCCGGA-1,
GCCAATAGGGCATCTC-1,
GCCACAATTTAAGGAC-1,
GCCAGGAGTAACCGAT-1,
GCCATATTGCACACAG-1,
GCCATCGAGCTGCGTG-1,
GCCATCGATGCTGCAT-1,
GCCATTAGCCTCAAAC-1,
GCCCACTGGTCCACAA-1,
GCCCGTAATACCTTCT-1,
GCCCTAGCCGTCGCGA-1,
GCCGAAATTCCTACGT-1,
GCCGATTGGCCAAGCT-1,
GCCGCTTGTGAGAAAC-1,
GCCGGGTTAGGGTCGC-1,
GCCTATAGTGTCAGGG-1,
GCCTATGCTGGGCCTT-1,
GCCTGCTACACTGAGA-1,
GCCTTTGTCAGTGGAC-1,
GCGAAACTTAACTGGA-1,
GCGAAGCCATACCCGT-1,
GCGACATGTAAACATC-1,
GCGACCCAACCATCTG-1,
GCGACGATAGTTGTAC-1,
GCGAGAGGCCATGTAA-1,
GCGAGAGTTGCGTCCA-1,
GCGAGGCCCGAGCAGA-1,
GCGAGTTCTGCAAAGA-1,
GCGATTGTTAACGTTA-1,
GCGCAAATATATTCAA-1,
GCGCATCCAGTCAGCA-1,
GCGCCGTTCCACGATA-1,
GCGCTAATTGAATAGA-1,
GCGCTATGCCGAGGCA-1,
GCGCTGATCCAGACTC-1,
GCGCTGCTTTGCATTT-1,
GCGGACCGCGTTGTGG-1,
GCGGAGAAACTTCGCA-1,
GCGGCAAAGTATTGCC-1,
GCGGCTCTGACGTACC-1,
GCGGGCATTACGATGC-1,
GCGGTCCCGGTGAAGG-1,
GCGGTGAACTGCGCTC-1,
GCGTAAATGGCCATAA-1,
GCGTCTAACCTCCTAA-1,
GCGTCTCTGCATTGGG-1,
GCGTGGTACTGGGTTA-1,
GCGTTCGGAGACCGGG-1,
GCTAAGTAGTTTCTCT-1,
GCTACAGTACGGACCG-1,
GCTACGACTTATTGGG-1,
GCTAGCAGGGAGTGGG-1,
GCTAGCGATAGGTCTT-1,
GCTAGCTTGAATAGCT-1,
GCTAGTAGAGCTTGTA-1,
GCTCAATCCGTTTATT-1,
GCTCCTGACATACTGG-1,
GCTCGGAATTTAAAGC-1,
GCTCTCGGGTACCGAA-1,
GCTGAAGGGTTCTTGG-1,
GCTGAATCTTCCAATC-1,
GCTGAGGCGTGAGTAT-1,
GCTGCACGGTTTCTTA-1,
GCTGCTCTCCGGACAC-1,
GCTGGACCCAAAGTGG-1,
GCTGGTGACTCGTAGT-1,
GCTGTTGCTACCGAAC-1,
GCTTAATGTAACTAAC-1,
GCTTACGTAGTTAGTA-1,
GCTTAGGGAAGCGGTA-1,
GCTTATGAAGCAGGAA-1,
GCTTCAGTGGGATTAC-1,
GCTTCCGTCCCTAGAC-1,
GCTTCGACGTTCAATC-1,
GCTTGCAGCACAATTG-1,
GCTTGGATCGATTAGG-1,
GCTTTCAGAGGAGGTG-1,
GCTTTCTATCTCAACT-1,
GCTTTGCTGCCGGGTA-1,
GGAAACCTTGTTGAAT-1,
GGAAAGTGCCCATGCC-1,
GGAACCTTGACTCTGC-1,
GGAAGATAAGACTGTA-1,
GGAATGCGCTAGCGTG-1,
GGACCTACGGTAACGT-1,
GGACCTCTAGGCCGCC-1,
GGACGTCCATAGTTGG-1,
GGAGACCAATGTGCTT-1,
GGAGACCATCTACATA-1,
GGAGACGACACCTTTG-1,
GGAGCACCAAGAACTA-1,
GGAGGGCTTGGTTGGC-1,
GGATCAGAGCCATCAG-1,
GGATCATCCCGTACGC-1,
GGATCCGGAATATACT-1,
GGATCTTGACTCAACC-1,
GGATGACGCGAGTTTA-1,
GGATGCTGGCGTTCCT-1,
GGATGTCCTTACCGCA-1,
GGATTCCGCTATACCC-1,1
GGATTTCACTTCTATA-1,
GGCAAAGGCGCCAATA-1,
GGCAAATTACTTTACT-1,
GGCAAGCCAGGGATAG-1,
GGCAAGGCGAAATAGC-1,
GGCAATAGTCAATGAG-1,
GGCACTCCACTGGGCA-1,
GGCAGCGGTAATCCTA-1,
GGCATACAGGTAGCGG-1,
GGCCCAATCTAGAGGG-1,
GGCCCAGTTATCAGCA-1,
GGCCCGGAGCATGTCT-1,
GGCCCGTATACCATGC-1,
GGCCCTCACCCACTTA-1,1
GGCGAAATCTAACTTG-1,
GGCGAACCGTTCTGAT-1,
GGCGAGCGAAACGGCA-1,
GGCGCAGGACATCTTC-1,
GGCGCATGAATTGATG-1,
GGCGCGTTCGAGTTTA-1,
GGCGGAGTAATATTAG-1,
GGCGGTAGGATCATTG-1,
GGCTAAAGGGCGGGTC-1,
GGCTAATGATTGAAAT-1,
GGCTATTAAGTTGTAT-1,
GGCTCCTCCACCTGTT-1,
GGCTCGCGTTGAGGTA-1,
GGCTCTGCTCCAACGC-1,
GGGAACGGGAGGTTAG-1,
GGGAATGAGCCCTCAC-1,
GGGACAGAGTTACTCC-1,
GGGACTGCATAGATAG-1,
GGGAGAACTCACAGTA-1,
GGGAGGATGCCCGAAA-1,
GGGAGTTAATGAGGCG-1,
GGGATCCCAATACAAA-1,
GGGATGGACCCGCGTC-1,
GGGCAACCGCACGTGC-1,
GGGCACTATTGACCAT-1,
GGGCAGGATTTCTGTG-1,
GGGCCATTCGTGCTGG-1,
GGGCCCGTCTTAAACA-1,
GGGCCCTACGAAAGGG-1,
GGGCCGGCCGAAGTAC-1,
GGGCCTAAATGGGCTA-1,
GGGCCTATACAACCGG-1,1
GGGCCTATTTAAGTAT-1,
GGGCGATATGTGTGAA-1,
GGGCGATCCATAGGCC-1,
GGGCGCAGCGTTACTC-1,
GGGCGGGTTCCCTACG-1,
GGGCGTTTACATTCAT-1,
GGGCTACTATTTCGTG-1,
GGGCTCATCGAACCCA-1,
GGGCTGCCTAGGGCGA-1,
GGGCTGGTTAGTCGCG-1,
GGGTACTTCATGAACT-1,
GGGTATTCTAGCAAAC-1,
GGGTCACTGAGTAGTG-1,
GGGTCGTGGCAAGTGT-1,
GGGTGACACCTTAACT-1,
GGGTGCATATGAAAGC-1,
GGTAACCGGGAGGATA-1,
GGTACAAACATGCTAT-1,
GGTACACCAGATTTAT-1,
GGTACATCTGGGACGA-1,
GGTACCATTAAGACGG-1,
GGTAGTGCTCGCACCA-1,
GGTATAGTGACACATA-1,
GGTCAGTGGGTCCCAC-1,
GGTCATTGTAGTCATA-1,
GGTCGGATAAACGGCG-1,
GGTCGGCCAGGAGCTT-1,
GGTCTCTGAATGGACT-1,
GGTCTGAGAATCTGGA-1,
GGTGATAAGGAGCAGT-1,
GGTGCAGAGCCTATCG-1,
GGTGCTGGTACACATT-1,
GGTGGACCACGTGTTA-1,1
GGTTACCCGACACTTT-1,
GGTTCCCTAGTGTCTC-1,
GGTTCGATGCTGAGTT-1,
GGTTCGGATTATACTA-1,1
GGTTTAATTGAGCAGG-1,
GGTTTACAATCTCAAT-1,
GGTTTCAATCGGTCAG-1,
GGTTTGACAAGAAGCT-1,
GGTTTGCGAACACGTA-1,
GTAACAACTGACCTTG-1,
GTAACATCAGCTCATC-1,
GTAAGTAACAGTCTGG-1,
GTAATAAAGGGCTCCC-1,
GTAATCTGATTCTTCG-1,
GTACACTTACCTGAAG-1,
GTACAGAGGCAAGGGT-1,
GTACGCTTCATTGCAC-1,
GTACGTCACGTATTAA-1,
GTACGTTTGCCCGTCA-1,
GTACTAAGATTTGGAG-1,
GTACTCCCTTATCGCT-1,1
GTACTCCTGGGTATGC-1,
GTACTGGAGTTAGACC-1,
GTAGCGGCTATACACT-1,
GTAGCTTCCTCTTGTT-1,
GTAGTTAGACAATATA-1,
GTATCTCAGTCTTGAC-1,
GTATCTTTCATAACCA-1,
GTATGAAATTTCACTC-1,
GTATGTGGGTCTAGTT-1,
GTATTAGGGTTCGCGT-1,
GTCAAAGAAGTGGTGT-1,
GTCAAGCGGACTCGGG-1,
GTCAATGCTATAATTT-1,
GTCACTCATGAGCGAT-1,
GTCATGCACCTCCGTT-1,
GTCATGGACATGACTA-1,
GTCATTAGAGCGAACG-1,
GTCCCAACGTAAAGTA-1,
GTCCCAATCATCCCGC-1,
GTCCGGCTGAATTGCG-1,
GTCCTACTCTACGGGC-1,
GTCCTAGGATACCTTA-1,
GTCCTTTAATGACTTC-1,1
GTCGCCGTTGTGTGTT-1,
GTCGCGTAACCCGTTG-1,
GTCGGAAGGATACCAG-1,
GTCGGATATCTCAGAC-1,
GTCGGGAACATGGTAG-1,
GTCGTACCATCTCGGG-1,
GTCGTATTGGCGTACA-1,
GTCGTCTGGTTGGCTA-1,
GTCGTGTCTGGTCATC-1,
GTCGTTATTCGCTTAT-1,
GTCTAAGATGCCCAGC-1,
GTCTACTCAATTACAA-1,
GTCTATCTGAGTTTCT-1,
GTCTCCTGCCAGTATG-1,
GTCTCGACTAAGTTTG-1,
GTCTCGATCTGCTTTC-1,
GTGAAACGGCGCCACC-1,
GTGAACTCCCATTCGA-1,
GTGAAGATTTCAAGTG-1,
GTGAAGCCGTATAGTC-1,
GTGACCGCACACTACG-1,
GTGACCTAAAGAATAA-1,
GTGACGAGGGTGACCC-1,
GTGAGGACACTTAAGG-1,
GTGCCATCACACGGTG-1,
GTGCCCGTTCGGATTC-1,
GTGCCGCTTCAAAGGT-1,
GTGCGACAGGGAGTGT-1,
GTGCGTGTATATGAGC-1,
GTGGAGCGTTTACCGA-1,
GTGGAGTCGGCGGTTG-1,
GTGGCCGGTTTCTCGG-1,
GTGGCGGTCCCAGCGT-1,
GTGGTATAGTCTGCCG-1,
GTGGTTACTTCTTTCG-1,
GTGGTTTCCGCCTTTC-1,
GTGTACCTTGGCTACG-1,
GTGTCGTATTCACCTT-1,
GTGTGAATAACTTAGG-1,
GTGTTACTATGCGTCC-1,
GTTAAGTTAGAGTGGG-1,
GTTACAATTGGTGACG-1,
GTTACCTACAACTTGC-1,
GTTAGCCGTAAATCAA-1,
GTTAGGCTACCCGTTT-1,
GTTATATCAGGAGCCA-1,
GTTATATTATCTCCCT-1,
GTTCATCGTTTGGCTG-1,
GTTCGCCATAAGTGCC-1,
GTTCGGGCGTACCATT-1,
GTTCGTCTGGGTCCCT-1,
GTTGAACCGGTTCCAT-1,
GTTGGACCGCATCAGG-1,
GTTGGATTCAGTGGCT-1,
GTTGGATTGAGAACAC-1,
GTTGGATTTGCGTTGG-1,
GTTGTTACATTGCGCT-1,
GTTTACGTTCCATCTG-1,
GTTTCATATCGTCGCT-1,
GTTTCTGCAGTCTCCC-1,
GTTTGACCAAATCCTA-1,
GTTTGGCCCAAGTTAT-1,
GTTTGGCGTCAGGCAC-1,
GTTTGTTAGCCAAGTA-1,
TAAACCCAGGAGGGCA-1,
TAAAGCGTTAGGAGAA-1,
TAAAGCTGCAATAGGG-1,
TAAATCTTTACACCTC-1,
TAAATGCCGTCTCATG-1,
TAACATACAATGTGGG-1,
TAACATACACGCGATC-1,
TAACCTACCGTCCGAG-1,
TAACTATTACGCCAAA-1,
TAACTCATCCGCGCGG-1,
TAAGAGGGACAGGGAC-1,
TAAGCCCTTACGACCA-1,
TAAGCGCGAATCAAAT-1,
TAAGGCAACATAAGAT-1,
TAAGTAACATCTTGAC-1,
TAAGTCGCCGAGTATC-1,
TAATAAACAAGGAGAT-1,
TAATAGCTAAATGATG-1,
TAATAGGTCACCAGAA-1,
TAATAGTGACGACCAG-1,
TAATCGATCCGTACGT-1,
TAATTGCGCTGATTAC-1,
TAATTGGAATCGGGAA-1,
TAATTTCCGTCCAGTA-1,
TACAACGCACAACTCA-1,
TACACCGTCGTTAGTC-1,
TACATAGGCATACACC-1,
TACATCCCTATCCCTG-1,
TACATTTCTAACGTGC-1,
TACCGCGGACTTGCAG-1,
TACCGGCTCACTGCCC-1,
TACCTATCCCTAGAGG-1,
TACGAACACGACTTCA-1,
TACGACTGCCTCTTAG-1,
TACGAGAACTTCACGT-1,
TACGATGTTGATCATC-1,
TACGCAGTTCTTTCCT-1,
TACGCCATATTCTAAT-1,
TACGCCGAGGGTACCC-1,
TACGCTATAGAAACCT-1,
TACGGGATGCTAGCAG-1,
TACGTTTACCGGCAAT-1,
TACTCTCCGAACAAAT-1,
TACTGAACAGATTTAG-1,
TACTGAGGGAAGAAAG-1,
TACTGCAATCAATTAC-1,
TACTTGTTAGTAGTCC-1,
TACTTTACTGAGCCGG-1,
TAGAAAGGTGGCGCTA-1,
TAGACGCCCGTACCGG-1,
TAGAGATCATGCAACT-1,
TAGAGTCTAAGCGAAC-1,
TAGATATGGACTGGAA-1,
TAGCAGTAAATACGCG-1,
TAGCCGGCGGTCAGCG-1,
TAGCGTTGGGTCTTAC-1,
TAGCTAAGTCCGGGAG-1,
TAGCTAGAAGGCATGA-1,
TAGCTCAGATCCTAGT-1,
TAGCTCGCCTGATAAC-1,
TAGCTGATGTGAAGCG-1,
TAGGCATGTTACGCCA-1,
TAGGCGATGAGGTCTC-1,
TAGGCGGCTGCAAAGA-1,
TAGGGAGCTTGGGATG-1,
TAGGTCGCCGGAACTG-1,
TAGGTGCTCGCCTAGC-1,
TAGGTTCGAGTTCGTC-1,
TAGTACCACAACTTTC-1,
TAGTCCGCAGAGAATG-1,
TAGTCTAACAACGAGA-1,
TAGTCTGTGACGTTGC-1,
TAGTGCCCTCCAGAGT-1,
TAGTTTGATCGGTCGC-1,
TATACACAGACGCCTT-1,
TATATATCGAGAAATG-1,
TATATCCCTGGGAGGA-1,
TATATTACAAATGTCG-1,
TATCACCCAACCGACC-1,
TATCACTTCGAGTAAC-1,
TATCAGTGGCGTAGTC-1,
TATCCATCTCGGTTAG-1,
TATCGATCTATGCATA-1,
TATCTACCACAGCGGG-1,
TATCTGAGCCGATATT-1,
TATCTTGCAATACAAC-1,
TATGATCCGGCACGCC-1,
TATGCTCCCTACTTAC-1,
TATGGCTAGGCTAATT-1,
TATGGGACCGAGCAGG-1,
TATGGGTACGTATCGT-1,
TATGGTCTGAGTAACA-1,
TATGTCAAGACCGACT-1,
TATGTCTCATTGTGCC-1,
TATTAACACCAAAGCA-1,
TATTACCATCCTGCTT-1,
TATTATGTTTGCCTGC-1,
TATTCAATTCTAATCC-1,
TATTCCACTCAGCTCG-1,
TATTCGTGCCAGAATA-1,
TATTGACATTTCTGCC-1,
TCAAACTTAGATTGTT-1,
TCAACAAAGATAATTC-1,
TCAACGCGACCGGCAG-1,
TCAAGAAATACTAGCT-1,
TCAAGCTGCCTTGAAA-1,
TCACAGCAAACTCGAA-1,
TCACAGGTTATTGGGC-1,
TCACCCTCTTAAGATT-1,
TCACCGCTCGGCACTC-1,
TCACGATGTCCGTGGA-1,
TCACGCATTGTAGATC-1,
TCACGGCCCAAGAGAG-1,
TCACGTGCCCGATTCA-1,
TCACTACGACCAATGC-1,
TCACTCGTGCAACGGC-1,
TCAGAACCTCCACAGG-1,
TCAGATGGAGACGTAG-1,
TCAGCAAATGCATCTC-1,
TCAGGGTGTAACGTAA-1,
TCAGGTTCTTTGAGAA-1,
TCAGTGTATACGTCAT-1,
TCATCGATGGTCCCAA-1,
TCATGCAGGTTCTCAT-1,
TCATTCGTATAATTTG-1,
TCATTTAAGTCTCCGA-1,
TCCAACTTTAAATTCT-1,
TCCACTTTATCTAGGT-1,
TCCAGAGCACCGGTTC-1,
TCCAGATGTACGCCAA-1,
TCCAGGCGAGTACGGT-1,
TCCATCAATACTAATC-1,
TCCATTCCCACTAGAG-1,
TCCCAAACAGACAACG-1,
TCCCAAAGACGAAGGA-1,
TCCCACTCTCTTCCGG-1,
TCCCAGCTTTAGTCTG-1,
TCCCAGGCTTAGCTAA-1,
TCCCGCCTATGTGCGT-1,
TCCCGCGTACTCCTGG-1,
TCCCGGGTGTGCTGCT-1,1
TCCCGTCAGTCCCGCA-1,
TCCCGTCGCGTCATAG-1,
TCCCGTGTGCAATTTG-1,
TCCCTAGATCAATAGG-1,
TCCCTGGCGTATTAAC-1,
TCCCTTAGATTACTCG-1,
TCCGAAGTAGTCACCA-1,
TCCGAATGGTCCTGAG-1,
TCCGATGACTGAGCTC-1,
TCCGCGGCAGCATCTG-1,
TCCGCTGGGTCGATCG-1,
TCCGGAGGAAGGGCTG-1,
TCCGGCCTAGCGTACA-1,
TCCGGTTCGTCCGGTC-1,
TCCGTTTAGCCTTGAA-1,
TCCTAGCAAAGAAGCT-1,
TCCTCCTAAGACATTC-1,
TCCTCGGGCTGGGCTT-1,
TCCTGCGTTGATACTC-1,
TCCTGGCGCTGCCTGG-1,
TCCTTTCTTACGCTTA-1,
TCGAAATTTAGGACCA-1,
TCGAATATCCCGCAGG-1,
TCGACAACTGAACCCG-1,
TCGAGACCAACACCGT-1,
TCGAGCCAGGCAGGCC-1,
TCGAGTCTACGATTCG-1,
TCGCCCAACTGACTCC-1,
TCGCCGAAGTTGCGTC-1,
TCGCGCGTTTACATGA-1,
TCGCTAAACCGCTATC-1,
TCGCTCGATATATTCC-1,
TCGCTCGGCACCAGCG-1,
TCGCTGGGCGGATTGT-1,
TCGCTTAATTACGAAG-1,
TCGCTTTAAACGTTTG-1,
TCGGACGCCCAGCCCA-1,
TCGGAGAGTATCGGGA-1,
TCGGAGTACATGAGTA-1,
TCGGAGTCCTGGTTGC-1,
TCGGATCTGGATGACC-1,
TCGGCGGTATTAGATT-1,
TCGGGAACGTGCCTAG-1,
TCGGGATTCAAACATA-1,1
TCGGGCCGTCGTGGTA-1,
TCGGTCCCGACAATAG-1,
TCGGTGACCGCTCCGG-1,
TCGTAAGACGACATTG-1,
TCGTAAGCTCCGAGGA-1,
TCGTATTACCCATTGC-1,1
TCGTCAAGTACGCGCA-1,
TCGTCCGGGTACACTC-1,
TCGTGTCACGCTGACA-1,
TCTAAAGAACAGTCTC-1,
TCTAATACTGCCTCAG-1,
TCTACCGTCCACAAGC-1,
TCTACGGGCTCAGTTG-1,
TCTAGCATGCCCAGAA-1,
TCTAGGTGGCGACGCT-1,
TCTATTACTAGAGGAT-1,
TCTCCAACGTAGGTTA-1,1
TCTGAATTCCGTACAA-1,
TCTGACGGGCTAACCC-1,
TCTGATCGGGTGCTAG-1,
TCTGCACCATTAGTAA-1,
TCTGCCAGAAACTGCA-1,
TCTGCGAATCGTTCGC-1,
TCTGGGTAGCGCTCAT-1,
TCTGTGATGGAGGTTG-1,
TCTGTGCCATCATAGT-1,
TCTGTTACCCAGCATA-1,
TCTTACCGGAACTCGT-1,
TCTTCCCATGGGCACA-1,
TCTTCGAATAGACGTT-1,
TCTTCGATACCAATAA-1,
TCTTGATGCGTAGCGA-1,
TCTTTAAGACTATGAA-1,
TCTTTAGCAGGCGAAC-1,
TCTTTCATCCGTCCTT-1,
TGAAAGGACCTGACTC-1,
TGAATATGCTATAAAC-1,
TGAATGAGATACAGCA-1,
TGAATTTCACTTGCCT-1,
TGACACTTCTCTTTGC-1,
TGACAGAAATCTTGCT-1,
TGACAGGACAAGTCCA-1,
TGACATCGAGCGGACC-1,
TGACCCACGTTAGACA-1,
TGACGAATATTTCCCT-1,
TGACGATGCACTAGAA-1,
TGACTATAATCCTTTC-1,
TGACTCCGAATCATAC-1,
TGAGACGTACCTCTCA-1,1
TGAGAGATTTACCACG-1,
TGAGATTAGGCCCTAA-1,
TGAGCCATACAGTCTC-1,
TGAGCTTTAATGACGC-1,
TGAGGCATGTACTGTG-1,
TGAGTAAATTAGCGTA-1,
TGAGTGCCTCTTAAAT-1,
TGAGTGGTCCGTGACG-1,
TGATACATTTAGCCGT-1,
TGATCAGGGAACTGCT-1,
TGATCCCAGCATTAGT-1,
TGATCGGTTTGACCCT-1,
TGATCTACGCTGATCT-1,
TGATGCTCACGTAGTC-1,
TGATGGCTGTTTCTGA-1,
TGATTATGGCACGCAG-1,
TGATTCGTCTATCACT-1,1
TGATTTATTAGCTGTG-1,
TGCAAGAATGACGTAA-1,
TGCAATTTGGGCACGG-1,
TGCACAGTGAAGTTAT-1,1
TGCAGAACTATATCGT-1,
TGCAGAGTACCGAGCA-1,
TGCAGATCGTCCTAGG-1,
TGCAGCTACGTACTTC-1,
TGCAGGATCGGCAAAG-1,
TGCAGTGAGGCTCGGG-1,
TGCAGTGGTAGGGAAC-1,
TGCAGTTTCCTCCCAT-1,
TGCATATGTCTGTCAC-1,
TGCATCTCCGGATCTT-1,
TGCATGTGGTAATCTA-1,
TGCCAAAGTCAGACTT-1,
TGCCACACTAGAGGAA-1,
TGCCACCTGGCGAAAC-1,
TGCCATTACTAAAGAA-1,
TGCCCGTACCGTTAAA-1,
TGCCGAAAGCGTATTC-1,
TGCCGTTCTTAATCGG-1,
TGCGACGGCCGAACGT-1,
TGCGAGATGGCGGCCA-1,
TGCGAGCCCTTCCGCG-1,1
TGCGCAAAGCATTTGG-1,
TGCGGAGTAAAGGTGC-1,
TGCGTAAGAACCTGAT-1,
TGCGTCATGACTGAGC-1,
TGCGTTTGTTGACACT-1,
TGCTCTGCCGGTTCAC-1,
TGCTGCGTCAGAGTTA-1,
TGCTGTTGAAGAACTC-1,
TGCTTAGAGAGAATGC-1,
TGGAACCACTGACACA-1,
TGGAAGAAGGGAACGT-1,
TGGAATATCCTTGACC-1,
TGGACGCAATCCAGCC-1,
TGGACTGTTCGCTCAA-1,
TGGAGGGAAACACCTC-1,
TGGCAACTCGCGCGCC-1,
TGGCAGCAGTAATAGT-1,
TGGCATGAAGTTTGGG-1,
TGGCCAAACTGAAGTA-1,
TGGCGATCAAGTTATG-1,
TGGCTCTTGTCGCGTA-1,
TGGCTTATGTATAATG-1,
TGGCTTGTACAAGCTT-1,
TGGGATGCACTCATTC-1,
TGGGTGGGATGTCATT-1,
TGGTAAGCAGGATTGA-1,
TGGTCGTGCAAGGCAA-1,
TGGTCTGTTGGGCGTA-1,
TGGTTAACTTACATTT-1,
TGGTTAAGGGCGCTGG-1,
TGGTTTAAACGTGGGT-1,
TGTAAGACTGATAAGA-1,
TGTACCCGACCCTAAT-1,
TGTACGAACAAATCCG-1,
TGTACTACTCTCACGG-1,
TGTAGGAGAAATTTCC-1,
TGTAGTGATCTATAAT-1,
TGTATAACAGATCCTG-1,
TGTATACGGATGATGA-1,
TGTATCAGACTGAAGC-1,
TGTCATTTGTTGGGAA-1,
TGTCCTAAGTCACCGC-1,
TGTCGTTATCACATAT-1,
TGTGACTACGCCAGTC-1,
TGTGCCAGAGGCAAAG-1,
TGTGGCAAAGCGTATG-1,
TGTTCCGCTTCCATGA-1,
TGTTCGTATTGCGGTG-1,
TGTTCTCTACTCCCTA-1,
TGTTCTTCCATTGACT-1,
TGTTGATCACTGTTTA-1,
TGTTGTCAAGAAGTCT-1,
TTAAACTCGAATTCAT-1,
TTAACGAACAAGCAGT-1,
TTAAGCGCCTGACCCA-1,1
TTAAGGCCCGTACTTT-1,
TTAATGTAGACCAGGT-1,
TTACAGACCTAAATGA-1,
TTACCCATTGCCGGGT-1,
TTACGGATGGTTCGAG-1,
TTACTCCGGCCGGGAA-1,
TTACTGTCTAGAGCTC-1,
TTAGCTAATACGATCT-1,
TTAGCTGATTTGCCGT-1,
TTAGGTCATAACCGAC-1,
TTAGTTCAAGTGTTCG-1,
TTATAGTCCAAGGTGC-1,
TTATATACGCTGTCAC-1,
TTATATTTGGCAATCC-1,
TTATCCTCAAGGAATA-1,
TTATGAATGAAAGGGA-1,
TTATGATCTTAACGAA-1,
TTATTAGAGCGTGTTC-1,
TTCAAAGTCTCTAGCC-1,
TTCAATACTCTGAATC-1,
TTCACGAAAGGATCAC-1,
TTCAGGCGTCAAAGCC-1,
TTCCAATCAGAGCTAG-1,
TTCCACACAGATTTGA-1,
TTCCATCATGCGGTGA-1,
TTCCGCAGAGAAATAT-1,
TTCCGCGTGAGGCGAT-1,
TTCCGGCCTTGAGGCT-1,
TTCCGGCTCGACTTCT-1,
TTCGAGCCGGCGCTAC-1,
TTCGCCGCTCGCGCTA-1,
TTCGCTATCTGACGTG-1,
TTCGGACTGGGCATGG-1,
TTCGGCAACCCGCTGA-1,
TTCGGGACTAATCGCG-1,
TTCGGGCGCTAGTCTT-1,
TTCGTGGGCTGGAAGC-1,
TTCGTTCAACGAAGTT-1,
TTCTAACCGAAGCTTA-1,
TTCTATGCCTTTCGCA-1,
TTCTGCGGGTTAGCGG-1,
TTCTGCTAGACTCCAA-1,
TTCTTGGACGATCTGC-1,
TTCTTGGAGTAATGAG-1,
TTCTTTGGTCGCGACG-1,
TTGAAAGGTGTAAAGG-1,
TTGAAGAATTCCCAGG-1,
TTGAATATGGACTTTC-1,
TTGAATTCACGTGAGG-1,
TTGACCATGTTCTCCG-1,
TTGACTACCATATGGT-1,
TTGAGAGTACTGCTAA-1,
TTGAGGGTCGAACGCG-1,
TTGATAGTCAATACAT-1,
TTGATCTAACTTTGTC-1,
TTGATGTGTAGTCCCG-1,
TTGCATGCTGATCACG-1,
TTGCCATAGCCCGCTC-1,
TTGCCCTGATCACGGG-1,
TTGCCGCAGACCTACA-1,
TTGCGGCATCAGAAAG-1,
TTGCGTGAACGCTTAG-1,
TTGCTCCCATACCGGA-1,
TTGCTGATCATGTTCG-1,
TTGGACATGTGGCTTA-1,
TTGGCGATCCGAATAT-1,
TTGGGACACTGCCCGC-1,
TTGGGCGGCGGTTGCC-1,
TTGGGTTTATTCAGCG-1,
TTGGTATGGCTTGTGT-1,
TTGGTGCGGTGTTGAA-1,
TTGGTTGCGGTGCGCG-1,
TTGTAAGGCCAGTTGG-1,
TTGTAATCCGTACTCG-1,
TTGTCACCGCGGTATC-1,
TTGTGAGGCATGACGC-1,
TTGTGCGGAAGCGGAT-1,
TTGTGGTAGGAGGGAT-1,
TTGTGGTATAGGTATG-1,
TTGTGTTTCCCGAAAG-1,
TTGTTCAGTGTGCTAC-1,
TTGTTGTGTGTCAAGA-1,
TTGTTTCATTAGTCTA-1,
TTGTTTCCATACAACT-1,
