Barcode,Arterial vessel
AAACAACGAATAGTTC-1,
AAACAAGTATCTCCCA-1,
AAACATTTCCCGGATT-1,
AAACCACTACACAGAT-1,
AAACCGGGTAGGTACC-1,
AAACCGTTCGTCCAGG-1,
AAACCTCATGAAGTTG-1,
AAACGCCCGAGATCGG-1,
AAACGGGCGTACGGGT-1,
AAACGGGTTGGTATCC-1,
AAACGGTTGCGAACTG-1,
AAACTAACGTGGCGAC-1,
AAACTCGGTTCGCAAT-1,
AAACTCGTGATATAAG-1,
AAACTGCTGGCTCCAA-1,
AAAGACATGAAGTTTA-1,
AAAGACTGGGCGCTTT-1,1
AAAGGCTACGGACCAT-1,
AAAGGCTCTCGCGCCG-1,
AAAGGGCAGCTTGAAT-1,
AAAGGTAAGCTGTACC-1,
AAAGGTCAACGACATG-1,
AAAGTAGCATTGCTCA-1,
AAAGTCGACCCTCAGT-1,
AAAGTGTGATTTATCT-1,
AAAGTTGACTCCCGTA-1,
AAATACCTATAAGCAT-1,
AAATAGGGTGCTATTG-1,
AAATCGTGTACCACAA-1,
AAATCTAGCCCTGCTA-1,
AAATGATTCGATCAGC-1,
AAATGCTCGTTACGTT-1,
AAATGGTCAATGTGCC-1,
AAATGTATCTTATCCC-1,
AAATTAATAAGCGCGA-1,
AAATTACCTATCGATG-1,
AAATTGATAGTCCTTT-1,
AAATTGCGGCGGTTCT-1,
AAATTTGCGGGTGTGG-1,
AACAACTGGTAGTTGC-1,
AACAATACATTGTCGA-1,
AACAATTACTCTACGC-1,
AACACACGCTCGCCGC-1,
AACAGCTGTGTGGCAA-1,
AACAGGATGGGCCGCG-1,
AACAGGTAGTATGGAT-1,
AACATATCAACTGGTG-1,
AACATCGATACGTCTA-1,
AACATTGGTCAGCCGT-1,
AACATTGTGACTCGAG-1,
AACCAAGACTTCTCTG-1,
AACCAGTATCACTCTT-1,
AACCATGGGATCGCTA-1,
AACCCGACAACCCGTG-1,
AACCCGAGCAGAATCG-1,
AACCCTACTGTCAATA-1,
AACCGCTAAGGGATGC-1,
AACCTAAAGCCGTCCG-1,
AACCTTTAAATACGGT-1,
AACGATAATGCCGTAG-1,
AACGCATGATCTGGGT-1,
AACGCGAACGGCAACA-1,
AACGCGACCTTGGGCG-1,
AACGCTGTTGCTGAAA-1,
AACGGACGTACGTATA-1,
AACGGCCATCTCCGGT-1,
AACGTACTGTGGGTAC-1,
AACGTAGTCTACCCAT-1,
AACGTCAGACTAGTGG-1,
AACGTTATCAGCACCT-1,
AACTACCCGTTTGTCA-1,
AACTAGGCTTGGGTGT-1,
AACTCAAGTTAATTGC-1,
AACTCCAGAGCGTGTT-1,
AACTCGATAAACACGT-1,
AACTCTCAATAGAGCG-1,
AACTCTCAGTGTGCTC-1,
AACTGAGGTCAGCGTC-1,
AACTGGGTTCGAGCCG-1,
AACTTCTGCGTCTATC-1,
AACTTGCCCGTATGCA-1,
AACTTGCGTTCTCGCG-1,
AACTTTACGGGAGCTT-1,
AAGAAGGATCAGTTAG-1,
AAGACCCAACTGAACA-1,
AAGACTAACCCGTTGT-1,
AAGACTCACGCCCACT-1,
AAGAGATGAATCGGTA-1,
AAGAGGATGTACGCGA-1,
AAGAGGCATGGATCGC-1,
AAGAGGCCCTTTGGAA-1,
AAGATGGCACCGGACC-1,
AAGCACCCTGCGTATC-1,
AAGCATACTCTCCTGA-1,
AAGCCGAAGCGGTTTA-1,
AAGCGCAGGGCTTTGA-1,
AAGCGGCGTCATGGGT-1,
AAGCGTCCCTCATCGA-1,
AAGCTAGATCGAGTAA-1,
AAGCTCTTTCATGGTG-1,
AAGGAGCGGTTGGTGC-1,
AAGGCGCGTAAAGCTT-1,
AAGGCTGTGCTCATCG-1,
AAGGGACAGATTCTGT-1,
AAGGGACTATGCATTC-1,
AAGGTGATAAACCAGC-1,
AAGTAAGCTTCCAAAC-1,
AAGTAGTGACGCGAGG-1,
AAGTCAATTGTCGTCA-1,
AAGTCTTCTGTGGCCT-1,
AAGTGACGACCGAATT-1,
AAGTGAGTCGGGTTTA-1,
AAGTGCAAAGGTAGAC-1,
AAGTGCCTTGACTGTA-1,
AAGTGCGTTAGAATCT-1,
AAGTGCTTCTCTATTG-1,
AAGTGTTTGGAGACGG-1,
AAGTTCACTCCAAGCT-1,
AAGTTCAGTCTGCGTA-1,
AAGTTCGGCCAACAGG-1,
AAGTTGTGATGTTATA-1,
AAGTTTATGGGCCCAA-1,
AATAACAACGCTCGGC-1,
AATAACACTAGAACAA-1,
AATAATCTTCGTATCG-1,
AATACAATGTTTCAGG-1,
AATACCGGAGGGCTGT-1,
AATAGAACAGAGTGGC-1,
AATAGAATCTGTTTCA-1,
AATAGCAAGCCTCCTG-1,
AATAGCTACCGCGTGC-1,
AATAGTCCGTCCCGAC-1,
AATAGTCGCGAGTCGG-1,
AATATCGAATCAATGC-1,
AATATCGAGGGTTCTC-1,
AATATTGGAGTATTGA-1,
AATCAGACTGCAGGAC-1,
AATCATGTAAAGACTC-1,
AATCCATGCAAGGGTG-1,
AATCGCCTCAGCGCCA-1,
AATCTATGCCGGAGCC-1,
AATCTCTACTGTGGTT-1,
AATCTGCGTTGGGACG-1,
AATCTGGGTAGACCCT-1,
AATGACAGCAATGTCT-1,
AATGACGTAGGATGTC-1,
AATGAGTTCGCATATG-1,
AATGATGATACGCTAT-1,
AATGATGCGACTCCTG-1,
AATGCACCAAGCAATG-1,
AATGGTCCACCGTTCA-1,1
AATGGTTCTCACAAGC-1,
AATGTGCCCGAGGTGT-1,
AATGTGCTAATCTGAG-1,
AATTAAAGGTCGGCGT-1,
AATTAACGGATTTCCA-1,
AATTACTCGTACGCTC-1,
AATTAGCGCTGCAGCG-1,
AATTCATAAGGGATCT-1,
AATTCCAACTTGGTGA-1,
AATTCCAAGCATGTAC-1,
AATTCTAGAGTTAGGC-1,
AATTGAACGCTCTGGT-1,
AATTGCAGCAATCGAC-1,
AATTGTGGTTGCCAAA-1,
ACAAACCGACAAGGCG-1,
ACAAAGCATGACCTAG-1,
ACAAATCGCACCGAAT-1,
ACAAATGGTAGTGTTT-1,
ACAAATTCAGATCTGA-1,
ACAACGGTCCCTGCGA-1,
ACAAGCAGTGCCTAGC-1,
ACAAGCTATATGGAAG-1,
ACAAGGAAATCCGCCC-1,
ACAAGGACAAGAGGTT-1,
ACAAGGATGCTTTAGG-1,
ACAAGGCCTACCAGCC-1,
ACAAGGGCAGGCTCTG-1,
ACAATAGTCGTACGTT-1,
ACAATCCATTTAAACC-1,
ACAATGAATACGGAGA-1,
ACAATGATTCTTCTAC-1,
ACAATTGTGTCTCTTT-1,
ACAATTTAGGAGGCTC-1,
ACACACCAGGACCAGT-1,
ACACATTGACGCAACA-1,
ACACCGAGCGCTCTTT-1,
ACACCTTACTACTTGC-1,
ACACGTAGGCCACAAG-1,
ACACTCCAATGTCACT-1,
ACACTGATCAAGGTGT-1,
ACACTGGGACAGTCGT-1,
ACAGCGACATTCTCAT-1,
ACAGGAGGCGCAGCCG-1,
ACAGGCTTGCCCGACT-1,
ACAGGTGGAGGTGAGG-1,
ACAGGTGTGTTGTTGC-1,
ACAGTGCAGCGCATTT-1,
ACATCAGCTGGGACGC-1,
ACATCCCGGCCATACG-1,
ACATCCTGGTAACTGT-1,
ACATCGATCGTTTACC-1,
ACATCGGTCAGCCGCG-1,
ACATCGTATGCAATGG-1,
ACATGGCGCCAAAGTA-1,
ACATGGCTCAATTTAG-1,
ACATTAGTTTATATCC-1,
ACCAAACACCCAGCGA-1,
ACCAACACCACACACT-1,
ACCAACCGCACTCCAC-1,
ACCAACGCTTATTTAT-1,
ACCAATATGCAAGTTA-1,
ACCACAAGTTTCTATC-1,
ACCACCAATGTAACAA-1,
ACCACGTGCAGCTATA-1,
ACCACTGTTCAAGAAG-1,
ACCAGACCATAACAAC-1,
ACCAGTGCCCGGTCAA-1,
ACCAGTGCGGGAGACG-1,
ACCATATCCGCAATAA-1,
ACCATCGTATATGGTA-1,
ACCATTAAGGGTGTCA-1,
ACCCACCTACATGCTC-1,
ACCCATCTTGAGGGTA-1,
ACCCATTTGTCCCTCT-1,
ACCCGAGCGAAATTAC-1,
ACCCGATTGGTTCCGA-1,
ACCCGGAAACTCCCAG-1,
ACCCGGATGACGCATC-1,
ACCCGGTTACACTTCC-1,
ACCCGTGTCATCAGTA-1,
ACCCTATAGGACTGAG-1,
ACCCTATGCCATATCG-1,
ACCCTCCCTTGCTATT-1,
ACCCTGGTAACGCCCT-1,
ACCGACACATCTCCCA-1,
ACCGATAGGCATAACC-1,
ACCGATATTTAATCAT-1,
ACCGATGGTAGCATCG-1,
ACCGCAATAACTGCCT-1,
ACCGCGGTGGAAGTCG-1,
ACCGGGCCTTTGTTGA-1,
ACCGGTCTGAGTACGG-1,
ACCGTGACCACGTGGG-1,
ACCTAAGTACCTTTCA-1,
ACCTAATCGACTTCCT-1,
ACCTACTATAAATCTA-1,
ACCTCCGCCCTCGCTG-1,
ACGAAATGGGCGGCAC-1,
ACGACTGGTCATACTC-1,
ACGAGTACGGATGCCC-1,
ACGAGTCGCCGGCGTT-1,
ACGATACCTATCCTGA-1,
ACGATCATCTTGTAAA-1,
ACGATGCATATGTTAT-1,
ACGCAAACTAATAGAT-1,
ACGCAATCACTACAGC-1,
ACGCATAAATGACATG-1,
ACGCATACGTTTACTA-1,
ACGCCGCTAGACGACC-1,
ACGCCTGACACGCGCT-1,
ACGCGAAGTCAGACGA-1,
ACGCGCTACACAGGGT-1,
ACGCGTTTCTTAAGAG-1,
ACGCTAGTGATACACT-1,
ACGGAATTTAGCAAAT-1,
ACGGACTCTCAAAGCG-1,
ACGGAGCGCAAATTAC-1,
ACGGATGGTGCGGATA-1,
ACGGCACTTGCTTGGG-1,
ACGGCCAACATGGACT-1,
ACGGCGACGATGGGAA-1,
ACGGCGGGTTGCCCTG-1,
ACGGGAGTGTCGGCCC-1,
ACGGGTCATGTGACTT-1,
ACGTATTACTCCGATC-1,
ACGTTAATGTCGAAGA-1,
ACGTTAGATTTGCCCG-1,
ACGTTATTGGTCACTC-1,
ACGTTCGTTCAGGAAA-1,
ACGTTCTGTACAAGTC-1,
ACTAATACGTCAGGCG-1,
ACTACAAAGAGAGGTG-1,
ACTACCAGCTCTCTGG-1,
ACTACGCGTTAGAATT-1,
ACTAGTTGCGATCGTC-1,
ACTATATGCTGTGTTC-1,
ACTATCGCCGGCTAAA-1,
ACTATCTGCCCGCGTA-1,
ACTATTTCCGGGCCCA-1,
ACTCAAGTGCAAGGCT-1,
ACTCCAATATCATCAT-1,
ACTCCCGAATTCGTTT-1,
ACTCCCTAATGCTAAA-1,
ACTCCCTAGAATAGTA-1,
ACTCGATGTATTTCAT-1,
ACTCTAAACCTGGGAT-1,
ACTCTCTGACTTAGGT-1,
ACTGAAACGCCGTTAG-1,
ACTGAATGGCGAAAGT-1,
ACTGTAGCACTTTGGA-1,
ACTGTCCAGGATTATA-1,
ACTTACCGGGCGCGCA-1,
ACTTACGCATCCACGC-1,
ACTTAGTACGACAAGA-1,
ACTTATACTTACCCGG-1,
ACTTATCTGATCTATA-1,
ACTTATTAGGATCGGT-1,
ACTTATTTATGTGCCA-1,
ACTTCAGGCTGATCCC-1,
ACTTGACTCCCTCTTT-1,
ACTTGGGACCCGGTGG-1,
ACTTGTGGATGGAACG-1,
ACTTTACCCTCATGAA-1,
ACTTTGACTGCATCCT-1,
ACTTTGTCGACGCACT-1,
AGAAATTATGACTCGC-1,
AGAAGAGCGCCGTTCC-1,
AGAAGGTTGCCGAATT-1,
AGAAGTGATTCGTGAT-1,
AGAATAAATCTTCAGG-1,
AGAATGCGGGTTCGGA-1,
AGAATTATGGATTCGA-1,
AGAATTGTTTGACATA-1,
AGACAGCTCAGAATCC-1,
AGACCATGGGATACAA-1,
AGACCCACCGCTGATC-1,
AGACCGCTCCGCGGTT-1,
AGACGAAGTGCCGGTC-1,
AGACGACGATGCCGCT-1,
AGACGCCCACTTCGCC-1,
AGACGGGATTGGTATA-1,
AGACGGGCCGATTTAA-1,
AGACTAGCCTTCCAGA-1,
AGACTGTTACCGGGTC-1,
AGAGAAGGAGTACAAT-1,
AGAGATCTCTAAAGCG-1,
AGAGCAGTTATGAGAC-1,
AGAGCCGCCGAGATTT-1,
AGAGCGTACAAGCTCG-1,
AGAGCTACGAAAGCAT-1,
AGAGGCTTCGGAAACC-1,
AGAGTAAACTTCACTA-1,
AGAGTTAGAGACCGAT-1,
AGATAACTTCAGGGCC-1,
AGATACCAATAGAACC-1,
AGATACCGGTGTTCAC-1,
AGATACTCAAGATCGA-1,
AGATATAATACGACTA-1,
AGATCGTGCATAAGAT-1,
AGATGAGGGTTGCGAT-1,
AGATGATGGAGTCTGG-1,
AGATGCAAGACGTGCA-1,
AGATGCTATAACGAGC-1,
AGATTATAGGACGTTT-1,
AGATTCAAGCGGGTCG-1,
AGCAAAGGCCGCTAGT-1,
AGCAACATATCTTATT-1,
AGCACTACCGGCCTGT-1,
AGCACTACCTCACCAG-1,
AGCACTTAAGGACGCC-1,
AGCAGAAGGAGAAAGA-1,
AGCAGCCAGATGAATA-1,
AGCATATCAATATGCT-1,
AGCCAAGCTTTGTGTC-1,
AGCCACAGGTTACCCG-1,
AGCCCATACATGTAAG-1,
AGCCCGCAACAAGCAG-1,
AGCCCGGTAGCCTGTA-1,
AGCCCTTCTAATCCGA-1,
AGCCCTTGGACATCCC-1,
AGCCGCAAATTCAAAT-1,
AGCCGCTTGATTAGCG-1,
AGCCTTAAAGCGGAAG-1,
AGCGACAGGAACGGTC-1,
AGCGATGCGCCTAATA-1,
AGCGCATAATGAATCG-1,
AGCGCGGGTGCCAATG-1,
AGCGCTTATGGGCAAG-1,
AGCGGACACTTCGTAG-1,
AGCGGTTGAGATGTAC-1,
AGCGGTTGCCGCTCTG-1,
AGCGTACGAGAGCTAG-1,
AGCGTAGCGCTAGACC-1,
AGCGTGGTATTCTACT-1,
AGCGTTCCGATTTAAA-1,
AGCTAACAAGCAATGT-1,
AGCTAAGTACGCAGGC-1,
AGCTAGAAGCAGAAGT-1,
AGCTCCATATATGTTC-1,
AGCTCCTTCGCACATC-1,
AGCTCTAGACGTTCCA-1,
AGCTCTTTACTCAGTT-1,
AGCTGCATTTGAGGTG-1,
AGCTGCTGTGCCGAAT-1,
AGCTGTAACCTCAATC-1,
AGCTTCAATACTTTGA-1,
AGCTTGATCTTAACTT-1,
AGGAAAGCCTCTGATG-1,
AGGAACGAACGACTTC-1,
AGGAAGCTGTCCGCCG-1,
AGGACAGTCGAATCCC-1,
AGGACGACCCATTAGA-1,
AGGACGCTCGATGTTG-1,
AGGACTTATAGGAGAA-1,
AGGAGGCCTTCGCGCG-1,
AGGATAAAGTCGGGAT-1,
AGGATATAGGGATTTA-1,
AGGCAAAGAGGAATCA-1,
AGGCAATACGGAGGAC-1,
AGGCACGTGACTGTCC-1,
AGGCAGGGAGCGTACT-1,
AGGCATTGTCGTAGGG-1,
AGGCCACCCGTTATGA-1,
AGGCCCAGTGACTGGT-1,
AGGCCCTAGAACGCCA-1,
AGGCCTATCATACCAA-1,
AGGCCTGAGAATCTCG-1,
AGGCGTCTATGGACGG-1,
AGGCTATGGTTAGCTT-1,
AGGCTTCCCGAAGAAG-1,
AGGCTTGCTAGACACC-1,
AGGGACTCTACGCGAC-1,
AGGGAGACATACTTCG-1,
AGGGTCAGAGCACTCG-1,
AGGGTCAGTAACCCTA-1,
AGGGTCGATGCGAACT-1,
AGGGTGCCGTTCTTTA-1,
AGGGTGCTCTCGAGGG-1,
AGGGTGGATAGTGCAT-1,
AGGGTTCAGACGGTCC-1,
AGGGTTCCCTTTGGTT-1,
AGGTAGATCGAGATAT-1,
AGGTAGGTACAAAGCT-1,
AGGTCGCCACTTCGGT-1,
AGGTCGCCTCCCAACA-1,
AGGTCGCGGAGTTACT-1,
AGGTGGTGACCTTCGC-1,
AGGTGTATCGCCATGA-1,
AGGTTTCACACACCTT-1,
AGTAACGTTCATCCTG-1,
AGTACATCATTTATCA-1,
AGTACCTTCGAGTGCT-1,
AGTACGGCCCGTATCG-1,
AGTACTCTTATGCCCA-1,
AGTAGCTAGACGCCGA-1,
AGTAGGAAGGAAGTTG-1,
AGTATAATACTAGGCA-1,
AGTATACACAGCGACA-1,
AGTATCCATAATAACG-1,
AGTATGCTGGAGACCA-1,
AGTATTTGGCACGACC-1,
AGTCAAATGATGTGAT-1,
AGTCAACACCACCATC-1,
AGTCAAGATGACACTT-1,
AGTCACTAGCTCTCGA-1,
AGTCAGCCACCGCCTG-1,
AGTCCAGCGGGTACGT-1,
AGTCCATTGGCTGATG-1,
AGTCGACGGTCTCAAG-1,
AGTCGGCCCAAACGAC-1,
AGTCGTCGACCACCAA-1,
AGTCGTGGGCATTACG-1,
AGTCTAAAGTATACTC-1,
AGTCTCACAAGACTAC-1,
AGTCTGGACATCCTTG-1,
AGTGAACAAACTTCTC-1,
AGTGACCTACTTTACG-1,
AGTGAGACTTCCAGTA-1,
AGTGAGCCTCGCCGCC-1,
AGTGATAACCTGCGCG-1,
AGTGATATGAGTAGTT-1,
AGTGCACGCTTAAGAA-1,
AGTGCGTAGCTCGTAA-1,
AGTGCTAAACACAGCA-1,
AGTGCTTGCACGAATA-1,
AGTGGCGGCAATTTGA-1,
AGTGGCGTCTGAAGGT-1,
AGTGGGAGTATACACG-1,
AGTGGTTGCGTATAGG-1,
AGTGTATTGCGCATTG-1,
AGTGTGCTAAGATCGC-1,
AGTGTGGTCTATTGTG-1,
AGTTAAACACTTGCGA-1,
AGTTACCCTTAAGACT-1,
AGTTACCGCACATGGT-1,1
AGTTCACCGGTTGGAC-1,
AGTTCCTACAGAATTA-1,
AGTTCCTATTTATGTT-1,
AGTTCTGCGTTGTATC-1,
AGTTGACATCGGCTGG-1,
AGTTGACGGTCCTTGC-1,
AGTTGCTGACTGATAT-1,
AGTTTGCACCTGCCTC-1,
AGTTTGGCACGGGTTG-1,
AGTTTGGCCAGACCTA-1,
ATAAACGGACCCGTAA-1,
ATAAACGTTGCACCAC-1,
ATAAAGGCTCGGTCGT-1,
ATAAATATTAGCAGCT-1,
ATAACGCCGGAGGGTC-1,
ATAACGTTACCTCCAC-1,
ATAAGGTGGAGAACAT-1,
ATAAGTACCCGATTGT-1,
ATAAGTAGGATTCAGA-1,
ATAAGTTACCGCGACG-1,
ATAATACCGTTAGCCG-1,
ATAATAGCTGTTGAAT-1,
ATAATAGTGTAGGGAC-1,
ATAATCTTGGAGAACC-1,
ATAATTAGCTAAGTAG-1,
ATACAGGCCCTCCAAT-1,
ATACCACGGGCAACTT-1,
ATACCCTGGCTCAAAT-1,
ATACCGTCATCCATAA-1,
ATACCTAACCAAGAAA-1,
ATACGCCGATCTACCG-1,
ATACGCCGGCGAAACC-1,
ATACGGTGAAGATGCA-1,
ATACGTACTTAGCCAC-1,
ATACGTCCACTCCTGT-1,
ATACGTTATGCACGGA-1,
ATACTACCCGTACCAC-1,
ATACTCTCGCCACTCT-1,
ATACTGCCTTACACCG-1,
ATACTTGTTCTCGAGC-1,
ATAGACGAAGAGAAAG-1,
ATAGAGTTATCAACTT-1,
ATAGCAACTAGGGAAG-1,
ATAGCCTCAGTACCCA-1,
ATAGCTGCTCTTGTTA-1,
ATAGGAATCTAAGCTT-1,
ATAGGCGGCTATAGAA-1,
ATAGGCTAGCTTCGCA-1,
ATAGTGAAGCGTTCTC-1,
ATAGTTCCACCCACTC-1,
ATATAAAGCGCTCGTG-1,
ATATAAATGTAGCTGC-1,
ATATAACACGGGCGCA-1,
ATATACGCTCGTGACG-1,
ATATCAACCTACAGAG-1,
ATATCGTTCCTCGAAC-1,
ATATGGGATAGCAACT-1,
ATATGTCTCCCTAGCC-1,
ATATTATCCCGTATTT-1,
ATATTCAGTTAAACCT-1,
ATATTCCACATAGTGA-1,
ATATTGCTGTCAAAGT-1,
ATATTGGAGAGGCCTT-1,
ATATTTAACCCTCAAG-1,
ATCAAACACTGTTCCA-1,
ATCAAACGAAGGTTTG-1,
ATCACGTGCTAATTAA-1,
ATCAGACGGCACGCCG-1,
ATCAGCCTCATGCTGC-1,
ATCAGGTCGCCATTGC-1,
ATCATAGCCCTATGTA-1,
ATCATCCAATATTTGT-1,
ATCATCTGCCCAGTGT-1,
ATCCAACGCAGTCATA-1,
ATCCAATGGAGGGTCC-1,
ATCCAATGGTACCGAA-1,
ATCCACATCGACAGAA-1,
ATCCACTTTCAGACTA-1,
ATCCAGAGCAACAACC-1,
ATCCAGGATTCGTGAA-1,
ATCCCATTTCCGTGGG-1,
ATCCTACCTAAGCTCT-1,
ATCCTGAATCGCTGCG-1,
ATCCTGCGTGGAATGG-1,
ATCGACCCAATACAGA-1,
ATCGCACGATTGTTCA-1,
ATCGCCAGTCAACATT-1,
ATCGCTGCGTGCAGCA-1,
ATCGGAGACAGACGGC-1,
ATCGGCAAGCAGTCCA-1,
ATCGGTTACCTAGTAA-1,
ATCGTATTCCGAGAAC-1,
ATCGTCCAATCGAGTC-1,
ATCGTTAGCTAGCGGA-1,
ATCGTTCACTTTCGCC-1,
ATCTAACGTCCCTATG-1,
ATCTAATATCCTACGG-1,
ATCTATCGATGATCAA-1,
ATCTCATAAACCTACC-1,
ATCTCCCACGGAATAT-1,
ATCTCGTGAGCGAAAC-1,
ATCTGACATGGAAGGA-1,
ATCTGATAGTGTCTTA-1,
ATCTGCACCTCTGCGA-1,
ATCTGCTGTTATCGCC-1,
ATCTGGGCTGTTCTTG-1,
ATCTTATCGCACACCC-1,
ATCTTGACCTGCAACG-1,
ATCTTGACTTGTCCAA-1,
ATGAAGTGGACCCAGC-1,
ATGACGCGTTCTATCC-1,
ATGACTATCAGCTGTG-1,
ATGACTATGCGACATT-1,
ATGAGGAGTGTTAATC-1,
ATGATGCAATGGTACA-1,
ATGCACCTTCCTTAAT-1,
ATGCACTACCGCATTG-1,
ATGCCAATCGCTCTGC-1,
ATGCCATTTGCGACCA-1,
ATGCGACAATTGGTCC-1,
ATGCGAGTCCCACCAC-1,
ATGCTCAGTGTTGCAT-1,
ATGCTCTGGCGCGGTA-1,
ATGCTTAGGAGTTGAT-1,
ATGGAACAGAATAAAC-1,
ATGGCAGCCGAGAAAC-1,
ATGGGAACGGAAGCGG-1,
ATGGGACCTGCTGAAC-1,
ATGGGCCTCGGCCTCT-1,
ATGGTCGCGTGGTTTC-1,
ATGGTTACGAAACATG-1,
ATGTAAGGCTGCTCTT-1,
ATGTACATGCGGTGAG-1,
ATGTAGCGCGCGTAGG-1,
ATGTCATTTCCCATTG-1,
ATGTGGACATCTTGAT-1,
ATGTTACGAGCAATAC-1,
ATGTTCCTGCCCACCT-1,
ATGTTCGTCGACCCAC-1,
ATGTTGTAGTCTGTTT-1,
ATGTTTGTAAGATCAT-1,
ATTAAACATGCGGACC-1,
ATTAAAGCGGACGAGC-1,
ATTAACACCTGAGATA-1,
ATTACATGTCAGTCTT-1,
ATTACCACACTGCCTG-1,
ATTACGCGCTGGCAGG-1,
ATTACTTACTGGGCAT-1,
ATTAGATTCCTCAGCA-1,
ATTATCGGAATGTACG-1,
ATTATTATGTCCGTCA-1,
ATTCAAAGTACCTGTT-1,
ATTCAACCATTTAAGG-1,
ATTCACTGATGTTGGA-1,
ATTCAGATGAATCCCT-1,
ATTCAGGACCTATTTC-1,
ATTCAGGATCGCCTCT-1,
ATTCAGTAGCAGGGTC-1,
ATTCATATACTGTCCA-1,
ATTCATCGTTGAGGCA-1,
ATTCCCACATAAACAA-1,
ATTCCTAAGACGTGGA-1,
ATTCCTTCCAGGCGGT-1,
ATTCGACGCCGGGCCT-1,
ATTCGCGCCTTGAGAG-1,
ATTGAAGATCTTAGTG-1,
ATTGACCGGCGATGAC-1,
ATTGATAGCAACGAGA-1,
ATTGATGAGTCCTAAC-1,
ATTGCGATCAGTAACT-1,
ATTGCTGCTCCTCCAT-1,
ATTGGATTACAGCGTA-1,
ATTGGGAGTTCTGTAA-1,1
ATTGGTAGGATCCGCT-1,
ATTGTACAACTCGGCT-1,
ATTGTCTGTTTCATGT-1,
ATTGTGACTTCGCTGC-1,
ATTTACAGTTTACTGG-1,
ATTTACTAAGTCCATT-1,
ATTTCCGGGTTCTGCG-1,
ATTTGCGCGAGTAGCT-1,
ATTTGTCTTGGGAGCT-1,
CAAACCAGGTCTGCAT-1,
CAAACGAGTATCGCAG-1,
CAAACGGTCGCACTTT-1,
CAAACTCGCGACGCCG-1,
CAAAGATTATTGGGCC-1,
CAAAGGTTAAATTCAG-1,
CAAAGTCAGGTTAGCT-1,
CAAATCTCTCACAAGG-1,
CAAATGTCCTTCCGTG-1,
CAACAGAATAACGCTA-1,
CAACATGGCCTGATAA-1,
CAACCAGTGGCCTACC-1,
CAACCGCACCTAGACA-1,
CAACCTACCGAGCAGT-1,
CAACGGTTCTTGATAC-1,
CAACGTGGTGGAGTCT-1,
CAACTGCTCATCCGAT-1,
CAAGAGGGCGGAGTAC-1,
CAAGATATTATAACGT-1,
CAAGCAACGTCGGAGT-1,
CAAGCGGCACATAATT-1,
CAAGGATCGCATGTTC-1,
CAAGGGAGTGTATTTG-1,
CAAGTAAGTGATAGAC-1,
CAAGTGTGGTTGCAAA-1,
CAATATGTAGATTTAC-1,
CAATATTCTTGACCTA-1,
CAATATTGGACTAGTG-1,
CAATCCATTATCCGTT-1,
CAATCCTGCCGTGGAG-1,
CAATGCGAGAAGTATC-1,
CAATTTGACCGGGAAG-1,
CACAAGAAAGATATTA-1,
CACAATGAGCTGCTAT-1,
CACACACGCTAACGAG-1,
CACACAGCTTGCGCTC-1,
CACACAGGGATAGATT-1,
CACACGCGCTGTCTTA-1,
CACACTTGTATTGCGA-1,
CACAGGGCCATATAGT-1,
CACAGGGCCGTTGTCA-1,
CACAGTCCCGCTTCGC-1,
CACAGTTCGCTTCCCA-1,
CACATAAGGCGACCGT-1,
CACATATTAGCAGGAT-1,
CACATCGTGCACGCGC-1,
CACATCTCACCGACGA-1,
CACATGATTCAGCAAC-1,
CACATGTTTGGACATG-1,
CACATTTCTTGTCAGA-1,
CACCATGATCGCAAAG-1,
CACCCAAATCTTATGT-1,
CACCCGGTTTGTGACT-1,
CACCCTAACAAGATCT-1,
CACCGCGTCCACTCTA-1,
CACCGGAGATATCTCC-1,
CACCGTATCCCATCCG-1,
CACCGTTAGGGATCAC-1,
CACCGTTGCGCGATAT-1,
CACCTAATAGAGTCGT-1,
CACCTTGGCGCCTTTG-1,
CACGAAAGTTAGTCCC-1,
CACGACCACAGACTTT-1,
CACGACGTAATAGTAA-1,
CACGCAGCGAGGCTTT-1,
CACGCGGAACTGTTGC-1,
CACGGCGCGCCAAAGG-1,
CACGGGATTGAGGGTT-1,
CACGTCAATCAATGGA-1,
CACGTCGGCAACCTCT-1,
CACGTCGGGTTCTAGA-1,
CACGTCTATGATGTGG-1,
CACGTTCGTGCTCTAG-1,
CACGTTTCGTACACAC-1,
CACTAAAGTTGCCTAT-1,
CACTACGGGAGCTGCC-1,
CACTCAAGAGCTATGG-1,
CACTCCTATGTAAGAT-1,
CACTCGAGCTGAACAA-1,
CACTCGGTTAGGAGGA-1,
CACTCTCAAGCATCGA-1,
CACTCTTCTGCTAGCC-1,
CACTGACGATTGTGGA-1,
CACTTAATCAGACGGA-1,
CACTTCGCCACAGGCT-1,
CACTTCGTCTTATCTC-1,
CAGAACTTAGCCCTCT-1,
CAGAATAACACACGGA-1,
CAGACACCGATCGCTG-1,
CAGACCTGTAAGTGTT-1,
CAGACGAACCTGATAC-1,
CAGAGACGGTCACCCA-1,
CAGAGGCGATGCATGA-1,
CAGATCATTTAAAGTC-1,
CAGCAGTCCAGACTAT-1,
CAGCAGTCTGTGCTGC-1,
CAGCCTCGATAGCGGT-1,
CAGCGATTCCCTTCAA-1,
CAGCGCCAACACGATA-1,
CAGCTTAGTAGGTAGC-1,
CAGGATATATCGTTGT-1,
CAGGCCGTTTGGGTGT-1,
CAGGCGCACGGTGGTC-1,
CAGGCGCCATGCTAGG-1,
CAGGGCTAACGAAACC-1,
CAGTAACTATTTATTG-1,
CAGTAATCCCTCCCAG-1,
CAGTACATTCTCTAAA-1,
CAGTAGATGATGTCCG-1,
CAGTAGCGAGGTAGTA-1,
CAGTCGAGGATGCAAT-1,
CAGTCTCTCGGCTAAT-1,
CAGTCTGTATACTGGG-1,
CAGTGGTTGCACATGA-1,
CAGTGTCCGCAGAATG-1,
CAGTGTCGGCTGGCCC-1,
CAGTTCAAATTGACAC-1,
CAGTTCCGCGGGTCGA-1,
CAGTTCGAGGACCCGA-1,
CATAACGGACAGTCGT-1,
CATAAGAAGCTTGGCT-1,
CATACACGGTTCCCAC-1,
CATACCCGTACCCAGT-1,
CATACGAACTAGCTGG-1,
CATACGGCGTCTGGGC-1,
CATACGGGTGCATGAT-1,
CATACTATGTAATTGT-1,
CATACTTCTTTCTCCG-1,
CATAGCCGCCCGGGAT-1,
CATAGCGTTGCCCACC-1,
CATAGTCAAATACATA-1,
CATAGTCCACAAGAAC-1,
CATATACTACTGATAA-1,
CATATAGGTACAGTCA-1,
CATCAACACCTACTAA-1,
CATCATTACCCTGAGG-1,
CATCCGCAGGCCCGAA-1,
CATCCTCTCAAAGATC-1,
CATCGAATGGATCTCT-1,
CATCGGACGGGTTAAT-1,
CATCGTCCGGTTACTA-1,
CATCTACCCGAGAACG-1,
CATCTATCCCGTGTCT-1,
CATCTGCAGGATCATT-1,
CATCTTACACCACCTC-1,
CATGACTTCGCTGAAT-1,
CATGAGATGCACTCTC-1,
CATGATCGCTTTGAGA-1,
CATGATGGAAGTTAGC-1,
CATGCACGTGTTACTG-1,
CATGCCAACTCGCAAA-1,
CATGCGACCAGTTTAA-1,
CATGCGTTGAGAGGAG-1,
CATGGAAATGGGACCA-1,
CATGGATTGTCTTCCG-1,
CATGGCTCCCTATGTC-1,
CATGGGTATGCCTTAT-1,
CATGGTAAGTAGCGTT-1,
CATGTAAGAGACATTT-1,
CATGTAGGAGCGCCAA-1,
CATGTCTCATTTATGG-1,
CATTCAGGTCAGTGCG-1,
CATTCCCTAAGTACAA-1,
CATTCGTCGTAGCGGT-1,
CATTGCAAAGCATAAT-1,
CATTGCGAAATGGGCG-1,
CATTGTGTGCTAGATC-1,
CATTTCTAGCAGACTA-1,
CATTTGAGTGGTACGT-1,
CCAAAGCAGTTGGTTG-1,
CCAAATAACAAGATTC-1,
CCAACCTTATGTAACT-1,
CCAACGATGCACTGAT-1,
CCAACGCTTGCCAGGG-1,
CCAAGAAAGTGGGCGA-1,
CCAAGCTTGATCTCCT-1,
CCAAGTTTCTACAGAT-1,
CCAATAGATTTCATCT-1,
CCAATAGTGCCGTCGA-1,
CCAATGTCACAGCAAG-1,
CCACACTGAGATATTA-1,
CCACAGCTGAAATCAT-1,
CCACAGTACCCATCCT-1,
CCACATACTGCACCCA-1,
CCACCAACTTTACTGT-1,
CCACGAATTTAACCTC-1,
CCACGGAGCCATAAGA-1,
CCACTAAACTGAATCG-1,
CCACTGGTGGCTGGTT-1,
CCACTGTTTGGATTAA-1,
CCAGAAAGCAACTCAT-1,
CCAGAGACAAAGCCGG-1,
CCAGCTCGAACGCATT-1,
CCAGCTGATGGTACTT-1,
CCAGCTTCCGCCCGCA-1,1
CCAGTCCATTATTCGA-1,
CCAGTCTTGTCATAGA-1,
CCAGTGAGCTCCTTGT-1,
CCATACCTTTACTTGT-1,
CCATACTCGCCTCTCC-1,
CCATAGTCAGTAACCC-1,
CCATATGGAAACTATA-1,
CCATATTGGATCATGA-1,
CCATCATAAGAACAGG-1,
CCATCGCAGTTAAACT-1,
CCATCTCACCAGTGAA-1,
CCATGCCCTAGATTTC-1,
CCATGCCTGTTTAGTA-1,
CCATGGCCCTTGTACC-1,
CCATTAGCGATAATCC-1,
CCATTCCCTGCCCACA-1,
CCATTTCTACCTATTA-1,
CCCAAACATGCTGCTC-1,
CCCAACATACGTCGCG-1,
CCCAAGAATGCACGGT-1,
CCCAATGAGATTTGCA-1,
CCCAATTTCACAACTT-1,
CCCAGAGGAGGGCGTA-1,
CCCAGGTCTGAAGGCT-1,
CCCAGTTAAGGCGCCG-1,
CCCATATAGGTCGATT-1,
CCCGAGTTTCTCCGTA-1,
CCCGCAGCGCGAACTA-1,
CCCGCGCAATGCACCC-1,
CCCGCTAGAGGGTTAA-1,
CCCGGCTAGGTGAGAA-1,
CCCGGGTCGTTCAGGG-1,
CCCGGTGGAAGAACCT-1,
CCCGTAAGTCTAGGCC-1,
CCCGTAGCTGGGAAGA-1,
CCCGTGGGTTAATTGA-1,
CCCGTTTCGCAGATGT-1,
CCCTAGTGTCAGGTGT-1,
CCCTATGTAGAGCAGA-1,
CCCTCAAGCTCTTAGT-1,
CCCTCCTCGCTCGTAT-1,
CCCTGAAATGAGTTGA-1,
CCCTGACTAACAAATT-1,
CCCTGATGTAACTCGT-1,
CCCTGCCCAATCCGCT-1,
CCCTGCGCTACGCATA-1,
CCCTGTTGGCAAAGAC-1,
CCCTTCTCGTACGCGA-1,
CCCTTTAATGGAGTTC-1,
CCCTTTGACAGGTCTT-1,
CCGAAAGTGGTGAGCA-1,
CCGAACCTTCCCGGCC-1,
CCGAAGTATATTGTTC-1,
CCGACAAACACATGAG-1,
CCGACAAAGGGAGTGC-1,
CCGACAATAGGCCGCC-1,
CCGACGGGCATGAGGT-1,
CCGAGAAGTCGCATAA-1,
CCGAGCTGTGCTTGTC-1,
CCGATCTCAACCTTAT-1,
CCGATTCGAGGGACCC-1,
CCGATTGGTCAATGAA-1,
CCGCACGTGACCTCGG-1,
CCGCATGTGGTACGAT-1,
CCGCGATTTGGTAGGT-1,
CCGCGGAATGCGTCAC-1,
CCGCGGGTACGAAGAA-1,
CCGCGTAGGTAAGGGC-1,
CCGCTATCAGCACCAG-1,
CCGCTCTTCCGAACTA-1,
CCGCTTACCTCACTCT-1,
CCGCTTGCTGACATGG-1,
CCGGAATGGTTTCAGT-1,
CCGGAGCGTACTTTCT-1,
CCGGGCTGCTCCATAC-1,
CCGGGTTCGAGGTTAC-1,
CCGGTGCGAGTGATAG-1,
CCGGTTTGTAATTGTG-1,
CCGTAGGAAATCCCTG-1,
CCGTAGGGTTGTTTAC-1,
CCGTATCTCGTCGTAG-1,
CCGTATTAGCGCAGTT-1,
CCGTGGAACGATCCAA-1,
CCGTGTTAAATTCCAT-1,
CCGTTCCGAATCTCGG-1,
CCTAAATTAACGGTTC-1,
CCTAAATTGTATCCTA-1,
CCTAACCCAAACAAGT-1,
CCTAACTAAGGCTCTA-1,
CCTAAGTGTCTAACCG-1,
CCTACAAGTCCGGAAT-1,
CCTACATTCACAGACG-1,
CCTACGCGACCTTACA-1,
CCTACGGCTCAGTCGA-1,
CCTACTCAACACGATT-1,
CCTACTGCTTACACTT-1,
CCTAGGCGTAGCGATC-1,
CCTATAATGAGTGCCC-1,
CCTATACCGTCCTGTC-1,
CCTATATTTGTCCTGG-1,
CCTATGGCTCCTAGTG-1,
CCTATGTCCACTCCAC-1,
CCTCACCAATCTTGAC-1,
CCTCACCTGAGGGAGC-1,
CCTCACCTTAGCATCG-1,
CCTCACGTCAGCTAAT-1,
CCTCCGACAATTCAAG-1,
CCTCCTGAGCCCACAT-1,
CCTCCTGTTGTGTCGT-1,
CCTCGCGCGATATAGG-1,
CCTCGCGCTGTGCGAT-1,
CCTCGGACCGGGATAG-1,
CCTCGGATGCTACCTG-1,
CCTCGGTTTCCTTGCC-1,
CCTCGTTACGCCTGTT-1,
CCTCTCTCCCATCTAG-1,
CCTCTGTACTATTCTA-1,
CCTGAACGATATATTC-1,
CCTGACAAACTCGCGC-1,
CCTGACCACCGATGGT-1,
CCTGACGCAACCTTTA-1,
CCTGCCCGTTGTCTAG-1,
CCTGCGATAGAACTGT-1,
CCTGCGTTCTACGCTT-1,
CCTGGCTAGACCCGCC-1,
CCTGGTCGAATGTGGG-1,
CCTGTAAGACATGATA-1,
CCTGTACTCACGCCCA-1,
CCTGTGAAACCGTAAC-1,
CCTGTGCATAGGAGAC-1,
CCTGTGCGGATTGTAA-1,
CCTGTTCAACCTCGGG-1,
CCTGTTTGAAGACACG-1,
CCTTCAGTTAAAGTGA-1,
CCTTCGTATAGAATCC-1,
CCTTGACCACTTTATT-1,
CCTTGTGAACGTGGTT-1,
CCTTTAAGGGAGCACT-1,
CCTTTCAATGAAGAAA-1,
CGAAACGCAATTCATG-1,
CGAACAGTATGGGCGT-1,
CGAACATAGTCAGAAA-1,
CGAACCCGCATGCGTC-1,
CGAAGACGGTGAGTGC-1,
CGAAGCTATAAATTCA-1,
CGAAGTTGCTCTGTGT-1,
CGAATGACGCATAATG-1,
CGAATTACATGGTGTT-1,
CGACAATTTGATCTAA-1,
CGACACGCTCCGACAG-1,
CGACAGTTCGCGTTAT-1,
CGAGACCCTAGAGTGT-1,
CGAGAGCTTTCACTAC-1,
CGAGAGGGTAGCCGCG-1,
CGAGATGTTGCCTATA-1,
CGAGCACTTCAAGTTT-1,
CGAGCCGAGCACTCGA-1,
CGAGGCCAGGCATTGG-1,
CGAGGGACTGCGGTCG-1,
CGAGGGTATCCAGGTG-1,
CGAGTACTAAAGAGGA-1,
CGAGTGAAGGTACCAG-1,
CGAGTTTATCGGACTG-1,
CGATACCTCGCGGACA-1,
CGATCCACCATTGTTG-1,
CGATCCGACCCAGTGC-1,
CGATCCTCGCAACATA-1,
CGATGGACCCTACGCC-1,
CGATTAAATATCTCCT-1,
CGATTCGCCTGGCTGC-1,
CGCAAACACGAGTTAC-1,
CGCAATCGATCATTAG-1,
CGCAATTACTTTCGGT-1,
CGCAATTAGGGTAATA-1,
CGCAATTCTACAATAA-1,
CGCACATGTCCACTAC-1,
CGCACGTGCGCTATCA-1,
CGCAGATCTTCACCCG-1,
CGCAGGCGATCCAAAC-1,
CGCATGGTGCGATGCT-1,
CGCCAAGAAGCCGAGT-1,
CGCCAATTATTGCGTT-1,
CGCCACCCGCATTAAC-1,
CGCCCAGCACGCCTAG-1,
CGCCCAGCGTTTCACG-1,
CGCCCTTACATCCACC-1,
CGCCCTTGAAGGCTGA-1,
CGCCGACTATTCGCTA-1,
CGCCGCCCATGCCTGT-1,
CGCCGTTCAGCATAGT-1,
CGCCTCCCTCCTCTAT-1,
CGCCTGGCCTACGTAA-1,
CGCGAAGTGGCATACT-1,
CGCGACACTGCGCAGC-1,
CGCGACCGCGACAGAT-1,
CGCGAGAGGGACTTGT-1,
CGCGCAAGGAACTACA-1,
CGCGCATGTTTGATTG-1,
CGCGGCAGTATTACGG-1,
CGCGGCTCAACTTGAA-1,
CGCGGTACGGTATACA-1,
CGCGGTCACAAACCAA-1,
CGCGTGCTATCAACGA-1,
CGCGTTCATGAAATAC-1,
CGCTACGGGACATTTA-1,
CGCTAGAGACCGCTGC-1,
CGCTATTCAATGTATG-1,
CGCTATTCTTAGGCTC-1,
CGCTCTCCGTAGATTA-1,
CGCTGGTGACTACCCT-1,
CGCTGTGTGGATGTTG-1,
CGCTTAGTATTGATAC-1,
CGCTTATTCCCGGTCG-1,
CGCTTCGGTCTAAGAC-1,
CGCTTGGACGGATAGA-1,
CGGAAAGAATCAAACG-1,
CGGAAAGCAAATGTGC-1,
CGGAACGTAAACATAG-1,
CGGAGCAATTTAATCG-1,
CGGAGCATGGCGATCC-1,
CGGAGTCCTAACCTGG-1,
CGGAGTTTGAGAGACA-1,
CGGATAAGCGGACATG-1,
CGGATCCTCAAGGACT-1,
CGGCAAACATCGTGCG-1,
CGGCAATAAGATCGCC-1,
CGGCAGGGTCGGGTTG-1,
CGGCCAGAGCGACCAT-1,
CGGCCCAACCTGTAGT-1,
CGGCCCAGGTATATCC-1,
CGGCGCCATCAATCCC-1,
CGGCTCTAAAGCTGCA-1,
CGGCTGAAGGTTACGC-1,
CGGGAATATAGTATAC-1,
CGGGAATTTATGTAAA-1,
CGGGAGCTTCAGTGTA-1,
CGGGAGTATACCGCCG-1,
CGGGCAGCTAAACCGC-1,
CGGGCCATAGCCGCAC-1,
CGGGCCTTCTTTGTAA-1,
CGGGTTCGGCACGTAT-1,
CGGGTTGTAGCTTTGG-1,
CGGGTTTGTTAGGGCT-1,
CGGTAACAAGATACAT-1,
CGGTACTAGAATCAAA-1,
CGGTAGAGGTGCAGGT-1,
CGGTATAGGTATTAGC-1,
CGGTCCGTCGCAAGCC-1,
CGGTGAAGACTAAAGT-1,
CGGTGCAGATAGAACG-1,
CGGTGCGCGTTGGTCC-1,
CGGTGGGCTCCAGCCT-1,
CGGTGTACTTGATCCC-1,
CGGTTATCCAACAGTG-1,
CGGTTCAAGTAGGTGT-1,
CGGTTGACCTGGCATA-1,
CGGTTGGGTTCAAGTT-1,
CGGTTTATGAAGGAAC-1,
CGTAAACGCTTGAGTG-1,
CGTAACTTCGACACTT-1,
CGTAATAATTACGAGT-1,
CGTACCGAAAGTCTAG-1,
CGTATCTAGAACTAAG-1,
CGTATTAAGAGATCTA-1,
CGTCAAGGCTATAAAT-1,
CGTCAATCTTTAACAT-1,
CGTCACGTCCATTGGT-1,
CGTCAGCTATTTACTC-1,
CGTCATACCATATCCA-1,
CGTCCAGATGGCTCCA-1,
CGTCGCGGCGGGATTT-1,
CGTCGGATAGTGTTGA-1,
CGTCGTCCTTCGCGAA-1,
CGTGAAGTTAATTCAC-1,
CGTGACCAGTCCTCTG-1,
CGTGCAGACTGGGACA-1,
CGTGCATTGTCGACGC-1,
CGTGCCCTCCCGAAGA-1,
CGTGCTGGCCTAGTCG-1,
CGTGCTTCTACCTAAA-1,
CGTGGAAGCCTCGTAC-1,
CGTGGCCGAATATCTA-1,
CGTGGTACCCAAAGGC-1,
CGTGTATGGGAGCTGA-1,
CGTGTCCCATTCGCGA-1,
CGTGTCTCGTTACGAC-1,
CGTTAAACTAGTTAGG-1,
CGTTAATGTCCCGACG-1,
CGTTCAAGGAAACGGA-1,
CGTTCAGACCCGCGAA-1,
CGTTCTTCGCACACCT-1,
CGTTGAATACCGCGCT-1,
CGTTGAGCGACCGTCG-1,
CGTTGAGTAATTGCGT-1,
CGTTGCCCGCGTGGGA-1,
CGTTGTAAACGTCAGG-1,
CGTTGTAAGATTGATT-1,
CGTTGTCGGCAATTGA-1,
CGTTGTTTCAATTCCC-1,
CGTTTCGCTCATTACA-1,
CGTTTGGTGTTGTGGG-1,
CGTTTGTGTAGAGGGT-1,
CTAAAGAATGCCTACT-1,
CTAAAGGGAAATAGGA-1,
CTAAAGTCCGAAGCTA-1,
CTAAATCCGGTGTACA-1,
CTAACCGCGCGCCCGT-1,
CTAACGAAACTTGCTG-1,
CTAACTGATAATCGCC-1,
CTAACTGGTCCGGTTC-1,
CTAAGGGAATGATTGG-1,
CTAAGTACAGGGCTAC-1,
CTAATGCGCCCAACAA-1,
CTAATTCGCACGCGCT-1,
CTAATTCTCAGATATT-1,
CTAATTTCAACAACAC-1,
CTACAAGAAATAACCC-1,
CTACACTCGCAGATGG-1,
CTACGACTAGCTATAA-1,
CTACGCACGGAGTACC-1,
CTACGTGTTGCCACCA-1,
CTACTATCTTTCAGAG-1,
CTACTCAAGGTATAGT-1,
CTACTCTAGGCCCGGC-1,
CTAGACATATATGTAG-1,
CTAGACTGCATTTCGT-1,
CTAGATAAACTCCTCG-1,
CTAGATGTGAGTGTAA-1,
CTAGATTTACGACGGC-1,
CTAGCAACTAATTTAC-1,
CTAGCCACAGGCGAGC-1,
CTAGCCGATGTTATGA-1,
CTAGCGCCAATCCTAC-1,
CTAGGCGCCCTATCAG-1,
CTAGGCGGCAGAGAAT-1,
CTAGGGATAGGGACAA-1,
CTAGGTCTGAAGGAAT-1,
CTAGGTTCGGACGTGA-1,
CTAGTGAAGGACAGGA-1,
CTAGTTACAACCCGGT-1,
CTATAAGAGCCAATCG-1,
CTATAGGCGTTGATGT-1,
CTATCGACGAAATACA-1,
CTATCGCGTAGAGAAC-1,
CTATGCCCGAATGCAA-1,
CTATGGGAAGCGGAAT-1,
CTATTCATGTGTCCCA-1,
CTATTGTGTTTGGTCA-1,
CTATTTGGTTACGGAT-1,
CTCAAACCACTGCCCG-1,
CTCAAGACATTAGCGC-1,
CTCACATTTACTAAAT-1,
CTCACCAGTACAAGTG-1,
CTCACTGTGATACTTA-1,
CTCACTTGGCTGGTAA-1,
CTCAGCAGACTGCCGA-1,
CTCAGGACTCACCTGT-1,
CTCAGTCACGACAAAT-1,
CTCATTCGTGAACATC-1,
CTCATTGCTCTAACAA-1,
CTCCCAATGAGTCGCG-1,
CTCCGCCCACATGAGG-1,
CTCCGGCTTGTAGACA-1,
CTCCTCCAGCTCACAC-1,
CTCCTGTTCAAGGCAG-1,
CTCCTTTACGCAAGTC-1,
CTCGAATGGAACGTAT-1,
CTCGAGATCCAAAGCA-1,
CTCGATATTTGCGAGC-1,
CTCGCCGAATGTAGGG-1,
CTCGGGTTCTCTGGCC-1,
CTCGGTACCACTGCTC-1,
CTCGGTTGTCGGCCCT-1,
CTCGTTACGGCTACCA-1,
CTCGTTTCTAATGTTT-1,
CTCTAATGCATTGATC-1,
CTCTAGCCCTCGGAAA-1,
CTCTATTTGGCTGCAG-1,
CTCTCGCTGTACTATG-1,
CTCTTCTATTGACTGG-1,
CTCTTCTGGAAGTTAG-1,
CTCTTGTCCCGCTTGG-1,
CTGAATCCGAGACCTC-1,
CTGAATTTATTGCCAG-1,
CTGACATAGAAATAGA-1,
CTGACTGCGCAGCTCG-1,
CTGAGAAAGTTCGGCG-1,
CTGAGCAAGTAACAAG-1,
CTGATAGTGTATCTCA-1,
CTGCAAGCACGTTCCG-1,
CTGCACAACTACATAT-1,
CTGCACTCCAGTACAG-1,
CTGCAGAGAATCAGAG-1,
CTGCAGGTGCTCGGCC-1,
CTGCCATGCATCACAT-1,
CTGCCCACGAAGCGTT-1,
CTGCCTTTAATACCTT-1,
CTGCCTTTCTAGTAAA-1,
CTGCGGGTGAAATGTT-1,
CTGCTGAGGCCACGAA-1,
CTGCTGTCTAACGAGC-1,
CTGCTTGGCGATAGCT-1,
CTGCTTTATGTCCGCG-1,
CTGGAAATGGATGCTT-1,
CTGGAAGACACGGTGG-1,
CTGGATTTACACTTGA-1,
CTGGCGCACAGGTCTG-1,
CTGGCGGGAATAAGTA-1,
CTGGCTCCTGCGGGAT-1,
CTGGCTGATTCATCCT-1,
CTGGCTGCTAACGTAA-1,
CTGGCTGGTTGTCAGT-1,
CTGGGATAAATAATGG-1,
CTGGGCACTAGTCGGA-1,
CTGGGCCTGCTATATC-1,
CTGGGCTATCCTTTGG-1,
CTGGGTAGGCAGTTAA-1,
CTGGTAAAGTGTGGGC-1,
CTGGTAACACATAGAA-1,
CTGGTAACGAGCTCTT-1,
CTGGTCATTCCAATCC-1,
CTGGTTTCGAGCAAGA-1,
CTGTACTTCTTAGCAT-1,
CTGTAGCCATCTCACT-1,
CTGTAGTGAGGATCGA-1,
CTGTATGGTGTAGAAA-1,
CTGTCACGCCAGGCGC-1,
CTGTCTGTGGCTGGCT-1,
CTGTGCAGGGTAGGTC-1,
CTGTGGTCGGGAGATA-1,
CTGTTACCCAATCTAG-1,
CTGTTCATCTCACGGG-1,
CTGTTGGCTCTTCTGA-1,
CTTAAATAAGACCCAT-1,
CTTACACGGTATTCCA-1,
CTTAGCCCGGATAGTG-1,
CTTAGTAGGCCTACAG-1,
CTTAGTTGAGGAATCG-1,
CTTATAGATGGCTGTT-1,
CTTATGTTGACTACCA-1,
CTTCAACTCCACTTGG-1,
CTTCATAGCTCAAGAA-1,
CTTCCGCTCCGTGAAG-1,
CTTCCTGCATATTTAC-1,
CTTCGGCCAATTGTTT-1,
CTTCGTAGATAGGTGA-1,
CTTCGTGCCCGCATCG-1,
CTTCTATGTTGAAGTA-1,
CTTCTATTAATGCTAG-1,
CTTCTGGGCGTACCTA-1,
CTTGAGGTTATCCCGA-1,
CTTGAGTTAGGGTAAT-1,
CTTGCAACCGCCTCCT-1,
CTTGCCCAGGCTCTAC-1,
CTTGGCCAAGCTGGGA-1,
CTTGTCAACATTCGAG-1,
CTTGTCGTACGTGTCA-1,
CTTGTGAGGACAGCGG-1,
CTTGTGCTCACCGATT-1,
CTTGTTGCTGAGTCAA-1,
CTTGTTTATGTAGCCA-1,
CTTTAATATTGGTCGA-1,
CTTTACCGAATAGTAG-1,
CTTTAGGAACACTGTT-1,
CTTTAGTGCTATTATT-1,
CTTTCTGTGCGGGCTT-1,
CTTTGAAACATATTCC-1,
CTTTGCATCGCTCTTG-1,
CTTTGGCAGACAGAGT-1,
CTTTGGCGCTTTATAC-1,
CTTTGGCTTTAGTAAA-1,
CTTTGGGATTGTTGCA-1,
GAAACAGATGACCACC-1,
GAAACCATGGTGCGCT-1,
GAAACCGAATTACCTT-1,
GAAACCTATACAAATG-1,
GAAACTCGTGCGATGC-1,
GAAAGAACAGCGTTAT-1,
GAAAGCAGTGCACTTT-1,
GAAAGCCCTTTGGACC-1,
GAAAGTGACTAACTGC-1,
GAAATACTAAACGTTT-1,
GAAATATCACCATCAG-1,
GAAATATGCTTGAATG-1,
GAAATCTGACCAAGTT-1,
GAAATGGCGGTGTTAG-1,
GAAATGGGATGTAAAC-1,
GAAATTAGCACGGATA-1,
GAAATTGTCTCTATAA-1,
GAACAGATTACTAAAT-1,
GAACCCTCTGTGTTCT-1,
GAACGCGGGTCACACG-1,
GAACGGTGTAAAGCAG-1,
GAACGTTAGGAAGACG-1,
GAACTTAGCGCCCGGT-1,
GAAGAAACGATATTGT-1,
GAAGCCACTGATTATG-1,
GAAGCCGGGTAAGCTC-1,
GAAGCCTGCACATTCC-1,
GAAGCTCTTTGCTTAG-1,
GAAGCTTGCTGACCGC-1,
GAAGGACTAAATTGAA-1,
GAAGGAGTCGAGTGCG-1,
GAAGGGCATAACCATG-1,
GAAGTCAGTTGCACTA-1,
GAAGTCTCCCTAGCGA-1,
GAAGTGATTTATCGTG-1,
GAAGTTTCCACTCAAT-1,
GAATAGACGCGACCCA-1,
GAATAGCCCTGCGGTC-1,
GAATAGTGCTCGATTA-1,
GAATCGACATGGTCAC-1,
GAATCTGAACATTCTC-1,
GAATGCCGAAATGACC-1,
GAATGCGAATCGGTTC-1,
GAATGTGGTCCGGATT-1,
GAATTCACCCGGGTGT-1,
GAATTTCTCGCTGCAG-1,
GACAAACATATGCAGG-1,
GACAAGAGATGAGATT-1,
GACACGAGTTAGAGGA-1,
GACACTGAGTTCAGTG-1,
GACACTGGAACCCGAT-1,
GACAGCCAGACCTGAC-1,
GACAGGCACACACTAT-1,
GACATACTGTCGCAGA-1,
GACATCCGTCGAACTG-1,
GACATCGATTTATAAC-1,
GACCAAACGTTGACTG-1,
GACCAGAGCCCTGTAG-1,
GACCGACCGCTAATAT-1,
GACCGACTGAAGCGTC-1,
GACCGCGTCTGACGTG-1,
GACCGTGCTGACGGTG-1,
GACCGTTACATGCGAC-1,
GACCTGGTCTGGGCGT-1,
GACCTTCCACGTCTAC-1,
GACGACGATCCGCGTT-1,
GACGACTTTCCAAGAA-1,
GACGAGGCTAATAAAC-1,
GACGCCGTAAAGGCTA-1,
GACGCTTGCTTCTAAA-1,
GACGGGATGTCTTATG-1,
GACGGGTTGGCCCGTA-1,
GACGGTCAATAGAAGC-1,
GACGTGTAGGGATTAT-1,
GACTAAGTAGGCTCAC-1,
GACTCACCCACGTGAG-1,
GACTCCCAGAATAAGG-1,
GACTCGCGGGAATGAC-1,
GACTCGGTCGGCGGAT-1,
GACTGATTGGTCACAA-1,
GACTGCAAATCGAGCT-1,
GACTGCACCAGCCCAG-1,
GACTGCGGCACGTGTA-1,1
GACTGCTGGTGAGAAA-1,
GACTGGGCGCCGCAAC-1,
GAGAATCTCACGATCA-1,
GAGACCCTGCAACGCC-1,
GAGACTTCGCGACCGA-1,
GAGAGCGCAGTCCCTG-1,
GAGAGGCCTATGTGTA-1,
GAGAGGGCGCGAGGTT-1,
GAGAGGTGCATTCTGG-1,
GAGATCTGCTTGGCAT-1,
GAGATCTTCCATGACA-1,
GAGATGGGAGTCGACA-1,
GAGCACCTGTGTCCAG-1,
GAGCATCAACAACTTG-1,
GAGCCAGCTACCTGTG-1,
GAGCCGAGCGTTTATT-1,
GAGCGCAAATACTCCG-1,
GAGCGCGCACGAGTAG-1,
GAGCGCTATGTCAGGC-1,
GAGCGGAATGCGGTGT-1,
GAGCTCTCGGACCTAA-1,
GAGCTGTCGTCTCGGA-1,
GAGGAATATCTCTTTG-1,
GAGGAATGGAGAGGTT-1,
GAGGAGATCCTCATGC-1,
GAGGCCTGTTGATACA-1,
GAGGCTATCAAAGTCG-1,
GAGGGAGTCAGATCGC-1,
GAGGGTAGTAACAAAG-1,
GAGGTCCCAAAGATCT-1,
GAGGTCTTAGTGGGTC-1,
GAGTAAACCGGAAAGT-1,
GAGTAGATACTAGTTG-1,
GAGTATGCCCGCCTTG-1,
GAGTATGCGCGTGCAT-1,
GAGTCAGACCAGAATC-1,
GAGTCCGCTTACCGGA-1,
GAGTCGACAGACCCTC-1,
GAGTGTGCGGTACCCA-1,
GATAACTCGCACTGTG-1,
GATAAGGGACGATTAG-1,
GATACGATGGGAGTCA-1,
GATAGAACCCGCTAGG-1,
GATAGCGTACCACGCG-1,
GATAGGTAACGTTGAC-1,
GATAGTGCGAGTAAGT-1,1
GATATCAGTATGTATC-1,
GATATGAGACACTAAC-1,
GATATGGATTACGCGG-1,
GATATTGAGATTGGCG-1,
GATCAACATAAAGGGA-1,
GATCATTCCAAACATT-1,
GATCCGGGAATTAACA-1,
GATCCTAAATCGGGAC-1,
GATCCTCGACACTGGC-1,
GATCGACACTATCTGA-1,
GATCGCGGGCTCTCCA-1,
GATCGCTACCCGATTT-1,
GATCGCTATATCTCAG-1,
GATCGGCGATAAGTCG-1,
GATCTCGACGCTGTGG-1,
GATCTGCTATCTAAGG-1,
GATCTTCATTGTCCTC-1,
GATCTTGGAGGGCATA-1,
GATCTTTGCAGGGTAT-1,
GATGACAAGTAGGGCA-1,
GATGACGATGATCGCG-1,
GATGATTTGAAACTGG-1,
GATGCCACACTACAGC-1,
GATGCCAGCAGAAGGC-1,
GATGCGAATGGTATTA-1,
GATGCGTCCTGCATTC-1,
GATGCTACCTTCGATG-1,
GATGCTGTATTTCATC-1,
GATGGCGCACACATTA-1,
GATGTTCAATCCACGA-1,
GATGTTTGTGCGAGAT-1,
GATTAACCGAAAGCCC-1,
GATTAATCCTGGCTCA-1,
GATTACTGAATTTGGG-1,
GATTCCTATACGGCGC-1,
GATTCGACGGTTCACG-1,
GATTGCTCCAGTTGCA-1,
GCAAACCCTACATTAT-1,
GCAAACCTTGGCCATA-1,
GCAAACGTCGCCAGGT-1,
GCAAATATTACGCTTT-1,
GCAACAGCAGTATGCG-1,
GCAACCACGGCCGCGT-1,
GCAACCCAAGTTGTTT-1,
GCAAGAATTCCTTGGC-1,
GCAAGATGTGTTCGCG-1,
GCAAGTGTAAAGCATG-1,
GCACAAGTGGATCATA-1,
GCACACACTGGTAGCC-1,
GCACACGCCCATGGTC-1,
GCACGCCTACTTAGAT-1,
GCACGTGGTTTACTTA-1,
GCACTGCCTACCTTTA-1,
GCAGACCCAGCACGTA-1,
GCAGATCCATAAGACT-1,
GCAGATCCTCGCAAAT-1,
GCAGCACACAGCCCAG-1,
GCAGCTATGGACAGGT-1,
GCAGGACTATAGAATA-1,
GCAGGTAGAGTATGGT-1,
GCAGTTCGATCCGAGC-1,
GCATACGAGGTCTTTA-1,
GCATAGAGCACTCAGG-1,
GCATCCTCTCCTATTA-1,
GCATCGGCCGTGTAGG-1,
GCATTCAAGGCAACGC-1,
GCATTCGAAATGAACA-1,1
GCATTGTAATTCATAT-1,
GCCAACCATTTCCGGA-1,
GCCAATAGGGCATCTC-1,
GCCACAATTTAAGGAC-1,
GCCACCCATTCCACTT-1,
GCCACTCAGAGCGCGA-1,
GCCACTCCTTACGGTA-1,
GCCAGGCTTAGTGGTA-1,
GCCATCGAGCTGCGTG-1,
GCCCATGGGTGCAATG-1,
GCCCGATCTGTGGTCG-1,
GCCCGCGCGTAAACGG-1,
GCCGAAATTCCTACGT-1,
GCCGACCCACGACTGC-1,
GCCGATTGGCCAAGCT-1,
GCCGCATTAGTCCGGC-1,
GCCGCTAGATACGCAG-1,
GCCGCTTGTGAGAAAC-1,
GCCGGGTTAGGGTCGC-1,
GCCGGTCGTATCTCTC-1,
GCCGGTTTGGGCGGAT-1,
GCCTATGCTGGGCCTT-1,
GCCTATTCCGATATAG-1,
GCCTCATCTGGAAATA-1,
GCCTCCGACAATTCAC-1,
GCCTCTATACATAGCA-1,
GCCTGCTACACTGAGA-1,
GCCTTGTATATGCAGT-1,
GCGAAACGATCGGGAG-1,
GCGAAACTTAACTGGA-1,
GCGACATGTAAACATC-1,
GCGACCCAACCATCTG-1,
GCGACGATAGTTGTAC-1,
GCGAGAAACGGGAGTT-1,
GCGAGAGGCCATGTAA-1,
GCGAGAGTTGCGTCCA-1,
GCGAGGCCCGAGCAGA-1,
GCGAGGGACTGCTAGA-1,
GCGATGTCTGTGCTTG-1,
GCGATTGTTAACGTTA-1,
GCGCAAATATATTCAA-1,
GCGCAAGAGCGCGCTG-1,
GCGCATCCAGTCAGCA-1,
GCGCCGTTCCACGATA-1,
GCGCCTCCCACTCCGA-1,
GCGCGGTCTAGTAACT-1,
GCGCGTCATTGGTACA-1,
GCGCGTTTAAATCGTA-1,
GCGCTAAGTATGCATG-1,
GCGCTATGCCGAGGCA-1,
GCGCTGCTTTGCATTT-1,
GCGCTGGCGGAAAGTC-1,
GCGCTTAAATAATTGG-1,
GCGGACCGCGTTGTGG-1,
GCGGAGAAACTTCGCA-1,
GCGGAGAGGGAGAACG-1,
GCGGCAAAGTATTGCC-1,
GCGGCTCTGACGTACC-1,
GCGGGCGAGCCTTACC-1,
GCGGTAACCCAAATGA-1,
GCGGTGAACTGCGCTC-1,
GCGGTGCGGAGCATCG-1,
GCGGTTCCCTATCATG-1,
GCGTAAATGGCCATAA-1,
GCGTCCCTAAGACATA-1,
GCGTCGCCAGGGTGAT-1,
GCGTCTCTGCATTGGG-1,
GCGTGGTACTGGGTTA-1,
GCGTTATATTTGGAAC-1,
GCGTTCGGAGACCGGG-1,
GCTAAACCTGAGGTGA-1,
GCTAACTGAAGTCTGA-1,
GCTAAGTAAAGGCGAT-1,1
GCTACAATCGAGGATA-1,
GCTACACTGTCCGAAC-1,
GCTACGACTTATTGGG-1,
GCTACTATAGTAGAGT-1,
GCTAGACCGTCTACTG-1,
GCTAGAGTAGAGATGT-1,
GCTAGCAGGGAGTGGG-1,
GCTAGCTTGAATAGCT-1,
GCTAGGCACCACGGAG-1,
GCTAGTAGAGCTTGTA-1,
GCTAGTTTCATTGAGG-1,
GCTATACGTCTCGGAC-1,
GCTATCATACTCATGG-1,
GCTATCGCGGCGCAAC-1,
GCTCAACCTCTTAGAG-1,
GCTCAATCCGTTTATT-1,
GCTCAATGTAATACCG-1,
GCTCCATGCAAAGCAA-1,
GCTCCGGACGTTGATA-1,
GCTCCTGACATACTGG-1,
GCTCGACCGAACTGAA-1,
GCTCGCGGTTCCGCTC-1,
GCTCGCTCATGTCCAA-1,
GCTCTATGTTACGTGC-1,
GCTCTTTCCGCTAGTG-1,
GCTGAGCAACGGTTCT-1,
GCTGAGGCGTGAGTAT-1,
GCTGCACGGTTTCTTA-1,
GCTGCGCCTCCCACGT-1,
GCTGCTAAGTAGTCGA-1,
GCTGCTACTGCGTAGC-1,
GCTGGACCCAAAGTGG-1,
GCTGGCAGGTGCCGTG-1,
GCTGGCATATTCACCT-1,
GCTGGCGGCGCATGCT-1,
GCTGGGTCCGCTGTTA-1,
GCTGTATTACTGGCCC-1,
GCTGTCTGTGATCGAC-1,
GCTGTTGCTACCGAAC-1,
GCTTAATGTAACTAAC-1,
GCTTATGAAGCAGGAA-1,
GCTTCAGTGGGATTAC-1,
GCTTCCAGCTTAGATT-1,
GCTTGATGATAATCAG-1,
GCTTGGATCGATTAGG-1,
GCTTTCAGAGGAGGTG-1,
GGAAACCTTGTTGAAT-1,
GGAAACTAAATGGGCC-1,
GGAACCCGAACAAGAA-1,
GGAACCGTGTAAATTG-1,
GGAACGGCCTGCAGCC-1,
GGAACTTTGGCGATTA-1,
GGACAAGTTGCAGTGA-1,
GGACACAAGTTTACAC-1,
GGACCAACAGGATAAC-1,
GGACCTACGGTAACGT-1,
GGACCTCTAGGCCGCC-1,
GGACGGCTTGCGCAAC-1,
GGACGGGCGACCAACC-1,
GGACTAAGTCAGGAGT-1,
GGACTCACAAATTAGG-1,
GGACTCGACAGCGCAT-1,
GGACTCGTGAGTGGTC-1,
GGAGACATTCACGGGC-1,
GGAGACGACACCTTTG-1,
GGAGCAACATTTCAAG-1,
GGAGCGAGGCCTACTT-1,
GGAGGAGTGTGTTTAT-1,
GGAGGCGAAGAACCGC-1,
GGAGGGTCAAGTAAGA-1,
GGAGTACACATGAGCT-1,
GGATCATCCCGTACGC-1,
GGATCCCTACCAGCTA-1,
GGATCTTACTGCCCTT-1,
GGATGAAGATCGCTGA-1,
GGATGACGCGAGTTTA-1,
GGATGCTGGCGTTCCT-1,
GGATGTCCTTACCGCA-1,
GGATTCAGTACGGTGG-1,
GGCAAAGGCGCCAATA-1,
GGCAAATTACTTTACT-1,
GGCAAGCCCATAGTGG-1,
GGCAAGGCGAAATAGC-1,
GGCACTCCACTGGGCA-1,
GGCAGAGAGATCGGGA-1,
GGCAGCAAACCTATGC-1,
GGCAGCGGTAATCCTA-1,
GGCATACAGGTAGCGG-1,
GGCCACACGAAAGCCT-1,
GGCCCAATCTAGAGGG-1,
GGCCCTCACCCACTTA-1,
GGCCGAGACTCTGGTG-1,
GGCCGTTTGGGTTTCA-1,
GGCCTGCTTCTCCCGA-1,
GGCCTTTGCAACTGGC-1,
GGCGAAATCTAACTTG-1,
GGCGAGCATCGAGGAC-1,
GGCGCAGGACATCTTC-1,
GGCGCATGAATTGATG-1,
GGCGCGGAGATCTTTC-1,
GGCGCGTTCGAGTTTA-1,
GGCGCTCCTCATCAAT-1,
GGCGCTTCATTCCCTG-1,
GGCGGAGTAATATTAG-1,
GGCGGTTTGCCGGTGC-1,
GGCGTCCTATCCGCTG-1,
GGCTAAAGGGCGGGTC-1,
GGCTAATGATTGAAAT-1,
GGCTACTATACACTCC-1,
GGCTATTAAGTTGTAT-1,
GGCTCCTCCACCTGTT-1,
GGCTCGCGTTGAGGTA-1,
GGCTCGTGCCACCAGC-1,
GGCTGAAATAGCAAAG-1,
GGCTGAGCATCGTAAG-1,
GGCTGGCAGCTTTATG-1,
GGCTTGGCTCTCACCT-1,
GGCTTTCAATAAGGGT-1,
GGGAACCACCTGTTTC-1,
GGGAACGGGAGGTTAG-1,
GGGAACGGTTTCAGAT-1,
GGGAAGACGGTCTGTC-1,
GGGAAGGGCTTTCTCA-1,
GGGAATGAGCCCTCAC-1,
GGGAATTCTGTCCAGT-1,
GGGACCCGTATATCTT-1,
GGGAGGATGCCCGAAA-1,
GGGATACGGTAATAAT-1,
GGGATGGTCGTAACCG-1,
GGGATTATCTCACAAC-1,
GGGATTTACCGCACCT-1,
GGGCACGAATTGGCCG-1,
GGGCACGTAGTACTGT-1,
GGGCAGAGCAATCGTT-1,
GGGCCCGTCTTAAACA-1,
GGGCCCTACGAAAGGG-1,
GGGCCCTTATCTATAC-1,
GGGCCGGCCGAAGTAC-1,
GGGCCTATACAACCGG-1,
GGGCGAATTTCTCCAC-1,
GGGCGGCAAATGAATT-1,
GGGCGGGTTCCCTACG-1,
GGGCGGTCCTATTGTC-1,
GGGCGTCACCACGTAA-1,
GGGCTATGATCGATGG-1,
GGGCTGGTTAGTCGCG-1,
GGGTAATGCTGTGTTT-1,
GGGTACACTCTGGAGG-1,
GGGTACCCACGGTCCT-1,
GGGTACTTCATGAACT-1,
GGGTATGTATGCACTT-1,
GGGTCACCGTGACGGT-1,
GGGTCACGTGCTTATG-1,
GGGTCAGGAGCTAGAT-1,
GGGTCATGCGTACCAT-1,
GGGTCGTGGCAAGTGT-1,
GGGTCTATCGCTTTCC-1,
GGGTGACACCTTAACT-1,
GGGTGCATATGAAAGC-1,
GGGTTAACATTTGAGT-1,
GGGTTCAGACGAACAA-1,
GGGTTTAGGATAGGAT-1,
GGGTTTCCGGCTTCCA-1,
GGTAAACTCTGCGCTG-1,
GGTAACCGGCAAAGGT-1,
GGTAACCGGGAGGATA-1,
GGTACAAACATGCTAT-1,
GGTACATCTGGGACGA-1,
GGTACCATTAAGACGG-1,
GGTACGTTGCGGCCGG-1,
GGTACTAAGTGCTTTG-1,
GGTAGAAGACCGCCTG-1,
GGTAGACCGTTGGGCG-1,
GGTATCAAGCATAGAA-1,
GGTATGAAAGAACTGA-1,
GGTATTGCCGAGTTTA-1,
GGTCAAGACTACTTCG-1,
GGTCAGTGGGTCCCAC-1,
GGTCCCATAACATAGA-1,
GGTCCTTCATACGACT-1,
GGTCGGATAAACGGCG-1,
GGTCGGTCGTCCACAG-1,
GGTCTCCGTCCAGGTT-1,
GGTCTCTGAATGGACT-1,
GGTCTTGAGCGCTCTT-1,
GGTCTTGGTGTTAACT-1,
GGTGAAGTACAGGGAT-1,
GGTGATAAGGAGCAGT-1,
GGTGATGAAGGAAGTG-1,
GGTGCAGAGCCTATCG-1,
GGTGCATAAATGATTA-1,
GGTGCTGATCACAAAG-1,
GGTGCTGGTACACATT-1,
GGTGGACCACGTGTTA-1,
GGTGGACTGCTCTGGC-1,
GGTGTAGGTAAGTAAA-1,
GGTGTTCTGTTTCTAC-1,
GGTTACCACCCTCGGG-1,
GGTTAGCTATATGTCT-1,
GGTTAGGCTTGGAGAA-1,
GGTTAGTTACGGCGCC-1,
GGTTCCACCCGCTTCT-1,
GGTTCGATGCTGAGTT-1,
GGTTCGGATTATACTA-1,
GGTTCTACTCGTCTGA-1,
GGTTGTGCTCTTGTCC-1,
GGTTGTGTAGCCTGGC-1,
GGTTTAATTACCATCG-1,
GGTTTAATTGAGCAGG-1,
GGTTTAGCCTTTCTTG-1,
GGTTTCAATCGGTCAG-1,
GGTTTGACAAGAAGCT-1,
GGTTTGTGACCTGAGG-1,
GTAACATCAGCTCATC-1,
GTAACATCTAAGATAA-1,
GTAACTGCCCAAGGAG-1,
GTAAGTAACAGTCTGG-1,
GTAAGTAGGGTATACC-1,
GTAATAAAGGGCTCCC-1,
GTAATCTGATTCTTCG-1,
GTACAGAGGCAAGGGT-1,
GTACGACGGCGCTGCG-1,
GTACGCTTCATTGCAC-1,
GTACGTCACGTATTAA-1,
GTACGTTTGCCCGTCA-1,
GTACTCCCTTATCGCT-1,
GTACTCCTGGGTATGC-1,
GTACTTGGGCACTTCT-1,
GTAGAAACGGGTGGAG-1,
GTAGACACGCCTGACT-1,
GTAGAGGGAGACAAGT-1,
GTAGCCAAACATGGGA-1,
GTAGCGGCTATACACT-1,
GTAGCTCCGGGAGGCT-1,
GTAGTCGCGGGAATCA-1,
GTAGTCTACGATATTG-1,
GTAGTTCGAAGGCGAA-1,
GTATAATCTCCCGGAT-1,
GTATAGTGGCCCATGT-1,
GTATATGTTACGGCGG-1,
GTATCAAACGTTAGCT-1,
GTATCAGCTTGGGTTC-1,
GTATCCTTTGGTAACC-1,
GTATCGGGACGAGCTG-1,
GTATCTTTCATAACCA-1,
GTATGACGTGGGAAAC-1,
GTATGTGGGTCTAGTT-1,
GTATTAAGGCGTCTAA-1,
GTATTAGGGTTCGCGT-1,
GTATTCTGAGAAACGA-1,
GTATTCTTACCGTGCT-1,
GTATTTAATGGCATAA-1,
GTCAACCAGGCCTATA-1,
GTCAAGCGGACTCGGG-1,
GTCACCTGTCTATGTC-1,
GTCACTCTCCAAATCT-1,
GTCAGAATAGTCTATG-1,
GTCAGACAGCGTTGGA-1,
GTCAGTTTGGTAGTCG-1,
GTCATCTCCTACAGCT-1,
GTCATGCGCGAGGGCT-1,
GTCATTGCATTGACCC-1,
GTCCAATATTTAGCCT-1,
GTCCACGTCGCATTCG-1,
GTCCAGGCACGTGTGC-1,
GTCCATTACTGCTACG-1,
GTCCCGCGACGTTATG-1,
GTCCGAGAGCAATCAT-1,
GTCCGGACCTGAAATT-1,
GTCCGGCTGAATTGCG-1,
GTCCTACAGGCGGCTC-1,
GTCCTACGAATAGTCT-1,
GTCCTATTGTTGTGGT-1,
GTCCTTCTACAACCCA-1,
GTCCTTTAATGACTTC-1,
GTCGATAGGTGACTTT-1,
GTCGCCGTTGTGTGTT-1,
GTCGCGTAACCCGTTG-1,
GTCGGAAGGATACCAG-1,
GTCGGATATCTCAGAC-1,
GTCGGGAAGCAGAAAC-1,
GTCGTACCATCTCGGG-1,
GTCGTACCTACGATTG-1,
GTCGTATTGGCGTACA-1,
GTCGTGTCTGGTCATC-1,
GTCGTTATTCGCTTAT-1,
GTCTACTCAATTACAA-1,
GTCTAGTGAGCCGCTT-1,
GTCTATCTGAGTTTCT-1,
GTCTATTGCATGCTCG-1,
GTCTATTGGTTCCGGT-1,
GTCTCAAGGCCCGGCT-1,
GTCTCGACTAAGTTTG-1,
GTCTCGCCAACACGCC-1,
GTCTGGGCGGTCGAGA-1,
GTCTTCCTCACCTAAG-1,
GTGAACTCCCATTCGA-1,
GTGAAGATTTCAAGTG-1,
GTGAAGCCGTATAGTC-1,
GTGACAGCTTCCCACT-1,
GTGACCGCACACTACG-1,
GTGACGCAGGTTTCAT-1,
GTGACTTCAGTAGTGC-1,
GTGAGATAACCTTATA-1,
GTGAGCGTGCTGCACT-1,
GTGAGGACACTTAAGG-1,
GTGAGTCTAAGACGGA-1,
GTGAGTGGTACAACGC-1,
GTGATCACTAACGCCT-1,
GTGATCATAGATCTGC-1,
GTGATGCACAACATCT-1,
GTGATTCGCCGCTCAA-1,
GTGCAAATCACCAATA-1,
GTGCACCAGCTTCAAC-1,
GTGCCATCACACGGTG-1,
GTGCCCGTTCGGATTC-1,
GTGCCGCTTCAAAGGT-1,
GTGCCTAGCTATGCTT-1,
GTGCGAAATCGAACAC-1,
GTGCGACAGGGAGTGT-1,
GTGCGCTTACAAATGA-1,
GTGCGTGTATATGAGC-1,
GTGCTCAAGTACTGTC-1,
GTGCTGCAGATAAGGA-1,
GTGGACCAACCCGATT-1,
GTGGACGCATTTGTCC-1,
GTGGACGTGCTGAGAC-1,
GTGGAGTCGGCGGTTG-1,
GTGGCCTAATATCATT-1,
GTGGCGGTCCCAGCGT-1,
GTGGCGTGCACCAGAG-1,
GTGGGAACAAACCGGG-1,
GTGGGCTTAGACACAC-1,
GTGGGTCTTCTTTGCG-1,
GTGGTATAGTCTGCCG-1,
GTGGTGGCCAAGTGAA-1,
GTGGTTACTTCTTTCG-1,
GTGGTTTCCGCCTTTC-1,
GTGTATATCAGCGGGC-1,
GTGTCAGTGTACGTGG-1,1
GTGTCCGATAAGGCAT-1,
GTGTCGTATAGCGTTC-1,
GTGTGAATAACTTAGG-1,
GTGTGAGCCGAGGTGC-1,
GTGTGTCGACGTCGCT-1,
GTGTTACTATGCGTCC-1,
GTTAAAGTAGGACTGG-1,
GTTAACATCACTTAAA-1,
GTTAAGGGTGCGATGT-1,
GTTAATGTCTATCTTA-1,
GTTACAATTGGTGACG-1,
GTTACCTACAACTTGC-1,
GTTACGAAATCCACGC-1,
GTTACTTTGGGCCTAG-1,
GTTAGCCGTAAATCAA-1,
GTTATAATACGGTGAA-1,
GTTATATTATCTCCCT-1,
GTTATTAAATACGACC-1,
GTTATTAACGTGGGAG-1,
GTTCAAATCAGATGTC-1,
GTTCACAGGAGTCTAG-1,
GTTCAGTCGCCAAATG-1,
GTTCATCGTTTGGCTG-1,
GTTCCAAGACAGCGAC-1,
GTTCCCGTAAACATAT-1,
GTTCCGTCCGCCTGCA-1,
GTTCGCCATAAGTGCC-1,
GTTCGCTGAGACGTCT-1,
GTTCGGAGCACTCAAC-1,
GTTCGGGCGTACCATT-1,
GTTCGGTGTGGATTTA-1,
GTTCGTCTAAAGAACT-1,
GTTCGTTGCGGACCAG-1,
GTTGAACCGGTTCCAT-1,
GTTGAGTCCCGCCGGT-1,
GTTGCGGACGGTCAGG-1,
GTTGGATTTGCGTTGG-1,
GTTGGTCATGCTATCC-1,
GTTGTTGCAAGATGGC-1,
GTTTACGTTCCATCTG-1,
GTTTATGGGATTTAGA-1,
GTTTCAAACGAGTTGT-1,
GTTTCATATCGTCGCT-1,
GTTTCTGCAGTCTCCC-1,
GTTTGACCAAATCCTA-1,
GTTTGAGCGGTTATGT-1,
GTTTGGCCCAAGTTAT-1,
GTTTGGCGTCAGGCAC-1,
GTTTGGGCTTGTGAGC-1,
GTTTGGGTTTCGCCCG-1,
GTTTGGTAGGGTCAAC-1,
GTTTGGTGATCGGTGC-1,
TAAACCCAGGAGGGCA-1,
TAAACGTCGTCAATGA-1,
TAAAGCGGTATTTCCA-1,
TAAAGCTGCAATAGGG-1,
TAAAGTGCACGTCTCG-1,
TAAATGAATCCGTTTC-1,
TAAATGCCGTCTCATG-1,
TAACAAAGGGAGAAGC-1,
TAACAATATTTGTTGC-1,1
TAACAGCGTTTGTGCT-1,
TAACCGTCCAGTTCAT-1,
TAACCTACCGTCCGAG-1,
TAACCTAGGGAGTCCA-1,
TAACGCTTTGAGAGCG-1,
TAACTATCGAAGGTCC-1,
TAACTATTACGCCAAA-1,
TAACTCATCCGCGCGG-1,
TAACTCCATGGAGGCT-1,
TAAGCAGGCGACACGC-1,
TAAGCCCTTACGACCA-1,
TAAGGCATAACATCAA-1,
TAAGGCCCGTCACCCT-1,
TAAGGCTGAATCCCTC-1,
TAAGGGCCTGTCCGAT-1,
TAAGGGCTGGGAGAGG-1,
TAAGTAAATGTGCCGC-1,
TAAGTAACATCTTGAC-1,
TAAGTCGCCGAGTATC-1,
TAAGTTGCGACGTAGG-1,
TAATAGAACAGAGTTA-1,
TAATCAGGAATGCTGC-1,
TAATCGATCCGTACGT-1,
TAATGAAAGACCCTTG-1,
TAATTACGTCAGTAGA-1,
TAATTAGGACATCCGT-1,
TAATTCCAATGCTTCA-1,
TAATTGGAATCGGGAA-1,
TACAAATTGCGGAGGT-1,
TACAACGCACAACTCA-1,
TACAAGTCTCGTGCAT-1,
TACACAGCCGTGGTGC-1,
TACAGAAACGGTGGGC-1,
TACATAGGCATACACC-1,
TACATCTTGTTTCTTG-1,
TACATGACCTTATCCG-1,
TACATGCCGGAATTGT-1,
TACATTTCTAACGTGC-1,
TACCAAATAGCCCAGA-1,
TACCAATAAAGTACCA-1,
TACCAGAAGTAGGTTC-1,
TACCAGGAATCCCGTC-1,
TACCGATCCAACACTT-1,
TACCGCGGACTTGCAG-1,
TACCGGCTCACTGCCC-1,
TACCGGTCGTTTCCAT-1,
TACCGTAGGTTAACTA-1,
TACCGTGCCTCGGACC-1,
TACCTACTCCCAGTAT-1,
TACCTCAGTTGTCTGT-1,
TACCTCCACACCAATG-1,
TACCTCTTTACCATCC-1,
TACCTGCTGCACTGTG-1,
TACCTTAAGATTTCCC-1,
TACGAACACGACTTCA-1,
TACGACGCTTGCTGCG-1,
TACGACTGCCTCTTAG-1,
TACGAGAACTTCACGT-1,
TACGATCCAAGCCACT-1,
TACGATGTTGATCATC-1,
TACGCAGTTCTTTCCT-1,
TACGCCATATTCTAAT-1,
TACGCCGAGGGTACCC-1,
TACGCCTCCATTCCGA-1,
TACGCTATAGAAACCT-1,
TACGCTCGGTATTGGA-1,
TACGGCATGGACGCTA-1,
TACGTAAAGCGGAGTG-1,
TACGTACTAGTGCTGA-1,
TACGTGCACTATGCTG-1,
TACGTTTACCGGCAAT-1,
TACTATGGTTCCTCAG-1,
TACTCACAACGTAGTA-1,
TACTCCTCTAGTTGAC-1,
TACTCGGCACGCCGGG-1,
TACTCTTACTTTACTG-1,
TACTCTTTCGTCTTCA-1,
TACTGAACAGATTTAG-1,
TACTGCAATCAATTAC-1,
TACTGGACAGCTCGGC-1,
TACTTAAACATGTACA-1,
TACTTGTTAGTAGTCC-1,
TACTTTACTGAGCCGG-1,
TAGAAACACAATAGTG-1,
TAGAAATTCACGTATA-1,
TAGAACGCCAGTAACG-1,
TAGAATAGCCGATGAA-1,
TAGACGAAACGCCAAT-1,
TAGACTACCTAGCGTT-1,
TAGAGATCATGCAACT-1,
TAGAGGTTCTACTTGT-1,
TAGAGTCTAAGCGAAC-1,
TAGATATGGACTGGAA-1,
TAGATGGTTCCTTACT-1,
TAGATTCAAAGTGCGG-1,
TAGATTCCTGGTTATT-1,
TAGCAACCTGTCACAA-1,
TAGCAGTATGACTAAA-1,
TAGCCAGAGGGTCCGG-1,
TAGCCATTTCAAAGTC-1,
TAGCCGGCGGTCAGCG-1,
TAGCGTCCCTCGATTG-1,
TAGCGTCCGGTGTGGT-1,
TAGCGTCGAATATTGA-1,
TAGCGTTGGGTCTTAC-1,
TAGCTAAGTCCGGGAG-1,
TAGCTAGAAGGCATGA-1,
TAGCTAGTGATGATGG-1,
TAGCTCAGATCCTAGT-1,
TAGCTCGCCTGATAAC-1,
TAGGCCTATATAGTCT-1,
TAGGCTAAAGTGGCAC-1,
TAGGGAGCTTGGGATG-1,
TAGGTCCAAGTAAGGA-1,
TAGGTCGCCGGAACTG-1,
TAGGTGACGATAACCT-1,
TAGGTGAGCCCTACTC-1,
TAGGTGCTCGCCTAGC-1,
TAGGTGTTCCACAGAT-1,
TAGTACCTTAGTGGTC-1,
TAGTAGCTTATACCAG-1,
TAGTCCCGGAGACCAC-1,
TAGTCCGCAGAGAATG-1,
TAGTCCGTATGCATAA-1,
TAGTCGATCACGGGTT-1,
TAGTCGGGATTCTTCG-1,
TAGTCTAACAACGAGA-1,
TAGTCTGTGACGTTGC-1,
TAGTCTTTCCGAATTG-1,
TAGTGCCCTCCAGAGT-1,
TAGTGCTTGAATCCTT-1,
TAGTGTCAGAAACGGC-1,
TATACACAGACGCCTT-1,
TATACACGCAAAGTAT-1,
TATACCGAGTGCCACA-1,
TATACGCGTCATCACT-1,
TATACTCATGCGGCAA-1,
TATAGAGTCGCTTGAA-1,
TATAGATGGTCGCAGT-1,
TATAGGGTACTCATGA-1,
TATATAGGGCTTTACG-1,
TATATATCGAGAAATG-1,
TATATCATTGATCAGT-1,
TATATCCCTGGGAGGA-1,
TATATGCTGGGTTGCC-1,
TATATTACAAATGTCG-1,
TATCAAAGGTCTGTAA-1,
TATCACCATGTAAAGT-1,
TATCACCCAACCGACC-1,
TATCACTTCGAGTAAC-1,
TATCCAATTGGTTATC-1,
TATCCGCACCGTCGGG-1,
TATCCTATCAACTGGT-1,
TATCTACAGAGGTAAT-1,
TATCTACCACAGCGGG-1,
TATCTAGCCTAAAGGA-1,
TATGAAGAATTAAGGT-1,
TATGAAGACAGGTGCG-1,
TATGATCCGGCACGCC-1,
TATGATCTTCTCTTTA-1,
TATGGCAGACTTTCGA-1,
TATGGCCCGGCCTCGC-1,
TATGGGACCGAGCAGG-1,
TATGGGTACGTATCGT-1,
TATGGTCTGAGTAACA-1,
TATGGTTAGTGGGAGA-1,
TATGTAAAGTGCTTAA-1,
TATTAACCTGACCGCG-1,
TATTACCATCCTGCTT-1,
TATTCCACTCAGCTCG-1,
TATTCCGAGCTGTTAT-1,
TATTCCTCCGCCCACT-1,
TATTGCCGGGCTTGTA-1,
TATTTGATTTGCACAG-1,
TATTTGTTACCCTTTA-1,
TCAAACAATTAGGACA-1,
TCAAATTTGAGACTCA-1,
TCAACAAAGATAATTC-1,
TCAACATAGCGCCCTA-1,
TCAACGAGGAGACAAA-1,
TCAACGCAGGAAATAA-1,
TCAACGCGACCGGCAG-1,
TCAACTAACGTATAAC-1,
TCAACTGCAGAGTCAG-1,
TCAAGCGCGGACGGTA-1,
TCAAGGTTACTACACC-1,
TCAATACAATTGCTGC-1,
TCAATACGCCGTCATG-1,
TCACAAACCGAGGTAC-1,
TCACAGATCCTCAAAC-1,
TCACAGCAAACTCGAA-1,
TCACAGGAGAATAAGA-1,
TCACAGGGAATCGCAA-1,
TCACAGGTTATTGGGC-1,
TCACATCTTATCTGAT-1,
TCACCCTCTTAAGATT-1,
TCACCGCTCGGCACTC-1,
TCACGATGTCCGTGGA-1,
TCACGCATTGTAGATC-1,
TCACGTGCCCGATTCA-1,
TCACTCAGCGCATTAG-1,
TCACTCTTCGTCTGTC-1,
TCAGAACCTCCACAGG-1,
TCAGACGCTATAGAAG-1,
TCAGCAGTAGGCCCTG-1,
TCAGCCAATCCGTAAA-1,
TCAGGGCGACTTCCTT-1,
TCAGGGCGCAAACTCG-1,
TCAGGTTCTTTGAGAA-1,
TCAGTACTGACCCGCG-1,
TCAGTAGGGACTATAA-1,
TCAGTGTATACGTCAT-1,
TCATACTTACAGATCC-1,
TCATATGAGCTTTGTT-1,
TCATCACTCGAGCTCG-1,
TCATCGATGGTCCCAA-1,
TCATTCGTATAATTTG-1,
TCATTTAAGTCTCCGA-1,
TCATTTAGAAGTGTGA-1,
TCCAACTTTAAATTCT-1,
TCCAATAAAGGCTACC-1,
TCCACAATGGTTTACG-1,
TCCACCTCTAGCCTTT-1,
TCCAGAGCACCGGTTC-1,
TCCAGCGCTATAAGCG-1,
TCCAGGCAGGACGATC-1,
TCCAGGCGAGTACGGT-1,
TCCAGGGTATATACGA-1,
TCCATTAGTTGGATAG-1,
TCCCAAACAGACAACG-1,
TCCCACTCTCTTCCGG-1,
TCCCAGCTTTAGTCTG-1,
TCCCAGGCTTAGCTAA-1,
TCCCGGGTGTGCTGCT-1,
TCCCGTGTGCAATTTG-1,
TCCCTCCGAAATCGTT-1,
TCCCTCTTCTCAAGGG-1,
TCCCTGGCTCGCTGGA-1,
TCCCTTGTCTGAAACT-1,
TCCGAACGTTGCCGCT-1,
TCCGAACTTGGCTTAC-1,
TCCGAAGTAGTCACCA-1,
TCCGATTACATTGCCG-1,
TCCGCAGCCACCTAGC-1,
TCCGCCTGTCTACAAG-1,
TCCGCGGCAGCATCTG-1,
TCCGCGGCCCAATGAA-1,
TCCGCTGTCATCCCGG-1,
TCCGCTTATCCCATTA-1,
TCCGGAGGAAGGGCTG-1,
TCCGGCCTAGCGTACA-1,
TCCGGCCTGCATCGAT-1,
TCCGGGCTTGACGGGA-1,
TCCGGTTCGTCCGGTC-1,
TCCGTAACCACAATCC-1,
TCCGTTAAGCTAATAT-1,
TCCTAAATTGGGAAGC-1,
TCCTAACCGTCGGGCA-1,
TCCTACATCCACGGCC-1,
TCCTAGCAAAGAAGCT-1,
TCCTCGGGCTGGGCTT-1,
TCCTCTACGAGATGGC-1,
TCCTCTCCAGTTGTCC-1,
TCCTGCGTTGATACTC-1,
TCCTGGCGCTGCCTGG-1,
TCCTTACGACGGTCCG-1,
TCCTTTAAATCCGCTT-1,
TCGAAATTTAGGACCA-1,
TCGAAGAACCGAGCAC-1,
TCGAATATCCCGCAGG-1,
TCGAGACCAACACCGT-1,
TCGAGCCAGGCAGGCC-1,
TCGAGGGCAACAGACG-1,
TCGCAAAGATGCATTT-1,
TCGCACCAGGAGGCAG-1,
TCGCACTAACGTTTGT-1,
TCGCATAAAGGGCGCA-1,
TCGCATCCCTAAGTGT-1,
TCGCCCAACTGACTCC-1,
TCGCCCACTGCGAGAG-1,
TCGCCGAAGTTGCGTC-1,
TCGCCGGAGAGTCTTA-1,
TCGCCGGATGGGCAAG-1,
TCGCCTCGACCTGTTG-1,
TCGCGTAGCAGTGTCC-1,
TCGCGTCCAGAAGGTC-1,
TCGCTACTGGCTTTGA-1,
TCGCTCGGCACCAGCG-1,
TCGGAATGCGCTCTGA-1,
TCGGCGAACCCAAACC-1,
TCGGCTTGTATCGACG-1,
TCGGGAACGTGCCTAG-1,
TCGGGAGACAGCGTAC-1,
TCGGGATTCAAACATA-1,
TCGGGCCGTCGTGGTA-1,
TCGGTGACCGCTCCGG-1,
TCGGTTAGCCATGTAG-1,
TCGTAACTCCCAAGAC-1,
TCGTAAGCTCCGAGGA-1,
TCGTACCGACGTCAAG-1,
TCGTATCACCAAGCTA-1,
TCGTATTACCCATTGC-1,
TCGTCAAGTACGCGCA-1,
TCGTCACACTGTTAGC-1,
TCGTCTTAGGCGTTAA-1,
TCGTGTACTATGGATG-1,
TCGTGTATTGGTCACG-1,
TCGTGTCACGCTGACA-1,
TCGTGTTCGACCACAA-1,
TCGTTAGGAGTCCCTA-1,
TCGTTGACAGGGTCCC-1,
TCGTTGCTATCCGGTC-1,
TCTAACTGTATGTAAA-1,
TCTAATACTGCCTCAG-1,
TCTACACGTTCATGCA-1,
TCTACCCAATAGAGAG-1,
TCTAGCAATCTCCGCC-1,
TCTAGCATGCCCAGAA-1,
TCTAGGTGGCGACGCT-1,
TCTAGTGATATCGTGG-1,
TCTAGTTATCAGAAGA-1,
TCTATAGGTGGGTAAT-1,
TCTATCATGCAGTTAC-1,
TCTATGCTATAACGAC-1,
TCTCATGAGATAGGGT-1,
TCTCCACAAGTTGAAT-1,
TCTCCCTGGGCAGCGT-1,
TCTCGAACGAGGTCAC-1,
TCTCGAGGAGGTTCGC-1,
TCTCGGCTCCAGGACT-1,
TCTCTCGCCGCACATA-1,
TCTCTTACCGCGAACC-1,
TCTGAACCGGTCGGCT-1,
TCTGAACTCGTACCCG-1,
TCTGAAGCACGTGGTC-1,
TCTGAATTCCGTACAA-1,
TCTGACTGTAATGGTT-1,
TCTGAGCAATTGACTG-1,
TCTGATGTATTCTGTC-1,
TCTGCAGATTCGAGTC-1,
TCTGCATACCTTGCTT-1,
TCTGCCAGAAACTGCA-1,
TCTGCGTCCGGTTTCT-1,
TCTGGCGCAAGCCGGG-1,
TCTGGGAACCTTTGAA-1,
TCTGGGTAGCGCTCAT-1,
TCTGTGACTGACCGTT-1,
TCTGTGATGGAGGTTG-1,
TCTGTTACCCAGCATA-1,
TCTTAACTCGGATGTA-1,
TCTTACGGCATCCGAC-1,
TCTTACTTATGCCTCT-1,
TCTTAGAGCTCCAATT-1,
TCTTAGAGTGAACTCT-1,
TCTTCCCATGGGCACA-1,
TCTTCGAATAGACGTT-1,
TCTTCGCGGTGAGAGG-1,
TCTTCTATAACCCGCC-1,
TCTTGCTCCCGATACT-1,
TCTTTAAGACTATGAA-1,
TCTTTAGAGTCTAACA-1,
TCTTTCCTTCGAGATA-1,
TCTTTCGGCGGGACAC-1,
TGAAACCTCAACTCAC-1,
TGAAAGGACCTGACTC-1,
TGAACAAGCAGGGACT-1,
TGAACACCCGAAGCAG-1,
TGAAGAGCGGTCCTAG-1,
TGAAGTAGCTTACGGA-1,
TGAATATGCTATAAAC-1,
TGAATGAGTGTTTCCC-1,
TGAATGTCAGCCGGCC-1,
TGACACTTCTCTTTGC-1,
TGACATATATGACGAT-1,
TGACATCGAGCGGACC-1,
TGACCAAATCTTAAAC-1,
TGACCAGCTTCAAAGT-1,
TGACCCAACTCACATT-1,
TGACCCACGTTAGACA-1,
TGACCCAGCATTCCCG-1,
TGACGATGCACTAGAA-1,
TGACTATAATCCTTTC-1,
TGAGACGTACCTCTCA-1,
TGAGAGATTTACCACG-1,
TGAGCCATACAGTCTC-1,
TGAGCGGAAAGTGTTC-1,
TGAGGAGTGCCAGCTT-1,
TGAGGTGTGTGGCGGA-1,
TGAGGTTGATCCCAAG-1,
TGAGTAAATTAGCGTA-1,
TGAGTGCCTCTTAAAT-1,
TGAGTTAAAGACATTC-1,
TGATACATTTAGCCGT-1,
TGATAGCGGGATTCTA-1,
TGATCACCACACTGAC-1,
TGATCAGGGAACTGCT-1,
TGATCCCAGCATTAGT-1,
TGATCTACGCTGATCT-1,
TGATCTCCGGCGCCAG-1,
TGATGGGACTAAGTCA-1,
TGATGTCAATTAAGTG-1,
TGATTATGGCACGCAG-1,
TGATTCCCGGTTACCT-1,
TGATTCGTCTATCACT-1,
TGATTCTGTCGCCGGT-1,
TGATTTATTAGCTGTG-1,
TGCAAACCCACATCAA-1,
TGCAAAGTTCGTCTGT-1,
TGCAACCCATCTGCGG-1,
TGCAATCTAACACGGT-1,
TGCAATTTGGGCACGG-1,
TGCACAGTGAAGTTAT-1,
TGCACTATGTGAGTGC-1,
TGCAGAACTATATCGT-1,
TGCAGAGTACCGAGCA-1,
TGCAGATCGTCCTAGG-1,
TGCAGTTTCCTCCCAT-1,
TGCATATGTCTGTCAC-1,
TGCATGAGTAGATTCG-1,
TGCATGGCAGTCTTGC-1,
TGCATGTGACCCATAG-1,
TGCCAAAGTCAGACTT-1,
TGCCAATGGGTACTCT-1,
TGCCAGTACGTGGAGA-1,
TGCCATGGCTTATAAG-1,
TGCCCGTACCGTTAAA-1,
TGCCGATGTCATCAAT-1,
TGCCGGATGTACGAGC-1,
TGCCGTGGATCGTCCT-1,
TGCCTAATTGAAGATT-1,
TGCCTGACATCGGTCA-1,
TGCCTTGCCCTTACGG-1,
TGCCTTGGCCAGGCAA-1,
TGCGACACCCTAGTGC-1,
TGCGACGGCCGAACGT-1,
TGCGAGAAACGTTACG-1,
TGCGAGAATATTACCC-1,
TGCGAGATGGCGGCCA-1,
TGCGAGCCCTTCCGCG-1,
TGCGATGCTAATGGCT-1,
TGCGCGATTAACGGAG-1,
TGCGGTCTACGAGTAA-1,
TGCGTAAGAACCTGAT-1,
TGCGTGATTGGGTGTC-1,
TGCGTTTGTTGACACT-1,
TGCTAAGTGTCTATTT-1,
TGCTCACACAACAACC-1,
TGCTCCACAGTTCTTA-1,
TGCTCGGCGAAACCCA-1,
TGCTCGGTGGGTCACC-1,
TGCTCTTGAGAGTTTG-1,
TGCTGTTGAAGAACTC-1,
TGCTTAGAGAGAATGC-1,
TGCTTCCCAAGCAGTA-1,
TGCTTGAAACCATGCA-1,
TGGAAACGGAGTGAAC-1,
TGGAACCACTGACACA-1,
TGGAAGAAGGGAACGT-1,
TGGAATATCCTTGACC-1,
TGGAATTAGACGCTTT-1,
TGGACACCGTTGCTTG-1,
TGGACCACGGCGTTGA-1,
TGGACGTAGGCGAATC-1,
TGGAGTGATGCGATGA-1,
TGGATAGAGTAACAGA-1,
TGGCAAACTAAATTAC-1,
TGGCAAGCACAAGTCG-1,
TGGCAATGGGACGGCG-1,
TGGCACGAGCTCGAGT-1,
TGGCAGATTACGATCA-1,
TGGCAGCAGTAATAGT-1,
TGGCCGTATATTGACC-1,
TGGCGACTGCTCCAAA-1,
TGGCGATCAAGTTATG-1,
TGGCTACACTCTACCT-1,
TGGCTTGTACAAGCTT-1,
TGGGAAATGCCTTTCC-1,
TGGGACCATTGGGAGT-1,
TGGGATGCACTCATTC-1,
TGGGCAATAGTTGGGT-1,
TGGGCAGGCCACCGCA-1,
TGGGCCCATACTAATT-1,
TGGGCCTTGCCTGCAT-1,
TGGGTGGGATGTCATT-1,
TGGGTTCCCGGACGGA-1,
TGGTACCGGCACAGCC-1,
TGGTAGAATATATGGG-1,
TGGTCCCACGCTACGG-1,
TGGTCGTTTGATAGAT-1,
TGGTCTAGCTTACATG-1,
TGGTCTGTTGGGCGTA-1,
TGGTGATCGTATTTGT-1,
TGGTGTGACAGACGAT-1,
TGGTTAAGGGCGCTGG-1,
TGGTTATGCTTGCGGT-1,
TGGTTCAACGGGTAAT-1,
TGGTTTAAACGTGGGT-1,
TGTAACTTGTCAACCT-1,
TGTAATGACCACAATA-1,
TGTAATGCCTTCGGAC-1,
TGTACCTACACGAGGG-1,
TGTACGAACAAATCCG-1,
TGTACGCTATCAGCTT-1,
TGTAGCCATCCCATTC-1,
TGTAGGAGAAATTTCC-1,
TGTAGTGATCTATAAT-1,
TGTATCAGACTGAAGC-1,
TGTATGGCGCAGACAG-1,
TGTATTTACCTAATGC-1,
TGTCATTTGTTGGGAA-1,
TGTCCACGGCTCAACT-1,
TGTCCGCAAACAATTC-1,
TGTCCGTGGCGCCTTT-1,
TGTCCTAAGTCACCGC-1,
TGTCGGCATGGTGGAA-1,
TGTGAGACTAGCCCAA-1,
TGTGATTCCAGCGCTT-1,
TGTGCCGGTGCCGGAA-1,
TGTGCTTTACGTAAGA-1,
TGTGGCGGGCTTCTGG-1,
TGTGGTTGCTAAAGCT-1,
TGTGTAGTAGCACGTG-1,
TGTGTCGCGAGTTGCA-1,
TGTGTTCGTATCCAAG-1,
TGTTATTGTATGTGGC-1,
TGTTCATAAATGTGCT-1,
TGTTCCGCTTCCATGA-1,
TGTTCGTATTGCGGTG-1,
TGTTCTTCCATTGACT-1,
TGTTGGCTGGCGGAAG-1,
TGTTTGAGATCGTCAG-1,
TTAAACCTGGTTCCTT-1,
TTAAACTCGAATTCAT-1,
TTAAAGGCGATGCTCG-1,
TTAACACCTCGAACAT-1,
TTAACGAACAAGCAGT-1,
TTAACGTTAAAGCCTG-1,
TTAACTCACGCGTGGA-1,
TTAACTTCAGGTAGGA-1,
TTAAGACGAACGAACC-1,
TTAAGATAGGATTGAC-1,
TTAAGCGCCTGACCCA-1,
TTAAGGCCCGTACTTT-1,
TTAAGTATTGTTATCC-1,
TTAATGTGTTTGCAGG-1,
TTAATTGCTTTGGGTG-1,
TTACACGATCTGCGAC-1,
TTACAGACCTAAATGA-1,
TTACATCGTGGCCTGG-1,
TTACATGCCACAACTA-1,
TTACCATTGATTACCC-1,
TTACCCTAACAGTCCT-1,
TTACCCTAGGGATTGG-1,
TTACCGCCTTAGGGAA-1,
TTACGGATGGTTCGAG-1,
TTACGTAGCGCGTGCT-1,
TTACGTATCTATGACA-1,
TTACTAAAGGACTTTA-1,
TTACTATCGGCTTCTC-1,
TTACTCTGGTACGTAC-1,
TTACTGGGATATTTCA-1,
TTACTGTCTAGAGCTC-1,
TTAGAAGAACATGACT-1,
TTAGAATAAGGGTCGG-1,
TTAGACGAGTCACCTC-1,
TTAGAGTTTAGAAGGA-1,
TTAGATAGGTCGATAC-1,
TTAGCAACATGGATGT-1,
TTAGCTAATACGATCT-1,
TTAGCTCTGTAATCCG-1,
TTAGCTGATTTGCCGT-1,
TTAGGTCATAACCGAC-1,
TTAGGTGTGACTGGTC-1,
TTAGTAAACCTGCTCT-1,
TTAGTAGGGCGGCGGG-1,
TTAGTTATTCGTGGCA-1,
TTAGTTCAAGTGTTCG-1,
TTATAGGTAATTGTCT-1,
TTATAGTCCAAGGTGC-1,
TTATATACGCTGTCAC-1,
TTATCATACTCGCAAA-1,
TTATCCGGGATCTATA-1,
TTATCGCCTGCGAAGC-1,
TTATGAATGAAAGGGA-1,
TTATGACAAACTGGAT-1,
TTATGATCTTAACGAA-1,
TTATGTTTGCGATAGA-1,
TTATTAGAGCGTGTTC-1,
TTATTATCTGGAAGGC-1,
TTATTTCATCCCAAAC-1,
TTCAATACTCTGAATC-1,
TTCACGAAAGGATCAC-1,
TTCACTCGAGCACCTA-1,
TTCACTTCCTAGAACG-1,
TTCAGAGTAACCTGAC-1,
TTCAGCCCTGGTCCAC-1,
TTCAGCTGGCGTGCCC-1,
TTCAGTTTGTGGCAGC-1,
TTCATAGCCTTGTAAC-1,
TTCATAGGGTGTCCAT-1,
TTCCAATCAGAGCTAG-1,
TTCCAATCTGGCTATC-1,
TTCCACACAGATTTGA-1,
TTCCACATTTCTCGTC-1,
TTCCATCATGCGGTGA-1,
TTCCATCGACAGCGTG-1,
TTCCCGACGCTTCACT-1,
TTCCGCAGAGAAATAT-1,
TTCCGCGTGAGGCGAT-1,
TTCCGGCCTTGAGGCT-1,
TTCCGGCTCGACTTCT-1,
TTCCGGTTACCCACTT-1,
TTCCTCGGACTAACCA-1,
TTCCTCTGCCCGAATA-1,
TTCCTTTCTGTGTTGC-1,
TTCGACAGAGCCCGTG-1,
TTCGCACTCGCGTGCT-1,
TTCGCACTGTACGACA-1,
TTCGCATCCGGAAGCA-1,
TTCGCGCGCCATACGA-1,
TTCGCTATCTGACGTG-1,
TTCGGACTGATGCCTT-1,
TTCGGCTAGAGATGGT-1,
TTCGGGCGCTAGTCTT-1,
TTCGGGTTGCCACGGG-1,
TTCGTACTCCAGAACG-1,
TTCGTGGGCTGGAAGC-1,
TTCGTTCAACGAAGTT-1,
TTCTAACCGAAGCTTA-1,
TTCTACTTGCGAGGGC-1,
TTCTAGAAAGTCTTAT-1,
TTCTATTAAACGCAGC-1,
TTCTGACCGGGCTCAA-1,
TTCTGCCGCGCCTAGA-1,
TTCTGCGAGCGCCCTT-1,
TTCTGCGGGTTAGCGG-1,
TTCTGCTAGACTCCAA-1,
TTCTGTTTCCTGTCGC-1,
TTCTTAGTGAACGGTG-1,
TTCTTATCCGCTGGGT-1,
TTCTTCGCAATAGAGC-1,
TTCTTGAGCCGCGCTA-1,
TTCTTGGACGATCTGC-1,
TTCTTGTAACCTAATG-1,
TTCTTGTGTCCATCAG-1,
TTCTTTGGTCGCGACG-1,
TTGAAAGGTGTAAAGG-1,
TTGAACGAATCCTTTG-1,
TTGAACGACGTGCTGA-1,
TTGAAGAATTCCCAGG-1,
TTGAATTCACGTGAGG-1,
TTGACAGGAGCTCCCG-1,
TTGACATGAACGTGGA-1,
TTGACCATGTTCTCCG-1,
TTGACCGTGTTAATGA-1,
TTGACGCTCCATGAGC-1,
TTGACTACCATATGGT-1,
TTGACTATTGTCCGGC-1,
TTGAGAAGTTTAGCAT-1,
TTGAGAGTACTGCTAA-1,
TTGATAGTCAATACAT-1,
TTGATCTAACTTTGTC-1,
TTGATTAGCTGTTTCT-1,
TTGATTATGCAGATGA-1,
TTGCACAATTCAGAAA-1,
TTGCAGGTCATGAAGT-1,
TTGCATGCTGATCACG-1,
TTGCCCTGATCACGGG-1,
TTGCCGCTTTCTAGTA-1,
TTGCCGGTGATCCCTC-1,
TTGCGCTCTCTCGCTT-1,
TTGCGGCATCAGAAAG-1,
TTGCGTAGTTTGAGGA-1,
TTGCGTCGGCCAACCG-1,
TTGCTAGCTACCAATC-1,
TTGCTGATCATGTTCG-1,
TTGCTGCACCTATCCA-1,
TTGGACATGTGGCTTA-1,
TTGGACCATCTGGCAA-1,
TTGGACCTATAACAGT-1,
TTGGATATCGTCTACG-1,
TTGGCCATCTTGCGCT-1,
TTGGCTCAATATGTGT-1,
TTGGCTCGCATGAGAC-1,
TTGGGACGTAAGAGTT-1,
TTGGTCACACTCGTAA-1,
TTGTAACTTCATAGCG-1,
TTGTAAGGACCTAAGT-1,
TTGTAATCCGTACTCG-1,
TTGTGAACCTAATCCG-1,
TTGTGCAGCCACGTCA-1,
TTGTGGTAGGAGGGAT-1,
TTGTGGTGGTACTAAG-1,
TTGTGTATGCCACCAA-1,
TTGTGTTTCCCGAAAG-1,
TTGTTCTAGATACGCT-1,
TTGTTTCACATCCAGG-1,
TTGTTTCATTAGTCTA-1,
TTGTTTCCATACAACT-1,
