Barcode,Glands
AAACAATCTACTAGCA-1,
AAACACCAATAACTGC-1,1
AAACAGAGCGACTCCT-1,
AAACAGCTTTCAGAAG-1,
AAACAGGGTCTATATT-1,
AAACAGTGTTCCTGGG-1,
AAACATGGTGAGAGGA-1,
AAACGAAGAACATACC-1,
AAACGAAGATGGAGTA-1,
AAACGAGACGGTTGAT-1,1
AAACGGGTTGGTATCC-1,
AAACGGTTGCGAACTG-1,
AAACTAACGTGGCGAC-1,
AAACTCGGTTCGCAAT-1,
AAACTGCTGGCTCCAA-1,
AAACTTAATTGCACGC-1,
AAAGAATGACCTTAGA-1,
AAAGACCCAAGTCGCG-1,
AAAGGCCCTATAATAC-1,1
AAAGGCTACGGACCAT-1,
AAAGGCTCTCGCGCCG-1,
AAAGGGATGTAGCAAG-1,
AAAGTAGCATTGCTCA-1,
AAAGTCACTGATGTAA-1,
AAATAACCATACGGGA-1,
AAATACCTATAAGCAT-1,
AAATAGGGTGCTATTG-1,
AAATCGCGGAAGGAGT-1,
AAATCTGCCCGCGTCC-1,
AAATGACTGATCAAAC-1,
AAATGCTCGTTACGTT-1,
AAATGGCATGTCTTGT-1,
AAATGGCCCGTGCCCT-1,
AAATGTATCTTATCCC-1,
AAATGTGGGTGCTCCT-1,
AAATTAATAAGCGCGA-1,
AAATTACACGACTCTG-1,
AAATTACCTATCGATG-1,
AAATTGCGGCGGTTCT-1,
AAATTTACCGAAATCC-1,
AACAATACATTGTCGA-1,
AACACGACTGTACTGA-1,
AACACGCGGCCGCGAA-1,1
AACAGCTGTGTGGCAA-1,
AACAGGAAATCGAATA-1,1
AACATAGCGTGTATCG-1,
AACATTGAAGTTGATC-1,
AACATTGGTCAGCCGT-1,
AACATTGTGACTCGAG-1,
AACCAGTATCACTCTT-1,
AACCATAGGGTTGAAC-1,
AACCATGGGATCGCTA-1,
AACCCAGAGACGGAGA-1,
AACCCATCCCATGATC-1,
AACCCGACAACCCGTG-1,
AACCCGCTGTATTCCA-1,
AACCCTGGTGGAACCA-1,
AACCGAGCTTGGTCAT-1,1
AACCGTTGTGTTTGCT-1,1
AACCTTTAAATACGGT-1,1
AACCTTTACGACGTCT-1,
AACGAAAGTCGTCCCA-1,
AACGATAATGCCGTAG-1,1
AACGATAGAAGGGCCG-1,
AACGATATGTCAACTG-1,
AACGCGAACGGCAACA-1,
AACGCGACCTTGGGCG-1,
AACGCGGTCTCCAGCC-1,1
AACGTAGTCTACCCAT-1,
AACGTCATCCGGCTTG-1,
AACGTGATGAAGGACA-1,
AACGTGCGAAAGTCTC-1,
AACGTTATCAGCACCT-1,
AACTAGCGTATCGCAC-1,
AACTAGGCTTGGGTGT-1,
AACTCCTAATCCCATG-1,
AACTCGATAAACACGT-1,
AACTCGATGGCGCAGT-1,
AACTCTCAATAGAGCG-1,
AACTGATATTAGGCCT-1,
AACTGGGTCCCGACGT-1,
AACTGGTGTGGGCCTT-1,
AACTTCTGCGTCTATC-1,
AACTTGCGTTCTCGCG-1,
AACTTTAGCTGCTGAG-1,
AAGAAAGTTTGATGGG-1,
AAGAAGGATCAGTTAG-1,
AAGACCAAATAACTCA-1,
AAGACCCAACTGAACA-1,
AAGACTAACCCGTTGT-1,
AAGAGCTCTTTATCGG-1,1
AAGAGGCATGGATCGC-1,1
AAGATGGCACCGGACC-1,
AAGATTGGCGGAACGT-1,
AAGCACCCTGCGTATC-1,
AAGCATACTCTCCTGA-1,1
AAGCCACTTGCAGGTA-1,
AAGCCGCCGTGAAATC-1,
AAGCTAGATCGAGTAA-1,1
AAGCTATGGATTGACC-1,
AAGCTCGTGCCAAGTC-1,
AAGGAGAACTTATAAG-1,
AAGGATGAGGGACCTC-1,
AAGGGAACGACTGGCT-1,1
AAGGGACAGATTCTGT-1,
AAGGGACTATGCATTC-1,
AAGGGTTTGATTTCAG-1,
AAGGTATCCTAATATA-1,
AAGGTGATAAACCAGC-1,
AAGTAAGCTTCCAAAC-1,
AAGTAGAAGACCGGGT-1,
AAGTCTTCTGTGGCCT-1,
AAGTGAGTCGGGTTTA-1,
AAGTGCGTTAGAATCT-1,
AAGTGCTTCTCTATTG-1,
AAGTGTTTGGAGACGG-1,
AAGTTTACTAATGGCA-1,
AAGTTTATGGGCCCAA-1,
AATAAGTCCTCGAGAC-1,
AATACCGGAGGGCTGT-1,
AATAGAATCTGTTTCA-1,
AATAGGCACGACCCTT-1,
AATAGTCCGTCCCGAC-1,
AATAGTCGCGAGTCGG-1,
AATATCAAGGTCGGAT-1,
AATATCCTAGCAAACT-1,1
AATCAGACTGCAGGAC-1,
AATCAGGTTTCATTTA-1,
AATCCAAGGGCCTGAG-1,
AATCCATGCAAGGGTG-1,
AATCCCGCTCAGAGCC-1,
AATCGAGGTCTCAAGG-1,
AATCGCCTCAGCGCCA-1,
AATCGGGACACTACGA-1,
AATCTAGGTTTACTTG-1,
AATCTCTACTGTGGTT-1,
AATCTGCGTTGGGACG-1,
AATCTGGCTTTCTAGT-1,
AATGACGTAGGATGTC-1,
AATGAGTTCGCATATG-1,
AATGATGATACGCTAT-1,
AATGATGCGACTCCTG-1,
AATGCAACCGGGTACC-1,
AATGCACCAAGCAATG-1,
AATGGTTCTCACAAGC-1,
AATGTATGGCACTGTA-1,
AATGTGCTAATCTGAG-1,
AATGTTAAGACCCTGA-1,
AATTAACGGATTTCCA-1,
AATTACGAGACCCATC-1,
AATTACTCGTACGCTC-1,
AATTATACCCAGCAAG-1,
AATTCATAAGGGATCT-1,
AATTCATTGTCATGCA-1,
AATTCCAACTTGGTGA-1,
AATTCCAAGCATGTAC-1,
AATTGAACGCTCTGGT-1,
AATTGCGTGGATTACA-1,
AATTTGGGACATAGTA-1,
AATTTGGTTCCAAAGA-1,
ACAAACCATGCGTCCT-1,
ACAAACTCCATCAGAG-1,
ACAAAGAAGGTAGGCC-1,1
ACAAATCGCACCGAAT-1,
ACAAATGGTAGTGTTT-1,
ACAAATTCAGATCTGA-1,
ACAACAGCATGAGCTA-1,
ACAAGCTATATGGAAG-1,
ACAAGGAAATCCGCCC-1,1
ACAAGGGCAGGCTCTG-1,
ACAAGTAATTGTAAGG-1,
ACAATTTGAGCAGTGG-1,
ACACACCAGGACCAGT-1,
ACACACTTTCTACACG-1,1
ACACATGATCAAATCT-1,1
ACACATTGACGCAACA-1,
ACACATTTCCGTAGAC-1,
ACACCCGAGAAATCCG-1,
ACACCGAGCGCTCTTT-1,1
ACACCGGTCTGACCGC-1,
ACACGAGACTCCTTCT-1,
ACACGGCACTATGCAT-1,
ACACGGGAACTTAGGG-1,1
ACACTCCAATGTCACT-1,1
ACAGAACTGAGAACAA-1,
ACAGATTAGGTTAGTG-1,
ACAGCATAGAGCCAGT-1,
ACAGCGCACCCGCAGC-1,
ACAGGTGTGTTGTTGC-1,
ACAGTAATACAACTTG-1,
ACATAAGTCGTGGTGA-1,
ACATAATAAGGCGGTG-1,
ACATCGCAATATTCGG-1,
ACATCGTATGCAATGG-1,
ACATCGTTAACCTAGT-1,
ACATGCTTACGGCAGC-1,
ACATGGCTCAATTTAG-1,
ACATTCGCGCGGAATA-1,
ACCAAGAACGCGTGTC-1,
ACCACAACTCAGAACA-1,
ACCACACGGTTGATGG-1,
ACCACGTGCAGCTATA-1,
ACCACTGTTCAAGAAG-1,
ACCAGACCATAACAAC-1,
ACCAGCCCGGTCTTTG-1,
ACCAGGAGTGTGATCT-1,
ACCATCCGCCAACTAG-1,
ACCATTAAGGGTGTCA-1,1
ACCCAACGCCCGTGGC-1,
ACCCGAGCGAAATTAC-1,
ACCCGATTGGTTCCGA-1,
ACCCGGAAACTCCCAG-1,
ACCCGTAGCAGAGAAT-1,
ACCCGTGTCATCAGTA-1,
ACCCTATAGGACTGAG-1,
ACCCTCCCTTGCTATT-1,
ACCCTTCATCTGCGAA-1,1
ACCCTTTAGTTCTCCA-1,
ACCGAAAGGGCCCTGC-1,
ACCGAAGAGTCTGGTT-1,
ACCGACACATCTCCCA-1,
ACCGACTGAGTCCCAC-1,
ACCGAGTCTCCTTATT-1,
ACCGATGGTAGCATCG-1,
ACCGCAATAACTGCCT-1,
ACCGCTAGTCATTGGT-1,
ACCGGTCAGGTACACC-1,1
ACCGTCCACTGGGCCC-1,
ACCGTGACCACGTGGG-1,
ACCGTTCCCGCTCTGA-1,
ACCTAAGTACCTTTCA-1,
ACCTACTATAAATCTA-1,
ACCTCGAACTTATGCT-1,
ACCTGCGTGTCATGTT-1,
ACGACTGGTCATACTC-1,
ACGAGAACCCATCACG-1,1
ACGAGATATTTGCTTA-1,
ACGAGGATACCACTCT-1,1
ACGAGGTTTACAACGT-1,1
ACGAGTCGCCGGCGTT-1,
ACGATACATAGAACTA-1,1
ACGATACCTATCCTGA-1,
ACGATCATACATAGAG-1,
ACGATGGATCCGATGC-1,
ACGCAAACTAATAGAT-1,
ACGCCACTCGAAACAG-1,
ACGCCAGATGATTTCT-1,
ACGCCGCTAGACGACC-1,
ACGCGTTTCTTAAGAG-1,
ACGCTAGTGATACACT-1,
ACGGAATTTAGCAAAT-1,
ACGGACGCAGCGACAA-1,
ACGGCGACGATGGGAA-1,1
ACGGCGGGTTGCCCTG-1,
ACGGCTGGATGTAGAA-1,
ACGGGTCATGTGACTT-1,1
ACGGGTTGTGACCTGT-1,
ACGGTCACCGAGAACA-1,
ACGTACAGATTTCTCT-1,
ACGTACTTTGGCACGG-1,
ACGTAGATTGCTGATG-1,
ACGTAGGAGAGTCGCT-1,
ACGTCGGGCAACTCGG-1,
ACGTCTCGTTCCGGGA-1,
ACGTGACAAAGTAAGT-1,
ACGTGCGCCTCGTGCA-1,
ACGTTAATGTCGAAGA-1,
ACGTTATTGGTCACTC-1,
ACGTTCACTATGCCGC-1,
ACGTTCCGCGCTCCGT-1,
ACGTTCGTTCAGGAAA-1,
ACGTTGTCGTTGAAAG-1,
ACGTTTAGTTGTGATC-1,
ACTACAAAGAGAGGTG-1,
ACTACATCCCGACAAG-1,
ACTACCATCCGAGGGC-1,
ACTACGCGTTAGAATT-1,
ACTATCGCCGGCTAAA-1,
ACTATGTCCAGCTGCC-1,1
ACTATTCGTCCGTGGT-1,
ACTATTTCCGGGCCCA-1,
ACTCAACGAATGTATT-1,1
ACTCAATAAAGGCACG-1,1
ACTCAGACCTGCTTCT-1,
ACTCATGGCAGCCTTC-1,
ACTCCAATATCATCAT-1,
ACTCCCATTCCTAAAG-1,
ACTCCCTAATGCTAAA-1,
ACTCCCTAGAATAGTA-1,
ACTCGATGTATTTCAT-1,
ACTCGTCAGTAATCCC-1,1
ACTCTAAACCTGGGAT-1,
ACTCTCTGACTTAGGT-1,
ACTCTCTTATACACGA-1,
ACTGAATGGCGAAAGT-1,
ACTGATTTAGTGATTC-1,
ACTGCCCGCCATTCTC-1,
ACTGCCGTCGTAACTC-1,
ACTGCTCGGAAGGATG-1,
ACTGGGATGCCAGTGC-1,
ACTGTACGATACACAT-1,1
ACTGTATACGCGAGCA-1,
ACTGTGCTAGTAGATC-1,
ACTGTTTAGTGTAGGC-1,
ACTTACCGGGCGCGCA-1,
ACTTAGTACGACAAGA-1,
ACTTATACTTACCCGG-1,
ACTTATCTGATCTATA-1,
ACTTATTTATGTGCCA-1,
ACTTCAGGCTGATCCC-1,
ACTTCCAGTGGAAGCT-1,
ACTTCGCCATACGCAC-1,1
ACTTGACTCCCTCTTT-1,
ACTTGCCATATTGTAC-1,
ACTTGCTCTATCTACC-1,
ACTTGGGCTTTCGCCA-1,
ACTTGTAGTCCCTTCA-1,
ACTTGTTACCGGATCA-1,
ACTTTATACACCACTT-1,
ACTTTGACTGCATCCT-1,
ACTTTGGTCGTGCTCC-1,
AGAACACGGCGATGGT-1,
AGAACCCTCAATTGGG-1,
AGAACGTGGTACATTC-1,1
AGAAGAGCGCCGTTCC-1,
AGAAGGTACACTTCAC-1,
AGAATTATGGATTCGA-1,
AGAATTGTTTGACATA-1,
AGACATAGATCCTTCC-1,
AGACCAAACCACACCT-1,
AGACCCACCGCTGATC-1,
AGACTGTTACCGGGTC-1,
AGAGAAACACCAGAAA-1,
AGAGAACCGTCTAGGA-1,
AGAGCGGGCTAATCAT-1,
AGAGCTACGAAAGCAT-1,
AGAGGTATCTCGGTCC-1,
AGATAATCACACCTAT-1,
AGATACGACTTCATAT-1,
AGATACTCAAGATCGA-1,
AGATATAATACGACTA-1,
AGATCGTGCATAAGAT-1,
AGATCTCAGGTGTGAT-1,
AGATCTGGAGAGGATA-1,
AGATGACTCGCCCACG-1,
AGATGCATCCTGTGTC-1,
AGATGCTATAACGAGC-1,
AGATTCACAACCGATA-1,
AGCAAAGGCCGCTAGT-1,
AGCAACATATCTTATT-1,
AGCAACCGAAAGTAAT-1,1
AGCACACGTTTAGACT-1,1
AGCACCAGTACTCACG-1,
AGCACTACCTCACCAG-1,
AGCAGAAGGAGAAAGA-1,
AGCAGTCGAAGCATGC-1,
AGCATCATTTCGAAAG-1,1
AGCATCGTCGATAATT-1,
AGCCAAGCTTTGTGTC-1,
AGCCACTCCCGTGCTT-1,
AGCCATATAGTATGTG-1,
AGCCCGCAACAAGCAG-1,
AGCCCGGCATTAGAGG-1,
AGCCCGGTAGCCTGTA-1,
AGCCCTAAGCGAAGTT-1,1
AGCCCTCCCTGGTGGC-1,
AGCCGCAAATTCAAAT-1,
AGCCGCTTGATTAGCG-1,
AGCCGTGGCTAAATGT-1,
AGCCTAATACCCACGT-1,
AGCCTTAAAGCGGAAG-1,
AGCCTTGTCACTGATA-1,
AGCGACATCCCATTCA-1,
AGCGACTTTGAAGACA-1,
AGCGAGACGTGAAGGC-1,
AGCGCGGGTGCCAATG-1,
AGCGGACACTTCGTAG-1,
AGCGGCGGTTAGCGGT-1,
AGCGGGAAGGGTCCAT-1,
AGCGGGTCTGACACTC-1,
AGCGTACGAGAGCTAG-1,
AGCGTAGCGCTAGACC-1,
AGCGTCTGAACCCGCA-1,1
AGCGTGGTATTCTACT-1,
AGCTAACAAGCAATGT-1,
AGCTAAGCTCCGTCCG-1,
AGCTAGAAGCAGAAGT-1,
AGCTATTTAATCCAAC-1,
AGCTCTAGACGTTCCA-1,
AGCTCTTCCCAGTGCA-1,
AGCTGAAGTAAACCAA-1,
AGCTTATAGAGACCTG-1,
AGCTTGATCAGGGTAG-1,
AGGAAAGCCTCTGATG-1,
AGGAAGCTGTCCGCCG-1,
AGGACAGTCGAATCCC-1,
AGGACATCGCACGTCG-1,
AGGACGCTCGATGTTG-1,
AGGACTTATAGGAGAA-1,
AGGATAAAGTCGGGAT-1,
AGGATCACGCGATCTG-1,
AGGCAAAGAGGAATCA-1,
AGGCAGATGCGTAAAC-1,
AGGCAGGGAGCGTACT-1,
AGGCCCAGTGACTGGT-1,
AGGCCCATTGTACAGG-1,
AGGCCTATCATACCAA-1,
AGGCGGTTTGTCCCGC-1,1
AGGCTTAAGTTGCACA-1,
AGGGAAACGAGGTACT-1,
AGGGACAGCACGGCGG-1,
AGGGCAGCGGCGTGGT-1,
AGGGCGTGATCGGCTA-1,
AGGGTCAGAGCACTCG-1,
AGGGTGCCGTTCTTTA-1,
AGGGTGCTCTCGAGGG-1,
AGGGTTCAGACGGTCC-1,
AGGGTTCCCTTTGGTT-1,
AGGTAACCTCCTATTC-1,
AGGTACGATATTGCCA-1,
AGGTAGATCGAGATAT-1,
AGGTCGCCACTTCGGT-1,
AGGTGGTGACCTTCGC-1,
AGGTTCTCCTTTCCGG-1,
AGGTTGAGGCACGCTT-1,
AGTAATGTCTTGCCGC-1,
AGTAATTTGCAAGCGT-1,
AGTACAGAAGCTTATA-1,
AGTACGGGCACCTGGC-1,1
AGTACGTGGCCTGTCT-1,
AGTAGAAGGCGCCTCA-1,
AGTAGGAAGGAAGTTG-1,
AGTAGGTAACATACAT-1,
AGTATACACAGCGACA-1,
AGTATCCATAATAACG-1,
AGTATTTGGCACGACC-1,
AGTCAAATGATGTGAT-1,
AGTCACTCCGCCTCAT-1,1
AGTCAGCCACCGCCTG-1,
AGTCCAGCGGGTACGT-1,
AGTCCCGCCTTTAATT-1,
AGTCGAAACGATTCAG-1,
AGTCGACGGTCTCAAG-1,
AGTCTGGACATCCTTG-1,
AGTCTTCTCCTCAAAT-1,1
AGTGACTGTGACACAA-1,
AGTGAGACTTCCAGTA-1,
AGTGAGGGTTTCTGAC-1,
AGTGATTCAAGCAGGA-1,
AGTGCTTGCACGAATA-1,
AGTGGCGGCAATTTGA-1,
AGTGGGAGTATACACG-1,
AGTGGTGTTACCCGTG-1,1
AGTGTATTGCGCATTG-1,
AGTGTGCTAAGATCGC-1,1
AGTTAAGCGGTCCCGG-1,
AGTTAAGTCAACCGCT-1,
AGTTACCCTTAAGACT-1,
AGTTACTCTATCGTGG-1,
AGTTCACCGGTTGGAC-1,
AGTTCTGCGTTGTATC-1,
AGTTGACATCGGCTGG-1,
AGTTGACGGTCCTTGC-1,
AGTTGCGGTCCTCAAC-1,
AGTTGCTGACTGATAT-1,1
AGTTTCGCAGGTCGGA-1,1
AGTTTGCACCTGCCTC-1,
ATAAACCATTGGACGG-1,
ATAAAGGTCAAGTACG-1,
ATAACGCCGGAGGGTC-1,1
ATAACGGAGTCCAACG-1,1
ATAAGGTGGAGAACAT-1,1
ATAATACCGTTAGCCG-1,1
ATAATAGCTGTTGAAT-1,
ATAATAGTGTAGGGAC-1,
ATAATTAGCTAAGTAG-1,
ATACAGCGTCCACTGA-1,
ATACAGGCCCTCCAAT-1,
ATACCAGCAAATTGCT-1,
ATACCAGGCTAATAGA-1,
ATACCCTCCCGGCCAA-1,
ATACCTAACCAAGAAA-1,
ATACGAGGTTTGTAAG-1,
ATACGCCGATCTACCG-1,
ATACGCCGGCGAAACC-1,
ATACGGAACGTCGTTT-1,
ATACGGGTTTCGATTG-1,1
ATACGTACTTAGCCAC-1,
ATACGTTATGCACGGA-1,
ATACTAGCATGACCCT-1,
ATACTCTCGCCACTCT-1,
ATAGACAACGGGACCT-1,
ATAGAGTTATCAACTT-1,
ATAGCCTCAGTACCCA-1,
ATAGCTGCTCTTGTTA-1,1
ATAGGAATCTAAGCTT-1,
ATAGGCTAGCTTCGCA-1,
ATAGGGATATCCTTGA-1,
ATAGTCTTTGACGTGC-1,
ATATAAAGCGCTCGTG-1,
ATATAAATGTAGCTGC-1,1
ATATACATGTATGGTA-1,
ATATAGAGTATTGGTC-1,
ATATCAATTCCAGCCT-1,
ATATCTCCCTCGTTAA-1,
ATATGGGATAGCAACT-1,
ATATGTCTAGAGCGTG-1,
ATATTATCCCGTATTT-1,
ATATTCCACATAGTGA-1,1
ATATTCCCACAGGTCA-1,
ATATTGCTGTCAAAGT-1,
ATCAAAGAGCCGTGGT-1,
ATCAAGATCCCAGGAC-1,
ATCAATGCCGTGGCTG-1,
ATCACATTAGAATATC-1,
ATCACTTCATCCTCGC-1,
ATCAGAAGCTGGTTGC-1,
ATCAGCTCGTCCACTA-1,1
ATCAGGTCGCCATTGC-1,
ATCAGTAGGCAGGGAT-1,
ATCATAGATCGACGAG-1,
ATCATTGTACCGCATT-1,
ATCCAATGGTACCGAA-1,
ATCCACATCGACAGAA-1,
ATCCACGCTAAATGTT-1,
ATCCCATCCACAGCGC-1,
ATCCCATTTCCGTGGG-1,
ATCCTGCGTGGAATGG-1,
ATCCTGCTGCAGATAG-1,
ATCGACTCTTTCCGTT-1,
ATCGCACGATTGTTCA-1,
ATCGGAGACAGACGGC-1,1
ATCGGCAAGCAGTCCA-1,
ATCGTATTCCGAGAAC-1,
ATCGTCCAATCGAGTC-1,
ATCGTGGAAAGTCTGG-1,
ATCGTTCACTTTCGCC-1,
ATCTAACGTCCCTATG-1,
ATCTAATATCCTACGG-1,1
ATCTAGCTTGTGAGGG-1,
ATCTCCCTGCAATCTA-1,
ATCTGACATGGAAGGA-1,
ATCTGATAGTGTCTTA-1,1
ATCTGCTGTTATCGCC-1,
ATCTGGGCTGTTCTTG-1,
ATCTGGTTAAGACTGT-1,1
ATCTGTAATTGTACCC-1,
ATCTTAGGGCATTAAT-1,
ATGAAGTGGACCCAGC-1,
ATGACGCCGGCTCTAA-1,
ATGACTATCAGCTGTG-1,
ATGACTATGCGACATT-1,
ATGATCGGGAATAGAC-1,
ATGCACCTTCCTTAAT-1,1
ATGCACGCGCTGTTCA-1,
ATGCATGATCCAGGAT-1,
ATGCATTCCGTGATGG-1,
ATGCCATTTGCGACCA-1,
ATGCCGGTCTTGCATA-1,1
ATGCCGGTTGATGGGA-1,
ATGCGACAGTCCCATT-1,
ATGGAAATTTAAGGAG-1,
ATGGACTGCTTAGTTG-1,
ATGGATCCGGCGTCCG-1,1
ATGGCAGCATTACGAT-1,
ATGGCTGGAAATGGCC-1,
ATGGGACCTGCTGAAC-1,
ATGGGCCTCGGCCTCT-1,
ATGGGTGTATACCTCC-1,
ATGGTATTGGGAACCG-1,
ATGGTATTTACTGATT-1,
ATGGTCGCGTGGTTTC-1,
ATGGTGCTCAAAGCCA-1,
ATGTACGATGACGTCG-1,
ATGTCATAATAAACGA-1,
ATGTCATTTCCCATTG-1,1
ATGTCTTGTTTGACTC-1,
ATGTGCATCCGACGCA-1,
ATGTGGACATCTTGAT-1,
ATGTGTAGTTTAGTCA-1,
ATGTTACGAGCAATAC-1,
ATGTTCCTGCCCACCT-1,1
ATGTTGTAGTCTGTTT-1,
ATTAACACCTGAGATA-1,1
ATTAATACTACGCGGG-1,
ATTAATGAACCAGTCG-1,1
ATTAATTCGGTCACTC-1,1
ATTACAACTACCGGCC-1,
ATTACGGGCTACGGTT-1,
ATTACTAGCCTCTTGC-1,
ATTACTTACTGGGCAT-1,
ATTAGATTGATAGCGG-1,
ATTAGGCGATGCTTTC-1,
ATTATACTTTGCTCGT-1,
ATTATCGGAATGTACG-1,
ATTATCTCGACAGATC-1,
ATTATGAGACCCAATT-1,
ATTATGCCATAGGGAG-1,
ATTATTATGTCCGTCA-1,
ATTCAAAGTACCTGTT-1,
ATTCACTGATGTTGGA-1,1
ATTCAGGACCTATTTC-1,
ATTCCCGAAGGTACAG-1,
ATTCCTTCCAGGCGGT-1,
ATTCTCGTCTCTTTAG-1,
ATTCTGAGTATGAACT-1,
ATTCTTCGTACTTATG-1,
ATTGACGTAACTCGGT-1,
ATTGATAGCAACGAGA-1,
ATTGATCACCACATTT-1,
ATTGCCTATTAGACCG-1,1
ATTGGGAATATCTTGG-1,
ATTGGTAGGATCCGCT-1,
ATTGTCGCAATACCTT-1,
ATTGTCTGTTTCATGT-1,
ATTTAACTCGTATTAC-1,
ATTTATACTGGTAAAG-1,
ATTTCATTATTTCGCG-1,
ATTTGGAGATTGCGGT-1,
ATTTGTCTTGGGAGCT-1,
ATTTGTTCCAGGGCTC-1,
CAAACCAGGTCTGCAT-1,
CAAACCCTCCGGCGGG-1,
CAAACGAGTATCGCAG-1,
CAAACTACGATAGAGA-1,
CAAACTATTGAGCTTC-1,
CAAAGTCAGGTTAGCT-1,
CAAATTGTCAGCAAGC-1,
CAACATGGCCTGATAA-1,
CAACCGCACCTAGACA-1,
CAACGACCCGTTTACA-1,
CAACGAGCTTATTATG-1,
CAACGCGATGAGCCAA-1,
CAACGGTTCTTGATAC-1,
CAACTATATCGAATGC-1,
CAACTCCTTGATCCCG-1,
CAACTGCTCATCCGAT-1,
CAACTTGTAGTGGGCA-1,
CAAGAGGGCGGAGTAC-1,
CAAGATATTATAACGT-1,
CAAGCACCAAATGCCT-1,
CAAGCGGCACATAATT-1,1
CAAGTAAGTGATAGAC-1,
CAAGTCGTTGAAATCT-1,
CAAGTGAACTTTGGTT-1,
CAAGTGTGGTTGCAAA-1,
CAATAAACCTTGGCCC-1,1
CAATACGCTCTGAGGC-1,
CAATATGTAGATTTAC-1,
CAATATTGGACTAGTG-1,
CAATCCCTATACCAGC-1,
CAATCCTGCCGTGGAG-1,
CAATGACCCTTAATTT-1,
CAATGGAATCTACATA-1,
CAATGGATCTCTACCA-1,
CAATGGTCGGCCTGGG-1,
CAATTGGGCCGCACTC-1,
CAATTTGACCGGGAAG-1,
CACAAGCTAAGAAAGG-1,
CACACGCGCTGTCTTA-1,
CACACGTTTCAATGGG-1,
CACAGAGACGAGGACG-1,1
CACAGCTAGGGAGTGA-1,
CACAGGGCCGTTGTCA-1,
CACATAAGGCGACCGT-1,
CACATATTAGCAGGAT-1,
CACATCGTGCACGCGC-1,
CACATGTTTGGACATG-1,
CACATTCTTTCGATGG-1,
CACCAATCATCCGTCT-1,
CACCACGCCACACAGA-1,
CACCAGTCAGCATGCA-1,
CACCATCGGAGGAGAC-1,
CACCCACACGTCACCC-1,
CACCCACGAGGCAATT-1,
CACCCTTGGTGAGACC-1,1
CACCCTTTCCTCGCTC-1,1
CACCGATACACCGAGC-1,
CACCGCCGACCAGCGA-1,
CACCGGAGATATCTCC-1,
CACCGGTAGAGACATT-1,
CACCTAATAGAGTCGT-1,
CACCTAATCAGTTTAC-1,
CACCTCGATGGTGGAC-1,
CACCTTGCGAAACTCG-1,
CACGACGTAATAGTAA-1,
CACGACTAAAGTTCTG-1,
CACGAGCAAACCAGAC-1,
CACGATTGGTCGTTAA-1,
CACGCACAGCGCAGCT-1,
CACGTCGGGTTCTAGA-1,1
CACGTCTATGATGTGG-1,
CACGTTCGTGCTCTAG-1,
CACTACTCAGTTCTGT-1,
CACTCAGCTCTTGAGG-1,
CACTCCTCTCGGTCGG-1,
CACTCGAGCTGAACAA-1,
CACTCTCAAGCATCGA-1,
CACTGACGATTGTGGA-1,
CACTGTCCAAGTGAGA-1,
CACTTCGTCTTATCTC-1,
CAGACCTGTAAGTGTT-1,
CAGAGCATGAGCTTGC-1,1
CAGAGTGATTTAACGT-1,
CAGATATGAAGATGAC-1,
CAGATCCTGGTTTGAA-1,1
CAGATGTTTGTCCCAA-1,
CAGCAGCCCGTTCCTT-1,1
CAGCAGTCTGTGCTGC-1,
CAGCCCTCACAGGCAG-1,
CAGCCGGGCCCTCTAT-1,
CAGCCTCCTGCAGAGG-1,
CAGCCTCTCCTCAAGA-1,
CAGCGCCAACACGATA-1,
CAGCTCGACAAGTTAA-1,
CAGCTCGTGCTTGTGT-1,
CAGCTCTGGGCTCACT-1,
CAGCTGGCGTAACCGT-1,
CAGGAAGACTTTATAT-1,
CAGGATCCGCCCGACC-1,
CAGGCCAGTACCACCT-1,
CAGGCGCCATGCTAGG-1,
CAGGGAGATAGGCCAG-1,
CAGGGCTAACGAAACC-1,
CAGTAAGGGACGTCTC-1,
CAGTACATTCTCTAAA-1,
CAGTACCAGTTTACGT-1,
CAGTAGATGATGTCCG-1,1
CAGTAGCCCACGCGGT-1,
CAGTAGCGAGGTAGTA-1,
CAGTCGAGGATGCAAT-1,
CAGTCGGCCTAGATAT-1,1
CAGTCTCTCGGCTAAT-1,
CAGTGAATAAATGACT-1,
CAGTGGTTGCACATGA-1,
CAGTGTCCGCAGAATG-1,
CAGTGTTAATCTCTCA-1,
CAGTTCGAGGACCCGA-1,
CATAACGGACAGTCGT-1,
CATAAGAAGCTTGGCT-1,
CATAAGCTCTCCGTCT-1,
CATAATGAGCGGGCGA-1,
CATACAAAGCCGAACC-1,
CATACACAAAGTCAGC-1,
CATACACGGTTCCCAC-1,
CATACGAACTAGCTGG-1,
CATACGGGTGCATGAT-1,
CATACTTCTTTCTCCG-1,
CATAGGGACACTTGTG-1,
CATAGTACATTGAGAG-1,
CATAGTAGCATAGTAG-1,
CATATTATTTGCCCTA-1,
CATCAACACCTACTAA-1,1
CATCATCTACCCGGAC-1,
CATCCAATATAGTTTG-1,
CATCCGCAGGCCCGAA-1,1
CATCGAATGGATCTCT-1,
CATCGCCCGCGGCCAA-1,
CATGAACCGACATTTG-1,
CATGAACCTCTTATCA-1,
CATGAGTCCATCACGG-1,
CATGATACGGTGAAAC-1,
CATGATGCACAATTCT-1,
CATGCACATGAGAGGC-1,
CATGCATGGAGACCCT-1,
CATGCGACCAGTTTAA-1,
CATGCGTTAGACAGAA-1,
CATGCGTTGAGAGGAG-1,
CATGCTGGCTCCAATT-1,
CATGGAAATGGGACCA-1,
CATGGCAGGAAGATCG-1,
CATGGCTCCCTATGTC-1,1
CATGGGTCGGGTGTGG-1,
CATGGTAAGTAGCGTT-1,
CATGGTATTAGTTTGT-1,
CATGGTCTAGATACCG-1,
CATGTCTCATTTATGG-1,
CATTACGTCGGCCCGT-1,
CATTATCCCATTAACG-1,
CATTCACTGACAGCTA-1,
CATTCAGGTCAGTGCG-1,
CATTCCCTAAGTACAA-1,
CATTGTGTGCTAGATC-1,
CATTTAGCGGACCATG-1,
CATTTATCGTTCAAGA-1,
CATTTCTAGCAGACTA-1,
CCAAAGCAGTTGGTTG-1,
CCAAAGTCCCGCTAAC-1,
CCAAATCAAAGGGCAA-1,
CCAACCTTATGTAACT-1,
CCAAGACTTCTGCGAA-1,
CCAAGCGTAACTCGTA-1,
CCAAGGAACAGAGAGG-1,
CCAAGTTTCTACAGAT-1,1
CCAATAGATTTCATCT-1,
CCAATCGGTAGATCGA-1,
CCAATTACGGGTCGAG-1,
CCAATTGAATGTTAAT-1,
CCACAATGTACGTCTT-1,
CCACAGCTGAAATCAT-1,
CCACATGGCTCTTTAT-1,
CCACCCAAGGAAAGTG-1,
CCACGAGAAGAGAATC-1,
CCACGGCAGGTGTAGG-1,
CCACTAAACTGAATCG-1,
CCACTCAGATCCGCAA-1,
CCAGATAGTTGAGTGA-1,
CCAGCTACGCCTCATA-1,1
CCAGCTCGAACGCATT-1,
CCAGGCGAGATGGTCT-1,
CCAGTAGTCTGATCCA-1,
CCAGTCAAATCTCTTA-1,
CCAGTCCATTATTCGA-1,
CCAGTCTAGACGGCGC-1,
CCAGTCTTGTCATAGA-1,
CCAGTGTACAGACCGA-1,
CCATAAACAACCCGAC-1,
CCATAACCTGTGCAGT-1,
CCATACTCGCCTCTCC-1,
CCATAGAGGCTGCCAG-1,
CCATAGGTTGGCGTGG-1,
CCATAGTCAGTAACCC-1,1
CCATATTGGATCATGA-1,
CCATCCATACCAAGTC-1,
CCATCTTGTTCACAAT-1,
CCATGGCAAACGCTCA-1,
CCATGTTCATCTATAT-1,
CCATTTCTACCTATTA-1,1
CCCAAACATGCTGCTC-1,
CCCAACCACACTAACA-1,
CCCAAGACAGAGTATG-1,
CCCAATGAGATTTGCA-1,
CCCACTCCACGGTATC-1,
CCCAGATTCCCGTGAC-1,
CCCAGGAAGAATTCGA-1,
CCCAGTAAACTTGGGA-1,
CCCAGTTAAGGCGCCG-1,
CCCGAAGTTTCGCGAA-1,
CCCGACCATAGTCCGC-1,
CCCGCAAATAATCATC-1,
CCCGCAGCGCGAACTA-1,1
CCCGCAGGGCCCAAAG-1,
CCCGCCATGCTCCCGT-1,
CCCGCGCAATGCACCC-1,
CCCGCTTGCCCTCGTC-1,
CCCGGCTAGGTGAGAA-1,
CCCGGGTCGTTCAGGG-1,
CCCGGTGTATCGGAAT-1,
CCCGTGAGGGCGGTGA-1,1
CCCGTGGGTTAATTGA-1,
CCCTAGCTCTAAGGTC-1,
CCCTAGGCAACAAGAG-1,
CCCTAGTGTCAGGTGT-1,
CCCTATGTAGAGCAGA-1,
CCCTCAAGCTCTTAGT-1,1
CCCTCAGATCGAGAAC-1,
CCCTCATCACAGAGTA-1,
CCCTCATTCTGGAATT-1,
CCCTCGATAATACACA-1,
CCCTCGGGAGCCTTGT-1,
CCCTGATGTAACTCGT-1,
CCCTGGCTGTTCCTTC-1,
CCCTGGGAGGGATCCT-1,
CCCTGGTATGGGCGGC-1,
CCCTGTTGGCAAAGAC-1,1
CCCTTCTCGTACGCGA-1,
CCGAAACACGACCTCT-1,
CCGAAAGTGGTGAGCA-1,
CCGAACCTTCCCGGCC-1,1
CCGAAGCATTGACCAA-1,
CCGACAAACACATGAG-1,1
CCGAGGGATGTTAGGC-1,
CCGCACAAAGACCAAC-1,
CCGCATGTGGTACGAT-1,1
CCGCCACCACAATCCA-1,
CCGCCGGAACTTCTCG-1,
CCGCCGGTCAACACAC-1,
CCGCCTGCGAATTGGT-1,
CCGCCTTGCGATGTCG-1,
CCGCGATTTGGTAGGT-1,
CCGCGCAAGATACCCA-1,
CCGCTATCAGCACCAG-1,
CCGCTCCAGGGCGATC-1,
CCGCTCCGGATAAGCT-1,
CCGCTGGTGCCATTCA-1,
CCGCTTCGCGGTTAAC-1,
CCGGAGCGTACTTTCT-1,
CCGGCCGCGAGCATAT-1,
CCGGCGCATATTGGAT-1,
CCGGCGTGAGACTCTG-1,1
CCGGGACCCGCAGAGA-1,
CCGGGCGGTCTCGTCA-1,
CCGGGCTAAGAATTTC-1,
CCGGGCTGCTCCATAC-1,
CCGGTATCTGGCGACT-1,
CCGGTGCGAGTGATAG-1,
CCGTAAGTTGGTCCCA-1,1
CCGTACCCAAGCGCCA-1,
CCGTATCTCGTCGTAG-1,
CCGTCAACCTCTGGCG-1,
CCGTGCCCATGACGGC-1,
CCGTTACGTTAGAACA-1,
CCGTTTCCTTTCCGTG-1,
CCTAAAGGCTGACGCT-1,
CCTAAATTAACGGTTC-1,
CCTAACTAAGGCTCTA-1,
CCTAAGTGTCTAACCG-1,
CCTACAGTTGAGGGAG-1,
CCTACGGCTCAGTCGA-1,
CCTAGGCGTAGCGATC-1,
CCTAGGTAAAGGTAGC-1,
CCTAGTTAGTCGCATG-1,
CCTATATCGTGTCACG-1,
CCTATATTTGTCCTGG-1,
CCTATCTATATCGGAA-1,1
CCTATGGCTCCTAGTG-1,
CCTATGGGTTACCGTC-1,
CCTATGGTCAAAGCTG-1,
CCTATTATTCCGGCCG-1,
CCTCAACGATCGCTGT-1,
CCTCACCAATCTTGAC-1,
CCTCACCTTAGCATCG-1,
CCTCATGCAGCTACGA-1,
CCTCCCGACAATCCCT-1,
CCTCCTAGCTAGAGTC-1,
CCTCCTGAGCCCACAT-1,
CCTCGAAGTGGACGGG-1,
CCTCGCCAGCAAATTA-1,
CCTCGCGCGATATAGG-1,
CCTCGCGCTGTGCGAT-1,
CCTCGGACCGGGATAG-1,
CCTCGGTTTCCTTGCC-1,
CCTCTAATCTGCCAAG-1,
CCTCTACAAGGATTGG-1,1
CCTCTATCGATTAGCA-1,
CCTCTGGCCTAGACGG-1,
CCTGAACGATATATTC-1,
CCTGAATATTTACATA-1,
CCTGACAAACTCGCGC-1,1
CCTGAGAATAAATGCA-1,
CCTGCGATAGAACTGT-1,
CCTGGTCGAATGTGGG-1,
CCTGTCACCCGGGCTC-1,
CCTGTCGTGTATGAAG-1,
CCTGTGAAACCGTAAC-1,
CCTGTGCATAGGAGAC-1,
CCTGTTCAACCTCGGG-1,
CCTTCAGTTAAAGTGA-1,
CCTTCCGCAACGCTGC-1,
CCTTCGTATAGAATCC-1,
CCTTCTCAGCGTTCCT-1,
CCTTCTTGATCCAGTG-1,
CCTTGTGAACGTGGTT-1,
CCTTTAAGGGAGCACT-1,
CCTTTCAATGAAGAAA-1,
CCTTTGAATTATGGCT-1,
CGAAACATAGATGGCA-1,
CGAACCTCTTTCCTAG-1,
CGAACGCCCAGTGCCG-1,
CGAACGGCCGGACAAC-1,
CGAAGACGGTGAGTGC-1,
CGAAGACTGCCCGGGA-1,
CGAAGATCAGTTTCAT-1,
CGAAGCCACAGCATGG-1,
CGAAGGGTTTCAGATT-1,
CGAATCTGCTCGACGC-1,1
CGAATGAAGTCATTGC-1,1
CGAATGACGCATAATG-1,
CGAATGGTAGGTCGTC-1,
CGAATTACATGGTGTT-1,
CGACATGCGATCTTCT-1,
CGACCCTTAACGCCGG-1,1
CGACCGTTGGTATTCG-1,
CGACCTACTAGACAAT-1,1
CGACGCATCCGTACCT-1,
CGACTCAGGATGTTAT-1,
CGACTTGCCGGGAAAT-1,
CGAGAGATGTGAACCT-1,
CGAGAGCGCGTAGATA-1,
CGAGATGTTGCCTATA-1,
CGAGCCGAGCACTCGA-1,
CGAGCGTTGATCAGCC-1,
CGAGCTGGGCTTTAGG-1,
CGAGGCCAGGCATTGG-1,
CGAGGCTAAATATGGC-1,
CGAGGGACTGCGGTCG-1,
CGAGGGTATCCAGGTG-1,
CGAGTGCTATAGTTCG-1,1
CGAGTTCTGTCCCACC-1,
CGAGTTTATCGGACTG-1,
CGATAGCGATACAGTG-1,
CGATATTAGCCGCAGG-1,1
CGATCCACCATTGTTG-1,
CGATCCTCGCAACATA-1,
CGATCGAGAAGCACCA-1,
CGATGGACCCTACGCC-1,
CGATGTTGTTATCTAC-1,1
CGATTAAATATCTCCT-1,
CGATTCGCCTGGCTGC-1,
CGATTTGTCATTAATG-1,
CGCAATCGATCATTAG-1,1
CGCACATGTCCACTAC-1,
CGCACGTCTGTTTATG-1,
CGCAGAAACATTTGCG-1,
CGCATCATGGCTTCAG-1,
CGCCAATTATTGCGTT-1,
CGCCACAGGTCGCGAT-1,
CGCCACCCGCATTAAC-1,
CGCCAGTAGTACCTTG-1,
CGCCATCCGATTATGA-1,1
CGCCCAGCACGCCTAG-1,
CGCCCGCTTCCGTACA-1,
CGCCCTAATTGTTCAA-1,
CGCCGACTATTCGCTA-1,
CGCCGCCCATGCCTGT-1,
CGCCGCGTTCTGAACG-1,
CGCCTCCCTCCTCTAT-1,
CGCGAGTCTGCCGGGT-1,1
CGCGCAAGGAACTACA-1,
CGCGCCCGACTTAATA-1,
CGCGGCAGTATTACGG-1,
CGCGGGAATTAGGCAG-1,
CGCGGGAATTCCTTTC-1,
CGCGTGCTATCAACGA-1,
CGCGTGGGCCTGTGTT-1,
CGCTACCGCCCTATGA-1,
CGCTATACCGCCCACT-1,
CGCTATTCAATGTATG-1,
CGCTCGACATAATGAT-1,
CGCTGAGGACGTCCAA-1,
CGCTGTGTGGATGTTG-1,
CGCTTAGTATTGATAC-1,
CGCTTCCACTGAAATC-1,
CGCTTTCATACCGGTG-1,
CGCTTTCCGCCAAGGT-1,
CGCTTTCTTGCATTCG-1,
CGGAAAGAATCAAACG-1,
CGGAAAGCAAATGTGC-1,1
CGGAAATTTCACATCC-1,
CGGACCTCTGTAGTTA-1,
CGGACCTTTACGTCCC-1,
CGGACGTTACTTGAAG-1,
CGGAGCTTATAACACC-1,
CGGATAAGCGGACATG-1,
CGGATGAATGCTGTGA-1,
CGGATTCTGCCTTATG-1,
CGGCAAACATCGTGCG-1,
CGGCACCGTTAGCGCC-1,
CGGCACTCAAGAAAGT-1,
CGGCAGGGTCGGGTTG-1,
CGGCCAGAGCGACCAT-1,
CGGCTCTTCGTCGAAC-1,
CGGCTGCAAGATTAAG-1,
CGGCTTTGTATGATAA-1,
CGGGAACGCCCTGCAT-1,
CGGGAAGTACCGTGGC-1,
CGGGAATTTATGTAAA-1,
CGGGAGTATACCGCCG-1,
CGGGATCAATGTAAGA-1,
CGGGCCATAGCCGCAC-1,
CGGGTGTACCCATTTA-1,
CGGGTTCGGCACGTAT-1,
CGGGTTGTAGCTTTGG-1,
CGGTACGGCAAACCCA-1,
CGGTACTAGAATCAAA-1,
CGGTAGAGGTGCAGGT-1,
CGGTATGGGCACTCTG-1,
CGGTCAAGTGGGAACC-1,
CGGTCCGTCGCAAGCC-1,
CGGTCTATCAACCCGT-1,
CGGTGTACTTGATCCC-1,
CGGTTATCCAACAGTG-1,
CGGTTCAAGTAGGTGT-1,
CGGTTCCGGCTTCTTG-1,
CGGTTGAGTATCCTTC-1,
CGGTTGGGCAGGGTCC-1,
CGGTTGGGTTCAAGTT-1,
CGGTTTACTGAACATT-1,
CGTAAACGCTTGAGTG-1,
CGTAAAGCAAGAAATC-1,
CGTAAATAACAAAGGG-1,
CGTAACTTCGACACTT-1,
CGTAATAATTACGAGT-1,1
CGTACCGAAAGTCTAG-1,
CGTACCTGATAGGCCT-1,
CGTAGCGAATTGTCAG-1,
CGTAGCGCCGACGTTG-1,
CGTATTGTTTGGCGCC-1,
CGTCAATCTTTAACAT-1,1
CGTCAGCTATTTACTC-1,1
CGTCAGTGCGCACAAG-1,
CGTCAGTTTATCGTCT-1,
CGTCATACCATATCCA-1,
CGTCCAGATGGCTCCA-1,
CGTCGCGGCGGGATTT-1,
CGTCGCTTGGTTATAC-1,
CGTCGGATAGTGTTGA-1,
CGTCGGGTCTAAGCGC-1,1
CGTCGTCCTTCGCGAA-1,
CGTCTGGAAGGGCCCG-1,
CGTGAACTGACCCGAT-1,
CGTGACATTGGGTCGT-1,
CGTGACCAGTCCTCTG-1,
CGTGCAGACTGGGACA-1,
CGTGCCCTCCCGAAGA-1,
CGTGCTGGCCTAGTCG-1,
CGTGCTTCTACCTAAA-1,
CGTGGTACCCAAAGGC-1,
CGTGTCTCGTTACGAC-1,
CGTTAGCTCACAACTG-1,
CGTTATCATACTTCCA-1,1
CGTTCAAGGAAACGGA-1,
CGTTCAGACCCGCGAA-1,
CGTTCATGGTGCGCGT-1,
CGTTGAGCGACCGTCG-1,
CGTTGCCCGCGTGGGA-1,
CGTTGTAAACGTCAGG-1,
CGTTGTCGGCAATTGA-1,
CGTTTAAGCGGAGCAC-1,
CGTTTCACTTCGGGCG-1,
CTAAACGGGTGTAATC-1,
CTAAAGGATGAGATAC-1,
CTAAAGTCCGAAGCTA-1,
CTAAATCCGGTGTACA-1,
CTAAATCCTATTCCGG-1,
CTAACAGCACAATAAC-1,
CTAACGAAACTTGCTG-1,
CTAAGGGAATGATTGG-1,
CTAAGTACAGGGCTAC-1,
CTAATGCGCCCAACAA-1,
CTACACTAGCTTGTTC-1,
CTACATATCGCGGGAC-1,
CTACCCTAAGGTCATA-1,
CTACGAACTAGGTCGA-1,
CTACGATCCTATCCTA-1,
CTACGCCATTTCCGAT-1,
CTACGTGTTGCCACCA-1,
CTACTATCATAGGTTT-1,
CTACTATCTTTCAGAG-1,
CTACTCAAGGTATAGT-1,
CTAGACATATATGTAG-1,
CTAGACTGCATTTCGT-1,
CTAGATAAACTCCTCG-1,
CTAGATTTACGACGGC-1,
CTAGCAACTAATTTAC-1,
CTAGCCCGGGAGACGA-1,
CTAGGCGGCAGAGAAT-1,
CTAGGGATAGGGACAA-1,
CTAGGTTCGGACGTGA-1,
CTAGTATTCGGAATTA-1,
CTAGTTACAACCCGGT-1,
CTAGTTGGGCCCGGTA-1,1
CTATAAGTAGGGTTTG-1,
CTATACTTAAAGCGAG-1,
CTATAGGCGTTGATGT-1,
CTATATCCAGCCTGGC-1,
CTATCACAACGCTGGA-1,
CTATGAACACCTTGCC-1,
CTATGCCCGAATGCAA-1,
CTATGTCTATTGAAAC-1,
CTATGTGAGTCACGGC-1,
CTATTTGCTTGGAGGA-1,
CTATTTGGTTACGGAT-1,
CTCAAACCACTGCCCG-1,
CTCACATTTACTAAAT-1,
CTCACCAGTACAAGTG-1,
CTCAGAGCTAATGTCG-1,
CTCAGATTGTGATAAG-1,
CTCAGGACTCACCTGT-1,
CTCAGTCACGACAAAT-1,
CTCATGGCTCACAATC-1,1
CTCATGGTAATTTGCG-1,
CTCATTCGTGAACATC-1,
CTCATTTGATGGGCGG-1,1
CTCCCTCCTTTCGATC-1,
CTCCCTTGTATCAAGG-1,
CTCCGGCCTAATATGC-1,
CTCCGGCTTGTAGACA-1,
CTCCTAAGTTATGTCT-1,
CTCCTAGTAATCGTGA-1,
CTCCTCCAGCTCACAC-1,
CTCGAGACATACGATA-1,
CTCGAGATCCAAAGCA-1,
CTCGAGGCAAGTTTCA-1,
CTCGATATTTGCGAGC-1,
CTCGCACCTATATAGT-1,1
CTCGCATTGCATAGCC-1,1
CTCGCCGAATGTAGGG-1,
CTCGGGTTCTCTGGCC-1,
CTCGGTACCACTGCTC-1,
CTCGGTCCGTAGCCTG-1,
CTCGTCGAGGGCTCAT-1,1
CTCGTGGCACTGAAAG-1,
CTCGTTACGGCTACCA-1,
CTCTAACACCGGCAGC-1,
CTCTACATCCTGCGTG-1,
CTCTATTTGGCTGCAG-1,1
CTCTCACAATCGATGA-1,
CTCTCGATGTGCGCCT-1,
CTCTCGCTGTACTATG-1,
CTCTCTAACTGCCTAG-1,
CTCTGCAGGCATTCTT-1,
CTCTGCGAAGCAAGCA-1,
CTCTGTGCCTGCTATG-1,
CTCTGTTTGAGGATTC-1,
CTCTTCTGGAAGTTAG-1,
CTGAAAGAGATCCGAC-1,
CTGAGCAAGTAACAAG-1,
CTGATCCCTTTATGCA-1,
CTGCACAACTACATAT-1,1
CTGCACCTGGAACCGC-1,
CTGCACTCCAGTACAG-1,1
CTGCAGGTGCTCGGCC-1,
CTGCCAAGGTTGGAAG-1,
CTGCCTAGCCACCAAG-1,
CTGCCTTTAATACCTT-1,
CTGCGACCTCGCCGAA-1,
CTGCGATTTCGAGATT-1,
CTGCGGTAGTCACGTG-1,
CTGCGTTACGATATAA-1,
CTGCTCTGACGGCAAA-1,
CTGCTTGGCGATAGCT-1,1
CTGGACGCAGTCCGGC-1,
CTGGCGACATAAGTCC-1,
CTGGCGCACAGGTCTG-1,
CTGGCTCCTGCGGGAT-1,
CTGGCTGCTAACGTAA-1,
CTGGGATAAATAATGG-1,
CTGGGCTATCCTTTGG-1,
CTGGGTAGGCAGTTAA-1,
CTGGGTTGAGTTAAAG-1,
CTGGTAACACATAGAA-1,
CTGGTAACGAGCTCTT-1,
CTGGTCCTAACTTGGC-1,
CTGGTGAATGGGCCTA-1,
CTGGTTCAACGCATCA-1,1
CTGGTTTCGAGCAAGA-1,
CTGTAGTGAGGATCGA-1,
CTGTCAAATGGCTCGG-1,
CTGTCCTGCGCACTAC-1,
CTGTCTGTGGCTGGCT-1,
CTGTGCAGGGTAGGTC-1,
CTGTTCACTGCCTGTG-1,
CTGTTGGCTCTTCTGA-1,1
CTGTTGTTCAGTCGTA-1,1
CTTAAATAAGACCCAT-1,
CTTAACTTCGAAGTAC-1,
CTTAAGCAGCGAGCCG-1,
CTTAATCGACTTAGTA-1,
CTTACACTGGGAAATA-1,
CTTACATAGATTTCTT-1,
CTTAGATGTTTCATCC-1,
CTTAGCCTTCCACATG-1,1
CTTAGGTATAGACCAG-1,
CTTAGTTGAGGAATCG-1,
CTTATGCGCTCAGGGC-1,
CTTATGTTGACTACCA-1,
CTTCACGCCCTGGTAC-1,
CTTCAGTGGTCGCCTA-1,1
CTTCATAGCTCAAGAA-1,
CTTCATCACCAGGGCT-1,
CTTCTGGGCGTACCTA-1,
CTTCTTACGTCGTATA-1,
CTTGACCCGAAAGATA-1,
CTTGAGGTTATCCCGA-1,
CTTGAGTTAGGGTAAT-1,
CTTGGCCAAGCTGGGA-1,
CTTGTACTTGTTGACT-1,
CTTGTCAACATTCGAG-1,
CTTGTCGTACGTGTCA-1,
CTTGTGAGGACAGCGG-1,
CTTGTGAGTCTTTGAC-1,
CTTGTGCTCACCGATT-1,
CTTGTTGCTGAGTCAA-1,
CTTGTTTATGTAGCCA-1,
CTTTAACTTTCAAAGG-1,1
CTTTAATATTGGTCGA-1,1
CTTTACCGAATAGTAG-1,
CTTTAGGAACACTGTT-1,
CTTTATCCGACGCATG-1,
CTTTCTGTGCGGGCTT-1,1
CTTTGACGTCGCTTCT-1,1
CTTTGGGATTGTTGCA-1,
CTTTGTCGAATGCTCC-1,
GAAACAGATGACCACC-1,
GAAACAGCCATGCAGT-1,1
GAAACATAGGAAACAG-1,
GAAACCTATACAAATG-1,
GAAACTCTAATGAAGG-1,
GAAATACCTGCTGGCT-1,
GAAATACTAAACGTTT-1,
GAAATCGCGCGCAACT-1,
GAAATCTGACCAAGTT-1,1
GAAATGGGATGTAAAC-1,
GAAATTAGCACGGATA-1,
GAAATTCACATCGCTG-1,
GAACAGATTACTAAAT-1,
GAACCATCTGGGAGAC-1,
GAACCCTCTGTGTTCT-1,
GAACCTCGACCTACAC-1,
GAACGACCGAATGATA-1,
GAACGTCTCATGGTCG-1,
GAACTGTGGAGAGACA-1,
GAAGAAACGATATTGT-1,
GAAGAACGGTGCAGGT-1,
GAAGCAAGGCAATGTT-1,
GAAGCCACTGATTATG-1,
GAAGCCGGGTAAGCTC-1,1
GAAGCCTGCACATTCC-1,
GAAGCTCGGACCCGTC-1,1
GAAGCTCTTTGCTTAG-1,1
GAAGGACTAAATTGAA-1,
GAAGGAGTCGAGTGCG-1,
GAAGGGCATAACCATG-1,
GAAGGGTCATTAAGAC-1,
GAAGTCTCCCTAGCGA-1,
GAAGTGCTGGATAGCT-1,
GAATAGACGCGACCCA-1,
GAATAGTGCTCGATTA-1,
GAATATTCGGAGTCCC-1,
GAATCGCCGGACACGG-1,
GAATGCGAATCGGTTC-1,
GAATGGGCTTATCGAC-1,
GAATGTATGGCAGGTC-1,
GAATGTGGTCCGGATT-1,
GAATGTTGGGTAATCT-1,
GACAACGACCATTGAA-1,1
GACAACGCAGCTTACG-1,
GACACAAGGGAAGAAA-1,
GACACCCAAAGACGCG-1,
GACACGAGTTAGAGGA-1,
GACAGAGGTCTTCAGT-1,
GACAGATTTCTGGCTC-1,
GACAGCCAGACCTGAC-1,
GACATACTGTCGCAGA-1,
GACATCCGTCGAACTG-1,
GACATTTCGCCCAGCC-1,
GACCACACTTCCCTTT-1,
GACCCAATTATGATAC-1,1
GACCCGTCGCCGGCTA-1,
GACCGACCGCTAATAT-1,
GACCGATTAAATATGT-1,
GACCGGTGATACTCTC-1,
GACCGTCAGGTCGTGA-1,
GACCGTTACATGCGAC-1,
GACCTGGTCTGGGCGT-1,
GACGACGATCCGCGTT-1,1
GACGATATCACTGGGT-1,
GACGCATACCCGTCGG-1,
GACGCCTGTTGCAGGG-1,
GACGGACCGCGTTCCT-1,
GACGGGATGTCTTATG-1,
GACGGGTTGGCCCGTA-1,
GACGGTCAATAGAAGC-1,
GACGTGAGACTCCATG-1,
GACGTTGCTCGGCGGC-1,
GACTAACACAGCACCT-1,
GACTAAGATCATGCAC-1,
GACTACAAAGCGGTGG-1,
GACTACAATTGCTCGT-1,
GACTCCTTCCAATTGA-1,
GACTCGCGGGAATGAC-1,
GACTCTAGAGTTCCAA-1,
GACTGCACCAGCCCAG-1,
GACTGCTGGTGAGAAA-1,
GACTGGGCGCCGCAAC-1,
GACTTTCGAGCGGTTC-1,
GAGAGCGCAGTCCCTG-1,
GAGAGTCTCGGGAGAG-1,
GAGATCGATCTTACTC-1,
GAGATCTGTCACTCCG-1,
GAGATCTTCCATGACA-1,
GAGATGGCTTTAATCA-1,
GAGATGGGAGTCGACA-1,1
GAGCATCAACAACTTG-1,
GAGCATCATCCCTGGG-1,
GAGCCACGGTAGTAGG-1,
GAGCGAGGGAGTACCG-1,
GAGCGCTGTTAGGTAA-1,
GAGCGGAATGCGGTGT-1,
GAGCTAAGGGCATATC-1,
GAGCTCAACATGAGCG-1,
GAGCTCTCGGACCTAA-1,
GAGGAATATCTCTTTG-1,
GAGGAGATCCTCATGC-1,1
GAGGAGTAATTCCTAC-1,
GAGGCCCGACTCCGCA-1,
GAGGGAGTCAGATCGC-1,
GAGGGCATCGCGTATC-1,
GAGGGCGCAGCTCTGC-1,
GAGGGTAGTAACAAAG-1,
GAGGTACATCCATCTT-1,
GAGGTACGCGTGTCCC-1,
GAGGTCCCAAAGATCT-1,
GAGGTCCGTTCGCTGT-1,
GAGTAAGGCCACGGGA-1,
GAGTACGGGTATACAA-1,
GAGTAGATACTAGTTG-1,
GAGTATACCCTAATCA-1,
GAGTATGCGCGTGCAT-1,
GAGTCTTGTAAAGGAC-1,
GAGTGTGCGGTACCCA-1,
GAGTTCTGTGGGTGCT-1,
GAGTTGATGGCAATTT-1,1
GAGTTGTCACCAGTCT-1,
GATAAATCGGTGGATG-1,
GATAACTCGCACTGTG-1,
GATAAGGCAGATGCAA-1,
GATAGAACCCGCTAGG-1,
GATAGCGTACCACGCG-1,
GATAGTGCGAGTAAGT-1,
GATATCAAGCAGGAGC-1,
GATATCAGTATGTATC-1,
GATATCTCATGCAATA-1,
GATATGAGACACTAAC-1,
GATATGCGGTAGCCAA-1,
GATATTTCCTACATGG-1,
GATCAACATAAAGGGA-1,
GATCCAACCTTTAAAC-1,
GATCCGGGAATTAACA-1,
GATCCTAAATCGGGAC-1,
GATCCTCTTGCGCTTA-1,
GATCGCTATATCTCAG-1,
GATCGCTGTGGTGCGT-1,
GATCGGATAGAACCAT-1,
GATCGGCGATAAGTCG-1,
GATCGGTGGCCATAAC-1,
GATCGTGACTGATATC-1,
GATCTAACCGTATTCA-1,
GATCTGCTATCTAAGG-1,
GATCTTCATTGTCCTC-1,
GATCTTGGAGGGCATA-1,
GATGATTTGAAACTGG-1,
GATGCCACACTACAGC-1,
GATGCCTTCTGCGGCA-1,1
GATGCTACAAGCGCCT-1,
GATGCTACCTTCGATG-1,
GATGCTGTATTTCATC-1,
GATGGCGCACACATTA-1,
GATGGTGCCCTAGGCA-1,
GATGTAACGAACCACC-1,
GATGTCCGGATCACAT-1,1
GATGTCGGTCAACTGC-1,
GATGTGTTGTCACAAG-1,
GATTAATCCTGGCTCA-1,
GATTAGAAACAAGCGT-1,
GATTCCCTTGTCGCAG-1,1
GATTCCGCGTTTCCGT-1,
GATTCGACGGTTCACG-1,
GATTCTGTTAATGAGT-1,
GATTGACACTCTGCTC-1,
GATTGCTCCAGTTGCA-1,
GATTTGCGCTAACACC-1,
GCAAACCCTACATTAT-1,
GCAAACCTTGGCCATA-1,
GCAAACGTAAGCGACC-1,
GCAAAGGGCGTTAGCC-1,
GCAAATGAGGACACTT-1,
GCAACACACTAGAACT-1,
GCAACCACCAGACCGG-1,
GCAACCCAAGTTGTTT-1,
GCAAGCTGGAAACCGC-1,
GCAAGTGTAAAGCATG-1,
GCACAAACCCTAGATG-1,1
GCACAACCTCGGGCGT-1,
GCACAAGTGGATCATA-1,1
GCACAAGTGTCGGAAG-1,
GCACACAGCTATTACC-1,
GCACAGCACGGGCCGA-1,
GCACGCCGATTCCCGC-1,
GCACTAGTCGCGCTAT-1,
GCACTCCCACAGTCCC-1,
GCACTGCCTACCTTTA-1,
GCACTGTGCAAATGTA-1,
GCAGCGGTGGGCATTA-1,1
GCAGGAACTTAGATCT-1,
GCAGGTAGAGTATGGT-1,
GCATCCCTAACTTTGA-1,
GCATGAGGGACGCGGC-1,
GCATGGGTACTGACGC-1,
GCATTGACTTGCGGAA-1,
GCCAAGAATACTTCTG-1,1
GCCACCCATTCCACTT-1,
GCCACCTTATTCGCGA-1,
GCCAGGAAAGAACACT-1,
GCCAGGAGTAACCGAT-1,
GCCAGGCGTTCGCATG-1,
GCCAGGCTTAGTGGTA-1,
GCCATATTGCACACAG-1,
GCCATTAGCCTCAAAC-1,
GCCCACCAAGGCTGTC-1,
GCCCAGCGACACAAAG-1,
GCCCGAGAGTCTAAAT-1,
GCCCGATCTGTGGTCG-1,
GCCCGATGCCCAGTTC-1,
GCCCGTAATACCTTCT-1,1
GCCCGTTCACACAATT-1,
GCCCTAAGTGCAGGAT-1,
GCCCTAGCCGTCGCGA-1,
GCCGACCCACGACTGC-1,
GCCGCTAGATACGCAG-1,
GCCGGAAACACATCTT-1,
GCCGGTCGTATCTCTC-1,
GCCGGTTTGGGCGGAT-1,
GCCGTCGGTTTCGGGC-1,
GCCTATAGTGTCAGGG-1,
GCCTATTTGCTACACA-1,
GCCTCAGGTACCGGTC-1,
GCCTCTATACATAGCA-1,
GCCTGCTACACTGAGA-1,
GCCTGTCCCGGTGCAT-1,
GCCTTCAGCCCTACCG-1,
GCCTTGTATATGCAGT-1,1
GCCTTTGTCAGTGGAC-1,
GCGAAACTTAACTGGA-1,
GCGAATGGACTAGCGA-1,
GCGACCCAACCATCTG-1,
GCGACGGTAGTCTCCT-1,
GCGAGAAACGGGAGTT-1,
GCGATGTCTGTGCTTG-1,1
GCGATTCTGGAAGCAG-1,
GCGATTGTTAACGTTA-1,
GCGCATCCAGTCAGCA-1,
GCGCGATGGGTCAAGT-1,
GCGCGGTCTAGTAACT-1,
GCGCTAATTGAATAGA-1,
GCGCTGATCCAGACTC-1,
GCGCTGCTTTGCATTT-1,
GCGCTGGCGGAAAGTC-1,
GCGGAGAGGGAGAACG-1,
GCGGCAAAGTATTGCC-1,
GCGGCTTTAGCAAGTT-1,
GCGGGAACCAGGCCCT-1,
GCGGGCAGACGGGTGA-1,
GCGGTAACCCAAATGA-1,
GCGGTCCCTAGACGCA-1,
GCGGTCTTGCTTTCAC-1,
GCGGTGAACTGCGCTC-1,
GCGGTGCGGAGCATCG-1,1
GCGGTTCCCTATCATG-1,
GCGTCCAGCTCGTGGC-1,
GCGTCCCTAAGACATA-1,
GCGTCGAAATGTCGGT-1,
GCGTCGTAACATGGTC-1,
GCGTGGTACTGGGTTA-1,
GCGTGTATGTCGTATT-1,
GCTAAGTAGTTTCTCT-1,1
GCTAATACCGAATGCC-1,
GCTACACTGTCCGAAC-1,
GCTACGACTTATTGGG-1,
GCTACTCGGACGCAGA-1,
GCTAGCGATAGGTCTT-1,
GCTAGTTTCATTGAGG-1,
GCTATCATACTCATGG-1,
GCTATGCCAGCTTATG-1,1
GCTCAACCTCTTAGAG-1,1
GCTCAATGTAATACCG-1,
GCTCATTACTGCATGT-1,
GCTCATTGATCATATC-1,
GCTCCATGCAAAGCAA-1,
GCTCGGAATTTAAAGC-1,
GCTCTAAACCCTGACG-1,
GCTCTTTCCGCTAGTG-1,
GCTGAAGGGTTCTTGG-1,
GCTGAATCTTCCAATC-1,
GCTGAGCAACGGTTCT-1,
GCTGCACGGTTTCTTA-1,
GCTGCGAAGAATTATT-1,
GCTGCGCCTCCCACGT-1,1
GCTGCTACTGCGTAGC-1,1
GCTGGCAGGTGCCGTG-1,
GCTGGCGGCGCATGCT-1,
GCTGGGAGCGCGTCAA-1,
GCTGGGTCCGCTGTTA-1,
GCTGGTTTAGGCCATA-1,1
GCTGTTGCTACCGAAC-1,
GCTTAATGTAACTAAC-1,
GCTTATGAAGCAGGAA-1,
GCTTCCAGCTTAGATT-1,
GCTTCCGTCCCTAGAC-1,1
GCTTCGACGTTCAATC-1,
GCTTGGATCGATTAGG-1,
GCTTTATTAAGTTACC-1,
GCTTTCAGAGGAGGTG-1,
GGAAACAGAGCTTGGG-1,
GGAAAGGGAATTGAGC-1,
GGAAAGTCTTGATTGT-1,
GGAAAGTGCCCATGCC-1,
GGAACCCGAACAAGAA-1,
GGAACCTTGACTCTGC-1,
GGAACTCGTGAATACG-1,
GGAAGCTCGCTTACAG-1,
GGAAGGACACCGTATA-1,
GGAATAACCTCAAGAA-1,
GGAATGCGCTAGCGTG-1,1
GGACAAGCCATGATCG-1,
GGACACCTCGGTGTTG-1,
GGACCAACAGGATAAC-1,1
GGACTAAGTCAGGAGT-1,
GGACTCGACAGCGCAT-1,
GGACTCGTGAGTGGTC-1,
GGACTCTTTGACTAAG-1,
GGAGACATTCACGGGC-1,
GGAGACCATCTACATA-1,
GGAGACGACACCTTTG-1,
GGAGCACCAAGAACTA-1,
GGAGCGAGGCCTACTT-1,
GGAGGATTGAAAGGAG-1,
GGAGGGCTTGGTTGGC-1,1
GGAGTACACATGAGCT-1,
GGAGTGCCGCCCTGGA-1,
GGATACTCATGAATTG-1,
GGATCAAAGGACGAGG-1,
GGATCAGAGCCATCAG-1,1
GGATCCCTACCAGCTA-1,
GGATCCGGAATATACT-1,1
GGATCTACCGTTCGTC-1,
GGATCTTACTGCCCTT-1,
GGATCTTGACTCAACC-1,
GGATGTCCTTACCGCA-1,
GGATTAAGCTAAGGTC-1,
GGATTAATCATGGACC-1,
GGATTCAGTACGGTGG-1,
GGATTCCGCTATACCC-1,
GGATTTCACTTCTATA-1,
GGCAAGCCCATAGTGG-1,
GGCAAGGCGAAATAGC-1,
GGCAATAGTCAATGAG-1,
GGCAGAGAGATCGGGA-1,
GGCATATCGGTTCTGC-1,
GGCATCAACGAGCACG-1,
GGCATTGAACATCTCA-1,
GGCCACAAGCGATGGC-1,
GGCCACACGAAAGCCT-1,1
GGCCCAGCTGGTTTGC-1,
GGCCGAGACTCTGGTG-1,
GGCCGTTTGGGTTTCA-1,
GGCCTGCTCTGATGTT-1,
GGCGAAATCTAACTTG-1,
GGCGAGCGAAACGGCA-1,
GGCGCTCCTCATCAAT-1,1
GGCGCTTCATTCCCTG-1,
GGCGGTAGGATCATTG-1,
GGCGGTTTGCCGGTGC-1,1
GGCGTACCCTATATAA-1,
GGCTAAAGGGCGGGTC-1,
GGCTACTATACACTCC-1,
GGCTCCTCCACCTGTT-1,
GGCTCGCGTTGAGGTA-1,
GGCTCTGCTCCAACGC-1,1
GGCTGAAATAGCAAAG-1,
GGCTGGCAATCCCACG-1,
GGCTGGCAGCTTTATG-1,
GGCTGGCTAGCTTAAA-1,
GGCTGTCCTACTGCGG-1,
GGCTTCTCGTGGGTGG-1,
GGCTTGGCTCTCACCT-1,
GGCTTTCAATAAGGGT-1,
GGGAACCACCTGTTTC-1,
GGGAACGGTTTCAGAT-1,
GGGAATTCTGTCCAGT-1,
GGGACAGAGTTACTCC-1,1
GGGAGTAATGGCTGGC-1,
GGGAGTTAATGAGGCG-1,
GGGATACGGTAATAAT-1,
GGGATATTGATCGCCA-1,
GGGATGGACCCGCGTC-1,
GGGATTATCTCACAAC-1,
GGGATTTACCGCACCT-1,
GGGCAACCGCACGTGC-1,1
GGGCACGAATTGGCCG-1,
GGGCACGTAGTACTGT-1,
GGGCACTATTGACCAT-1,
GGGCAGACGTCACTGC-1,
GGGCAGAGCAATCGTT-1,
GGGCAGGATTTCTGTG-1,
GGGCAGTCAACGCCAA-1,
GGGCATGCATGTCGAG-1,
GGGCCATTCGTGCTGG-1,
GGGCCCTTATCTATAC-1,
GGGCCGGCCGAAGTAC-1,
GGGCCTAAATGGGCTA-1,
GGGCGAATTTCTCCAC-1,1
GGGCGATCCATAGGCC-1,
GGGCGGTCCTATTGTC-1,
GGGCGTCACCACGTAA-1,
GGGCGTCCACTGGCTC-1,
GGGCGTTTACATTCAT-1,1
GGGCTACTATTTCGTG-1,
GGGCTCATCGAACCCA-1,
GGGCTGCCTAGGGCGA-1,
GGGTAATGCTGTGTTT-1,
GGGTACACTCTGGAGG-1,
GGGTACCCACGGTCCT-1,
GGGTATTCTAGCAAAC-1,
GGGTCAGGAGCTAGAT-1,
GGGTCCTTGGAAGAAG-1,
GGGTGGTCCAGCCTGT-1,
GGGTGTTTCAGCTATG-1,
GGGTTAACATTTGAGT-1,
GGGTTCAGACGAACAA-1,
GGTAAATGTGCGTTAC-1,
GGTAACCGGCAAAGGT-1,
GGTAACTATGTATCTG-1,
GGTAGAAGACCGCCTG-1,1
GGTAGGCCAATATCAC-1,
GGTAGTGCTCGCACCA-1,
GGTATCAAGCATAGAA-1,
GGTATGAAAGAACTGA-1,
GGTCACGTTAGATTCA-1,1
GGTCCACGTCTATTTG-1,
GGTCCTTCATACGACT-1,1
GGTCGGATAAACGGCG-1,
GGTCGGCCAGGAGCTT-1,
GGTCGGTAATTAGACA-1,
GGTCGTAAGCTCGCAC-1,
GGTCTGAGAATCTGGA-1,
GGTCTTGAGCGCTCTT-1,
GGTCTTGGTGTTAACT-1,
GGTGAAACCGGGAATG-1,
GGTGAACGGGCTAGCC-1,1
GGTGAGATGCAGATAA-1,
GGTGATAAGGAGCAGT-1,
GGTGATGAAGGAAGTG-1,
GGTGATTTCATCTTGT-1,1
GGTGCATAAATGATTA-1,
GGTGCGGATAAGTGGC-1,
GGTGGACCACGTGTTA-1,
GGTGGGATTAGGTCCC-1,
GGTGTAAATCGATTGT-1,
GGTGTAGGTAAGTAAA-1,
GGTTACCGCTCCCTAC-1,
GGTTAGCTATATGTCT-1,
GGTTAGGGATGCTAAT-1,
GGTTCCGTACGACTAA-1,
GGTTCGGATTATACTA-1,
GGTTGTATCGTGAAAT-1,
GGTTTAATTACCATCG-1,
GGTTTACAATCTCAAT-1,1
GGTTTCAATCGGTCAG-1,
GGTTTGAGTGCTGGAA-1,
GTAACAGGTTAACGGC-1,
GTAACTACGTAGACCT-1,
GTAACTGCCCAAGGAG-1,
GTAACTTGCGGCAGTC-1,1
GTAAGCGGGCAGTCAG-1,1
GTAAGGATTTGTCGGA-1,
GTAAGTAACAGTCTGG-1,
GTACAGAGGCAAGGGT-1,
GTACGACGGCGCTGCG-1,
GTACGAGATTGCGACA-1,
GTACGCTTCATTGCAC-1,
GTACGTTTGCCCGTCA-1,
GTACTACGGCCTCGTT-1,
GTACTGAGGTCGTAAC-1,
GTACTGCATGAAGCGT-1,
GTACTGGAGTTAGACC-1,1
GTACTTGGGCACTTCT-1,
GTAGACAACCGATGAA-1,
GTAGACACGCCTGACT-1,
GTAGACGTCGTTACAT-1,
GTAGCCAAACATGGGA-1,1
GTAGCGCTGTTGTAGT-1,
GTAGCTCCGGGAGGCT-1,
GTAGCTTCCTCTTGTT-1,
GTAGGTGATCCGTGTA-1,
GTAGTCGCGGGAATCA-1,
GTAGTTCGAAGGCGAA-1,
GTAGTTTAAGCACACG-1,
GTATAATCTCCCGGAT-1,1
GTATAGGACTCAGTAG-1,
GTATATGTTACGGCGG-1,
GTATCAAGGTACTTCC-1,
GTATCGGGACGAGCTG-1,
GTATCTCAGTCTTGAC-1,
GTATCTCGGGCGCTTT-1,
GTATCTTTCATAACCA-1,
GTATGAAATTTCACTC-1,
GTATGACGTGGGAAAC-1,1
GTATGTGGGTCTAGTT-1,
GTATTAGGGTTCGCGT-1,
GTATTCTTACCGTGCT-1,
GTCAAAGAAGTGGTGT-1,1
GTCAAAGTTTACATAG-1,
GTCAAGCGGACTCGGG-1,
GTCAATTGTACTGAAG-1,
GTCACAAAGTTTCCAA-1,
GTCACCTGTCTATGTC-1,
GTCACTCATGAGCGAT-1,
GTCAGACAGCGTTGGA-1,
GTCAGTTGTGCTCGTT-1,
GTCATCCCAAACTCAC-1,
GTCATCTCCTACAGCT-1,
GTCCAATATTTAGCCT-1,
GTCCAGGCACGTGTGC-1,
GTCCCAACGTAAAGTA-1,
GTCCCAATCATCCCGC-1,
GTCCGGGTTCACATTA-1,
GTCCGTTAGAGGGCCT-1,
GTCCTACAGGCGGCTC-1,
GTCCTACTCTACGGGC-1,
GTCCTAGGATACCTTA-1,
GTCCTTCTACAACCCA-1,1
GTCCTTCTAGTGGGTT-1,
GTCGAATTTGGGCGCT-1,
GTCGCGTAACCCGTTG-1,
GTCGGATGTAGCGCGC-1,
GTCGGGAACATGGTAG-1,
GTCGGGAAGCAGAAAC-1,
GTCGTATTGGCGTACA-1,
GTCGTCAATTATAAGG-1,
GTCGTTATTCGCTTAT-1,
GTCTATACACGCATGG-1,
GTCTCAAGGCCCGGCT-1,
GTCTCCGCCTCAATAC-1,
GTCTCCTGCCAGTATG-1,1
GTCTCGATCTGCTTTC-1,1
GTCTGCCGACTCGACG-1,
GTCTGTAGGTTGAACA-1,
GTCTTAGTACAGCCGG-1,
GTCTTCCTCACCTAAG-1,
GTGAAACGGCGCCACC-1,
GTGAAACGTGCTCCAC-1,
GTGAAGTCACGACTCG-1,
GTGACAGCTTCCCACT-1,
GTGACCGCACACTACG-1,
GTGAGATAACCTTATA-1,
GTGAGGACACTTAAGG-1,
GTGAGGAGCGGTTGAG-1,
GTGATCAAGCGTGCAC-1,
GTGCAACAAATGTGGC-1,
GTGCACCAGCTTCAAC-1,
GTGCACGAAAGTGACT-1,
GTGCCAAACGTTTCGA-1,
GTGCCCGTTCGGATTC-1,
GTGCCTAGCTATGCTT-1,1
GTGCCTCAGTGTACGG-1,
GTGCGCAGCTTGCTCC-1,1
GTGCGCTTACAAATGA-1,
GTGCGGGACCATCGGC-1,
GTGCGGGTCTCCAAAT-1,
GTGCGTGTATATGAGC-1,
GTGCTATCCAGCTGGA-1,
GTGCTGCAGATAAGGA-1,
GTGCTGTTAGAACATA-1,
GTGGAACCTACATGCG-1,
GTGGACGCATTTGTCC-1,
GTGGACGTGCTGAGAC-1,
GTGGAGCGTTTACCGA-1,1
GTGGCAAACAGCGGCA-1,
GTGGCCGGTTTCTCGG-1,
GTGGCCTAATATCATT-1,
GTGGGAACAAACCGGG-1,
GTGGGAAGACTGAATC-1,
GTGGGTACTGAGCGTA-1,
GTGGGTCTTCTTTGCG-1,
GTGGTCAGCGAAGTAT-1,
GTGGTGGCCAAGTGAA-1,
GTGTACCTTGGCTACG-1,1
GTGTATGACTTTAAAG-1,
GTGTCAGTGTACGTGG-1,
GTGTCGTATAGCGTTC-1,1
GTGTGAATAACTTAGG-1,1
GTGTGAGCCGAGGTGC-1,
GTGTGTCGACGTCGCT-1,1
GTGTTACTATGCGTCC-1,
GTTAAAGTAGGACTGG-1,
GTTAACATCACTTAAA-1,1
GTTAAGGGTGCGATGT-1,
GTTACCTACAACTTGC-1,
GTTACGAAATCCACGC-1,
GTTACGGCCCGACTGC-1,
GTTAGAGTGTGCCGCT-1,
GTTAGGCTACCCGTTT-1,
GTTATCACCTTCTGAA-1,
GTTCAAATCAGATGTC-1,1
GTTCAGTCGCCAAATG-1,
GTTCCAAGACAGCGAC-1,
GTTCCAGTCTGACCAT-1,
GTTCCGTCCGCCTGCA-1,
GTTCGACAATTGTATA-1,
GTTCGGTGTGGATTTA-1,
GTTCGTTGCGGACCAG-1,
GTTCTTCCCTCGATGT-1,
GTTCTTGTAACTCAAT-1,
GTTGAGTCCCGCCGGT-1,1
GTTGCCCTAACGGGTG-1,
GTTGGATTCAGTGGCT-1,
GTTGGATTGAGAACAC-1,
GTTGGTCATGCTATCC-1,
GTTGTAGATTTATGAG-1,
GTTGTCGTGTTAGTTG-1,
GTTTATGGGATTTAGA-1,
GTTTCTGCAGTCTCCC-1,
GTTTCTTGTTAGAGCT-1,
GTTTGAGCGGTTATGT-1,
GTTTGGCCCAAGTTAT-1,
GTTTGGCCGCTCAGCG-1,
GTTTGGGCTTGTGAGC-1,
GTTTGGTGATCGGTGC-1,
GTTTGTTAGCCAAGTA-1,
TAAACGTCGTCAATGA-1,
TAAAGAGCCCGAAACC-1,
TAAAGCGGTATTTCCA-1,
TAAAGCGTTAGGAGAA-1,
TAAAGCTGCAATAGGG-1,
TAAAGTGCACGTCTCG-1,
TAAATTGTGGGTAAAG-1,
TAAATTTAGTAACACC-1,
TAACAGCGTTTGTGCT-1,
TAACAGGTTCCCTTAG-1,
TAACCGCCCGCAGTGC-1,
TAACTCCATGGAGGCT-1,
TAACTGAAATACGCCT-1,
TAAGAGGGACAGGGAC-1,1
TAAGATTTAGCGGGAG-1,
TAAGCGCGAATCAAAT-1,
TAAGGAACTTGTGGGA-1,
TAAGGCAACATAAGAT-1,1
TAAGGCATAACATCAA-1,
TAAGGCCCGTCACCCT-1,
TAAGTGAATAGTCTAC-1,
TAATAAACAAGGAGAT-1,
TAATACACAGTAGTAT-1,
TAATACTAGAACAGAC-1,
TAATAGGTCACCAGAA-1,1
TAATAGTGACGACCAG-1,
TAATATTGAAATTCGC-1,
TAATCGATCCGTACGT-1,
TAATGTCGGTTCATGG-1,
TAATTAGATGGATATG-1,
TAATTGCGCTGATTAC-1,
TAATTTCCGTCCAGTA-1,
TACAAGCTGTTCACTG-1,
TACAATGAAACCAGCA-1,
TACACAGCCGTGGTGC-1,
TACATCCCTATCCCTG-1,
TACATCTTGTTTCTTG-1,1
TACATGACCTTATCCG-1,
TACCAAATAGCCCAGA-1,
TACCAGCTAGGTTTAA-1,
TACCAGGAATCCCGTC-1,
TACCGCGGACTTGCAG-1,
TACCGGCTCACTGCCC-1,
TACCGTAGGTTAACTA-1,
TACCGTGCCTCGGACC-1,1
TACCTACTCCCAGTAT-1,
TACCTATCCCTAGAGG-1,
TACCTCACGCTTGTAC-1,
TACCTCAGTTGTCTGT-1,
TACCTCCACACCAATG-1,
TACGACTGCCTCTTAG-1,
TACGCTCCTAGAACTG-1,
TACGCTGATAGTTGTA-1,
TACGCTGCTGTGTTAA-1,
TACGGGATGCTAGCAG-1,
TACGTACTAGTGCTGA-1,
TACTCACAACGTAGTA-1,
TACTCCTCTAGTTGAC-1,
TACTCGTTTGAATCAA-1,
TACTCTCCGAACAAAT-1,1
TACTCTTTCGTCTTCA-1,
TACTGAGGGAAGAAAG-1,
TACTGCATGATTAAAT-1,
TACTTGTTAGTAGTCC-1,
TACTTTACTGAGCCGG-1,
TACTTTCCGCACGCCA-1,
TAGAAACACAATAGTG-1,1
TAGAAACCACTAAGTA-1,
TAGAAAGGTGGCGCTA-1,
TAGAACGCCAGTAACG-1,
TAGAATTAAGGGCAAC-1,
TAGACGAAACGCCAAT-1,
TAGACGCCCGTACCGG-1,
TAGACTCAGTTGGCCT-1,
TAGAGCTACGAAGAAC-1,
TAGAGGGAGTTTATCT-1,
TAGATCCGAAGTCGCA-1,
TAGATTCAAAGTGCGG-1,
TAGCCAGAGGGTCCGG-1,
TAGCCATGATTGCCTA-1,
TAGCCATTTCAAAGTC-1,
TAGCCGGCGGTCAGCG-1,
TAGCGTCCGGTGTGGT-1,1
TAGCGTCGAATATTGA-1,
TAGCTAGTGATGATGG-1,
TAGCTGATGTGAAGCG-1,
TAGGAACAGCCTCCAG-1,
TAGGATCTTAACCGCA-1,
TAGGCATGTTACGCCA-1,
TAGGCGATGAGGTCTC-1,
TAGGCGGCTGCAAAGA-1,
TAGGGTGTTTCAAGAG-1,
TAGGTGCTCGCCTAGC-1,
TAGGTGTTCCACAGAT-1,
TAGGTTCTGCTGAGAA-1,
TAGTACCACAACTTTC-1,
TAGTAGCTTATACCAG-1,
TAGTAGTTGCCGGACA-1,
TAGTCCCGGAGACCAC-1,
TAGTCCGTATGCATAA-1,1
TAGTCCTGCACTAAGC-1,
TAGTCGGGATTCTTCG-1,
TAGTCTGCGGCACATT-1,
TAGTGAGAAGTGGTTG-1,
TAGTGCTTGAATCCTT-1,
TAGTTAAGATAGGATA-1,
TAGTTTATTCTTGCTT-1,
TAGTTTGATCGGTCGC-1,
TATAAATCCACAAGCT-1,
TATACACGCAAAGTAT-1,
TATACGCGTCATCACT-1,
TATACTCATGCGGCAA-1,
TATAGAGTCGCTTGAA-1,
TATAGCGCACGTTATC-1,
TATAGCTATTATCTCT-1,
TATAGTTAGGTGTACT-1,
TATATAGGGCTTTACG-1,
TATATATCGAGAAATG-1,
TATATCAAAGTGATCT-1,
TATATGCTGGGTTGCC-1,
TATATTCGCGTCGATA-1,
TATCAAAGGTCTGTAA-1,
TATCACAGCACGGGCA-1,
TATCACCATGTAAAGT-1,
TATCACTTCGAGTAAC-1,
TATCAGTGGCGTAGTC-1,
TATCCAATTGGTTATC-1,
TATCCATATCATGCGA-1,
TATCCATCTCGGTTAG-1,
TATCCCTCGATCTGCA-1,
TATCCGCACCGTCGGG-1,
TATCCTATCAACTGGT-1,
TATCCTGCATGGGAAT-1,
TATCGATCTATGCATA-1,
TATCTGAGCCGATATT-1,
TATCTTGCAATACAAC-1,1
TATGACCTTGCGCTGG-1,
TATGATAAATCTAACG-1,
TATGATTCTGCTTGGT-1,1
TATGCTCCCTACTTAC-1,
TATGGAGTTTCTCGTT-1,1
TATGTAAAGTGCTTAA-1,
TATGTAGAAACCCGGC-1,
TATGTCAAGACCGACT-1,
TATGTCTCATTGTGCC-1,
TATTAACACCAAAGCA-1,
TATTATGTTTGCCTGC-1,1
TATTCAATTCTAATCC-1,
TATTCCGGCAGTCCTA-1,
TATTTAGTCTAGATCG-1,
TATTTATACCGAGTAG-1,
TCAAACAACCGCGTCG-1,
TCAAAGAGCTATCTGT-1,
TCAAAGTCACGGCGTC-1,
TCAAATTTGAGACTCA-1,
TCAACACATTGGGTAA-1,
TCAACATCGACCGAGA-1,
TCAATACAATTGCTGC-1,
TCAATACGCCGTCATG-1,
TCACAGATCCTCAAAC-1,
TCACAGGGAATCGCAA-1,1
TCACCGCTCGGCACTC-1,
TCACGATGTCCGTGGA-1,
TCACGATTAATACGTT-1,
TCACGGCCCAAGAGAG-1,
TCACTACGACCAATGC-1,
TCACTATCGTGCAATC-1,
TCACTCAGCGCATTAG-1,
TCACTCGTGCAACGGC-1,
TCACTCTTCGTCTGTC-1,
TCAGAACGGCGGTAAT-1,
TCAGACGCTATAGAAG-1,
TCAGAGCATGTCAACG-1,
TCAGCAAATGCATCTC-1,
TCAGCAGTAGGCCCTG-1,
TCAGCGCACGCCGTTT-1,
TCAGCTTGAGCTTTCG-1,
TCAGGGCGACTTCCTT-1,
TCAGGGTGCACGAAAC-1,
TCAGGGTGTAACGTAA-1,
TCAGTAGGGACTATAA-1,
TCAGTGTATACGTCAT-1,
TCATATGAGCTTTGTT-1,
TCATCACTCGAGCTCG-1,
TCATCCATCTGATCAC-1,
TCATCCCAGAGGGTGG-1,
TCATGAAGCGCTGCAT-1,
TCATGCAGGTTCTCAT-1,
TCCAATAAAGGCTACC-1,
TCCAATGCGTCGCCGC-1,
TCCACATCGTATATTG-1,
TCCACCTCTAGCCTTT-1,
TCCACTTTATCTAGGT-1,
TCCAGAGCACCGGTTC-1,
TCCAGGCAGGACGATC-1,
TCCAGGGTATATACGA-1,
TCCATCAATACTAATC-1,
TCCATTAGTTGGATAG-1,
TCCATTGTGACCTCGT-1,
TCCCAAACATCCTCTA-1,
TCCCGCGTACTCCTGG-1,
TCCCGGTCAGGAATTT-1,1
TCCCGTCAGTCCCGCA-1,
TCCCGTGTGCAATTTG-1,
TCCCTCCGAAATCGTT-1,
TCCCTGGCGTATTAAC-1,1
TCCCTTAGATTACTCG-1,
TCCGACCGCTAATCAA-1,
TCCGAGAAGGCTAAGC-1,
TCCGATAATTGCCATA-1,
TCCGATGACTGAGCTC-1,
TCCGCAGCCACCTAGC-1,1
TCCGCCTGTCTACAAG-1,
TCCGCGGCAGCATCTG-1,1
TCCGCTGGGTCGATCG-1,
TCCGCTGTCATCCCGG-1,
TCCGCTTATCCCATTA-1,
TCCGGCCTAGCGTACA-1,
TCCGTAACCACAATCC-1,
TCCGTTTAGCCTTGAA-1,
TCCTAAATTGGGAAGC-1,
TCCTAACCGTCGGGCA-1,
TCCTACATCCACGGCC-1,
TCCTCGGGCTGGGCTT-1,
TCCTCTGGCCCATTAG-1,
TCCTGCAGCCGCCAAT-1,
TCCTGCCAACTGGAGA-1,
TCCTTCAATCCCTACG-1,
TCCTTCAGTGGTCGAA-1,
TCCTTGTCCTTTAATT-1,
TCGAATCGCAGGGTAG-1,
TCGACAACTGAACCCG-1,1
TCGACATAGCGTAGCG-1,
TCGAGTCTACGATTCG-1,
TCGATAGGCTAGTCGC-1,
TCGATGTTACGGCCGT-1,
TCGATTTACGAAACGA-1,
TCGCAAAGATGCATTT-1,
TCGCACCAGGAGGCAG-1,
TCGCACTAACGTTTGT-1,
TCGCATCCCTAAGTGT-1,
TCGCATTCAATGACTT-1,1
TCGCCACCCGGATTAC-1,
TCGCCCACTGCGAGAG-1,
TCGCCGCACCGCGTGA-1,1
TCGCCGGATGGGCAAG-1,
TCGCCGGTCGATCCGT-1,
TCGCCTCGACCTGTTG-1,
TCGCGCGTTTACATGA-1,
TCGCTAAACCGCTATC-1,
TCGCTACTGGCTTTGA-1,
TCGCTGGGCGGATTGT-1,
TCGCTGTGCGTAAATC-1,
TCGCTTTAAACGTTTG-1,
TCGGAATGACCATCAA-1,
TCGGACGCCCAGCCCA-1,1
TCGGAGTACATGAGTA-1,
TCGGAGTCCTGGTTGC-1,
TCGGATCTGGATGACC-1,
TCGGCGTACTGCACAA-1,
TCGGGAGACAGCGTAC-1,
TCGGGCACTTCTGGAT-1,
TCGGGCCGTCGTGGTA-1,
TCGGGTGAAACTGCTA-1,
TCGGTCCCTGACTCCA-1,
TCGTAAGACGACATTG-1,1
TCGTACCGACGTCAAG-1,
TCGTATAGTGCAATTA-1,
TCGTATTTCGTCCGGA-1,
TCGTCTTAGGCGTTAA-1,
TCGTGTACTATGGATG-1,
TCGTTCGTTATTATGT-1,
TCGTTGACAGGGTCCC-1,
TCGTTGGCTCGTCAAT-1,
TCTAAAGAACAGTCTC-1,
TCTACCGTCCACAAGC-1,
TCTACGCACGATCTCC-1,
TCTAGCATGCCCAGAA-1,
TCTAGGTGGCGACGCT-1,
TCTATCATGCAGTTAC-1,
TCTATCCGATTGCACA-1,
TCTATCGGTCGCAACA-1,1
TCTATTACGCTGGCGA-1,
TCTCCAACGTAGGTTA-1,1
TCTCGAACGAGGTCAC-1,
TCTCGGCTCCAGGACT-1,
TCTCGTGTTACGAGGA-1,1
TCTCTAATAGCTGGTA-1,
TCTCTTACCGCGAACC-1,
TCTGAATTCCGTACAA-1,
TCTGACTGTAATGGTT-1,
TCTGATGTATTCTGTC-1,
TCTGCAGATTCGAGTC-1,
TCTGCCAGAAACTGCA-1,
TCTGCGTCCGGTTTCT-1,
TCTGTCATACAAGAGC-1,
TCTGTGACTGACCGTT-1,
TCTGTGCCATCATAGT-1,1
TCTGTGGCTACATTTC-1,
TCTGTTTAGATTGTTC-1,
TCTTAACTCGGATGTA-1,1
TCTTACAGAGGTACCG-1,
TCTTACCGGAACTCGT-1,
TCTTATGGGTAGTACC-1,
TCTTCCCATGGGCACA-1,
TCTTCGAATAGACGTT-1,
TCTTGCTCCCGATACT-1,
TCTTGGTAACACCAAA-1,
TCTTGGTCAATGATAC-1,
TCTTTCATCCGTCCTT-1,
TCTTTCGGCGGGACAC-1,
TCTTTCTCTTAAGGAG-1,
TGAAACTTATGCAAGC-1,
TGAAAGGACCTGACTC-1,
TGAACAAGCAGGGACT-1,
TGAACACCCGAAGCAG-1,
TGAACCTGAATGTGAG-1,
TGAACTGCTATGACTT-1,
TGAAGAGCGGTCCTAG-1,
TGAAGTAGCTTACGGA-1,1
TGAATGAGTGTTTCCC-1,
TGAATTTCACTTGCCT-1,
TGACAACTTAAAGGTG-1,
TGACAGAAATCTTGCT-1,
TGACAGGACAAGTCCA-1,
TGACATATATGACGAT-1,
TGACATGTAACGTGAC-1,
TGACCAAATCTTAAAC-1,
TGACGATGCACTAGAA-1,
TGACTATAATCCTTTC-1,
TGACTCCGAATCATAC-1,
TGAGAATGCTTTACCG-1,
TGAGACGTACCTCTCA-1,
TGAGAGATTTACCACG-1,
TGAGATCAAATACTCA-1,
TGAGATTAGGCCCTAA-1,
TGAGCAGTCGTGAAGT-1,
TGAGCGGAAAGTGTTC-1,1
TGAGCTTTAATGACGC-1,
TGAGGAGTGCCAGCTT-1,
TGAGGCATGTACTGTG-1,
TGAGGTGTGTGGCGGA-1,
TGAGGTTGATCCCAAG-1,
TGAGTGGTCCGTGACG-1,
TGATCACCACACTGAC-1,
TGATGGGACTAAGTCA-1,
TGATTCAGGTCCCGCG-1,
TGATTCCCGGTTACCT-1,
TGATTTCCTCCTGACG-1,
TGCAAACGTACTAGTT-1,
TGCAAAGTTCGTCTGT-1,
TGCACGAGTCGGCAGC-1,
TGCACTATGTGAGTGC-1,1
TGCAGGATCGGCAAAG-1,
TGCAGTGGTAGGGAAC-1,
TGCAGTTTCCTCCCAT-1,
TGCATATGTCTGTCAC-1,
TGCATGAGTAGATTCG-1,
TGCATGGATCGGATCT-1,
TGCATGTGACCCATAG-1,
TGCATGTGGTAATCTA-1,
TGCCACACTAGAGGAA-1,
TGCCACCTGGCGAAAC-1,
TGCCAGTACGTGGAGA-1,1
TGCCATGGCTTATAAG-1,
TGCCATTACTAAAGAA-1,
TGCCCGATAGTTAGAA-1,
TGCCCGTACCGTTAAA-1,
TGCCGGATGTACGAGC-1,
TGCCGTGGATCGTCCT-1,
TGCCGTGGGACCCAAT-1,
TGCCGTTCTTAATCGG-1,
TGCCTGACATCGGTCA-1,1
TGCCTGATCAAACGAT-1,
TGCCTTGGCCAGGCAA-1,
TGCGAATATGGGATTT-1,
TGCGACACCCTAGTGC-1,
TGCGACGGCCGAACGT-1,
TGCGAGAAACGTTACG-1,
TGCGATGCTAATGGCT-1,
TGCGGAGTAAAGGTGC-1,
TGCGGCATAGTTCAAC-1,
TGCGGTGAAATTTCAT-1,
TGCGTCATGACTGAGC-1,1
TGCGTGATTGGGTGTC-1,
TGCGTTTGTTGACACT-1,
TGCTATACAAACGGAC-1,
TGCTATGGCAAAGGGA-1,
TGCTCAAAGGATGCAC-1,
TGCTCGGCGAAACCCA-1,
TGCTCGGTGGGTCACC-1,
TGCTCTTGAGAGTTTG-1,
TGCTTAGAGAGAATGC-1,
TGCTTCCCAAGCAGTA-1,
TGCTTGAAACCATGCA-1,
TGGAAACGGAGTGAAC-1,
TGGAAGACGAACACCA-1,
TGGAAGGATAAAGATG-1,
TGGACACCGTTGCTTG-1,
TGGACCACGGCGTTGA-1,
TGGACGCAATCCAGCC-1,1
TGGACGTAGGCGAATC-1,
TGGACTGTTCGCTCAA-1,
TGGAGAATAATCGTCC-1,
TGGAGCTAAAGTTCCC-1,
TGGATAGAGTAACAGA-1,
TGGATGGCATCTTGGA-1,
TGGCAAACTAAATTAC-1,1
TGGCAACTCGCGCGCC-1,
TGGCAAGCACAAGTCG-1,
TGGCATGAAGTTTGGG-1,
TGGCCAAACTGAAGTA-1,1
TGGCCAATTTGGTACT-1,
TGGCGGTGTGCGATTG-1,
TGGCTCTTGTCGCGTA-1,
TGGCTTATGTATAATG-1,
TGGCTTTGGGTAGACA-1,
TGGGACCATTGGGAGT-1,
TGGGCACAAACAGAAC-1,
TGGGCACGTTCTATGG-1,
TGGGCCACAAGAGCGC-1,
TGGGCCCATACTAATT-1,
TGGGCCTTGCCTGCAT-1,
TGGGCGATACAATAAG-1,
TGGGTAAGGTTCCCGC-1,
TGGGTGTTAAGTAGAA-1,
TGGGTTCCCGGACGGA-1,1
TGGGTTTCGGGCGTAC-1,
TGGTAAGCAGGATTGA-1,
TGGTATCGCATCCCAA-1,
TGGTATCGGTCTGTAT-1,
TGGTCCCACGCTACGG-1,1
TGGTCGATATACCTCT-1,
TGGTCGGGTACAGGGC-1,
TGGTCGTGCAAGGCAA-1,
TGGTCTAGCTTACATG-1,1
TGGTGCCCTGCCTTAC-1,
TGGTTAACTTACATTT-1,
TGGTTATGCTTGCGGT-1,
TGGTTCAACGGGTAAT-1,1
TGGTTCGTAGCAAAGG-1,
TGGTTGGAGGATCCTG-1,
TGTAACTTGTCAACCT-1,
TGTAAGACTGATAAGA-1,
TGTACCCGACCCTAAT-1,
TGTACTGTGCCAAAGT-1,
TGTAGCCAATTCCGTT-1,
TGTAGGAGAAATTTCC-1,
TGTATAACAGATCCTG-1,1
TGTATCCTTATTCCAT-1,
TGTATGGCGCAGACAG-1,
TGTCCCGACATAGCAC-1,
TGTCCGCAAACAATTC-1,
TGTCGGCATGGTGGAA-1,
TGTCGTGGGTATAGGC-1,
TGTCGTTATCACATAT-1,
TGTCTACAGTTTCTGT-1,
TGTGACTACGCCAGTC-1,
TGTGAGACTAGCCCAA-1,
TGTGCCAGAGGCAAAG-1,
TGTGGAGGAAGCTTAA-1,
TGTGGCAAAGCGTATG-1,
TGTGGCGGGCTTCTGG-1,
TGTGGTTGCTAAAGCT-1,
TGTGTCGAAGTCGAGG-1,
TGTGTGACCATGAATC-1,
TGTTATTGTATGTGGC-1,
TGTTCATAAATGTGCT-1,
TGTTCCGGCCTGAGCT-1,
TGTTGTCAAGAAGTCT-1,
TGTTTAATACTTCATC-1,
TGTTTCGGTACTTCTC-1,
TGTTTCTGAAGCGTGC-1,
TTAAACAGAGTCCCGC-1,
TTAAACCGGTAGCGAC-1,
TTAAACTCGAATTCAT-1,
TTAAAGGCGATGCTCG-1,
TTAACCAACCCTCCCT-1,
TTAACGTCGCAAGACC-1,
TTAACGTTAAAGCCTG-1,
TTAAGATACCCAGAGA-1,
TTAAGCCGACAACTTC-1,
TTAAGGATACGGAGGT-1,1
TTAAGGCCCGTACTTT-1,
TTAATCAGTACGTCAG-1,
TTAATGCGAGGTAACT-1,
TTAATGTGTTTGCAGG-1,1
TTAATTTCAGACGCGG-1,
TTACAGACCTAAATGA-1,
TTACCCATTGCCGGGT-1,
TTACCCTAGGGATTGG-1,
TTACCGCCTTAGGGAA-1,
TTACGGATGGTTCGAG-1,
TTACGGTGTCACCGAG-1,
TTACTAAAGGACTTTA-1,1
TTACTCCGGCCGGGAA-1,1
TTAGAAGAACATGACT-1,
TTAGAATAAGGGTCGG-1,
TTAGACACGATCGTTG-1,
TTAGACGAGTCACCTC-1,
TTAGAGGGATATACAG-1,
TTAGAGTATTGTCGAG-1,
TTAGAGTTTAGAAGGA-1,
TTAGATAGGTCGATAC-1,
TTAGCAACATGGATGT-1,
TTAGCATCCCTCACGT-1,
TTAGCCATAGGGCTCG-1,
TTAGCTAATACGATCT-1,
TTAGCTGATTTGCCGT-1,
TTAGGTGTGACTGGTC-1,
TTATAGATGCACATTA-1,
TTATAGGTAATTGTCT-1,
TTATATACGCTGTCAC-1,
TTATATTTGGCAATCC-1,
TTATCATACTCGCAAA-1,
TTATCCAATCGAACTC-1,
TTATCCTCAAGGAATA-1,
TTATCTGACATTAGGA-1,1
TTATCTGTATCATAAC-1,
TTATGATCTTAACGAA-1,
TTATGCGTCCCGGTCC-1,
TTATTAGAGCGTGTTC-1,
TTATTAGGGAAGCATC-1,
TTCAAAGTCTCTAGCC-1,
TTCAACGACCCGACCG-1,
TTCAAGCCGAGCTGAG-1,
TTCAATACTCTGAATC-1,
TTCAATTAGCCATAAT-1,
TTCACGGTCGTCACGT-1,
TTCACTCGAGCACCTA-1,1
TTCACTTCCTAGAACG-1,
TTCAGAGTAACCTGAC-1,
TTCAGCCCTGGTCCAC-1,
TTCAGTTCAAGAGGAG-1,
TTCAGTTTGTGGCAGC-1,
TTCATAGCCTTGTAAC-1,
TTCATAGGGTGTCCAT-1,1
TTCATGGCGCAACAGG-1,
TTCCAATCAGAGCTAG-1,
TTCCAATCTGGCTATC-1,
TTCCAGTGGGTTTCGT-1,
TTCCCGGCGCCAATAG-1,
TTCCGCAGAGAAATAT-1,
TTCCGCGTGAGGCGAT-1,
TTCCGGTTACCCACTT-1,
TTCCTCGAGGGTGTCT-1,
TTCCTTTCTGTGTTGC-1,
TTCGAACGAAACATGC-1,
TTCGACAGAGCCCGTG-1,1
TTCGCACTGTACGACA-1,
TTCGCATCCGGAAGCA-1,
TTCGCCGCTCGCGCTA-1,
TTCGCGCGCCATACGA-1,
TTCGCTATCTGACGTG-1,
TTCGGACTGGGCATGG-1,
TTCGGCAACCCGCTGA-1,
TTCGGCTAGAGATGGT-1,
TTCGGGACTAATCGCG-1,
TTCGGTACTGTAGAGG-1,
TTCGTAATCCCAGCGG-1,
TTCGTGCATGTTATAG-1,
TTCTAACCGAAGCTTA-1,
TTCTACCTCAATCGGT-1,
TTCTACCTTTATGTTG-1,
TTCTAGAAAGTCTTAT-1,
TTCTATTAAACGCAGC-1,
TTCTCAATTGCTACAA-1,
TTCTCTTACAGGTGAT-1,
TTCTGCCGCGCCTAGA-1,1
TTCTGCGGGTTAGCGG-1,
TTCTGTTTCCTGTCGC-1,
TTCTTAGTGAACGGTG-1,
TTCTTAGTGGCTCAGA-1,
TTCTTGGAGTAATGAG-1,1
TTGAACGAATCCTTTG-1,
TTGAAGGATGGGCGCC-1,
TTGAATATGGACTTTC-1,
TTGAATCGTTGTATAA-1,
TTGACCATGTTCTCCG-1,1
TTGACGATTCAGCACG-1,
TTGAGGCATTTAACTC-1,
TTGATGCCGCTCGTCG-1,
TTGATGTGTAGTCCCG-1,
TTGCAAGAAGACTCCT-1,
TTGCACGGAGCAGCAC-1,
TTGCCATAGCCCGCTC-1,
TTGCCGCAGACCTACA-1,
TTGCCTAATCCAAAGT-1,
TTGCGCTCTCTCGCTT-1,1
TTGCGGAAAGCTGCCC-1,
TTGCTAGCTACCAATC-1,
TTGCTCCCATACCGGA-1,
TTGCTGAAGGAACCAC-1,
TTGCTGGCCGGGCTTC-1,
TTGGAAGAATACAGTC-1,
TTGGAGTCTCCCTTCT-1,
TTGGATCGACTTCTGG-1,
TTGGATTGGGTACCAC-1,
TTGGCCATCTTGCGCT-1,1
TTGGCCTAGAATTTCG-1,
TTGGGAAGACGAGCCG-1,
TTGGGACACTGCCCGC-1,
TTGGGCGGCGGTTGCC-1,1
TTGGTTGCGGTGCGCG-1,1
TTGTAAGGCCAGTTGG-1,
TTGTACACCTCGAACA-1,
TTGTATCACACAGAAT-1,
TTGTCACCGCGGTATC-1,
TTGTCGTTCAGTTACC-1,
TTGTCTCGGCAAGATG-1,
TTGTGAGGCATGACGC-1,
TTGTGCAGCCACGTCA-1,
TTGTGCGGAAGCGGAT-1,
TTGTGGAGACAGCCGG-1,
TTGTGGCCCTGACAGT-1,
TTGTGTATGCCACCAA-1,
TTGTTCAGTGTGCTAC-1,
TTGTTCTAGATACGCT-1,1
TTGTTGGCAATGACTG-1,
TTGTTGTGTGTCAAGA-1,
TTGTTTCATTAGTCTA-1,
TTGTTTGTATTACACG-1,
TTGTTTGTGTAAATTC-1,
