Barcode,region_cluster
0193345_AAACAAGTATCTCCCA-1,1
0193345_AAACACCAATAACTGC-1,0
0193345_AAACAGAGCGACTCCT-1,6
0193345_AAACAGTGTTCCTGGG-1,6
0193345_AAACATGGTGAGAGGA-1,1
0193345_AAACATTTCCCGGATT-1,0
0193345_AAACCACTACACAGAT-1,0
0193345_AAACCCGAACGAAATC-1,0
0193345_AAACCGGAAATGTTAA-1,14
0193345_AAACCGTTCGTCCAGG-1,1
0193345_AAACCTAAGCAGCCGG-1,0
0193345_AAACGAAGAACATACC-1,0
0193345_AAACGAAGATGGAGTA-1,8
0193345_AAACGACAGTCTTGCC-1,1
0193345_AAACGAGACGGTTGAT-1,6
0193345_AAACGCCCGAGATCGG-1,1
0193345_AAACGGTTGCGAACTG-1,16
0193345_AAACGTGTTCGCCCTA-1,1
0193345_AAACTAACGTGGCGAC-1,1
0193345_AAACTCGGTTCGCAAT-1,1
0193345_AAACTCGTGATATAAG-1,8
0193345_AAACTGCTGGCTCCAA-1,0
0193345_AAACTTAATTGCACGC-1,0
0193345_AAAGAATGACCTTAGA-1,14
0193345_AAAGAATGTGGACTAA-1,0
0193345_AAAGACATGAAGTTTA-1,0
0193345_AAAGACCCAAGTCGCG-1,18
0193345_AAAGCTTGCCTACATA-1,8
0193345_AAAGGCCCTATAATAC-1,1
0193345_AAAGGCTACGGACCAT-1,16
0193345_AAAGGCTCTCGCGCCG-1,8
0193345_AAAGGTAAGCTGTACC-1,1
0193345_AAAGGTCAACGACATG-1,1
0193345_AAAGTAGCATTGCTCA-1,0
0193345_AAAGTCACTGATGTAA-1,18
0193345_AAAGTGCCATCAATTA-1,1
0193345_AAAGTGTGATTTATCT-1,14
0193345_AAATAACCATACGGGA-1,1
0193345_AAATACCTATAAGCAT-1,0
0193345_AAATAGGGTGCTATTG-1,1
0193345_AAATCACTCCTAAACG-1,0
0193345_AAATCGCGGAAGGAGT-1,6
0193345_AAATCGTGTACCACAA-1,0
0193345_AAATCTAGCCCTGCTA-1,1
0193345_AAATCTGCCCGCGTCC-1,1
0193345_AAATGATTCGATCAGC-1,6
0193345_AAATGGCATGTCTTGT-1,0
0193345_AAATGGCCCGTGCCCT-1,8
0193345_AAATGGTCAATGTGCC-1,1
0193345_AAATGTGGGTGCTCCT-1,0
0193345_AAATTAACGGGTAGCT-1,1
0193345_AAATTACACGACTCTG-1,0
0193345_AAATTACCTATCGATG-1,0
0193345_AAATTGATAGTCCTTT-1,6
0193345_AAATTGGTGAGAAGCA-1,8
0193345_AAATTTACCGAAATCC-1,0
0193345_AAATTTGCGGGTGTGG-1,1
0193345_AACAATACATTGTCGA-1,6
0193345_AACACACGCTCGCCGC-1,1
0193345_AACACGACTGTACTGA-1,1
0193345_AACAGCTGTGTGGCAA-1,8
0193345_AACAGGAAATCGAATA-1,0
0193345_AACAGGTAGTATGGAT-1,6
0193345_AACATATCAACTGGTG-1,1
0193345_AACATCGATACGTCTA-1,1
0193345_AACATTGAAGTTGATC-1,1
0193345_AACATTGTGACTCGAG-1,14
0193345_AACCAGTATCACTCTT-1,1
0193345_AACCATAGGGTTGAAC-1,8
0193345_AACCCATCCCATGATC-1,8
0193345_AACCCGACAACCCGTG-1,14
0193345_AACCCGAGCAGAATCG-1,0
0193345_AACCCTGGTGGAACCA-1,6
0193345_AACCGAGCTTGGTCAT-1,6
0193345_AACCGCTAAGGGATGC-1,1
0193345_AACCGTTGTGTTTGCT-1,0
0193345_AACCTAAAGCCGTCCG-1,6
0193345_AACCTCGCTTTAGCCC-1,0
0193345_AACCTTTAAATACGGT-1,1
0193345_AACCTTTACGACGTCT-1,14
0193345_AACGAAAGTCGTCCCA-1,0
0193345_AACGATAATGCCGTAG-1,6
0193345_AACGATAGAAGGGCCG-1,1
0193345_AACGATATGTCAACTG-1,6
0193345_AACGCATGATCTGGGT-1,6
0193345_AACGCGACCTTGGGCG-1,6
0193345_AACGCGGTCTCCAGCC-1,1
0193345_AACGCTGTTGCTGAAA-1,8
0193345_AACGGACGTACGTATA-1,6
0193345_AACGGCCATCTCCGGT-1,14
0193345_AACGTACTGTGGGTAC-1,1
0193345_AACGTCGCTGCACTTC-1,1
0193345_AACGTGATGAAGGACA-1,6
0193345_AACGTGCGAAAGTCTC-1,1
0193345_AACTACCCGTTTGTCA-1,6
0193345_AACTAGGCTTGGGTGT-1,1
0193345_AACTCAAGTTAATTGC-1,18
0193345_AACTCCAGAGCGTGTT-1,1
0193345_AACTCCTAATCCCATG-1,1
0193345_AACTCTCAGTGTGCTC-1,0
0193345_AACTGAGGTCAGCGTC-1,0
0193345_AACTGAGTTATACTGA-1,8
0193345_AACTGATATTAGGCCT-1,0
0193345_AACTGGGTCCCGACGT-1,0
0193345_AACTGGGTTCGAGCCG-1,1
0193345_AACTGGTGTGGGCCTT-1,8
0193345_AACTTTCTCGATCATG-1,6
0193345_AAGAAAGTTTGATGGG-1,8
0193345_AAGAAATCACCAGATT-1,1
0193345_AAGACCAAATAACTCA-1,6
0193345_AAGACCCAACTGAACA-1,8
0193345_AAGACTAACCCGTTGT-1,18
0193345_AAGACTCACGCCCACT-1,1
0193345_AAGACTGCAAGCTACT-1,8
0193345_AAGAGCTCTTTATCGG-1,6
0193345_AAGAGGCATGGATCGC-1,0
0193345_AAGAGGCCCTTTGGAA-1,1
0193345_AAGATGGCACCGGACC-1,6
0193345_AAGATTGGCGGAACGT-1,0
0193345_AAGCACCCTGCGTATC-1,1
0193345_AAGCATACTCTCCTGA-1,1
0193345_AAGCCACTTGCAGGTA-1,18
0193345_AAGCCGAAGCGGTTTA-1,6
0193345_AAGCCGCCGTGAAATC-1,8
0193345_AAGCCGCTTTACCTTG-1,18
0193345_AAGCCGGAGAGCAGGA-1,0
0193345_AAGCGCAGGGCTTTGA-1,0
0193345_AAGCGGCGTCATGGGT-1,1
0193345_AAGCGTCCCTCATCGA-1,6
0193345_AAGCTAGATCGAGTAA-1,0
0193345_AAGCTCTTTCATGGTG-1,1
0193345_AAGGAGAACTTATAAG-1,0
0193345_AAGGAGCGGTTGGTGC-1,0
0193345_AAGGCAGGCTGTCTCC-1,6
0193345_AAGGCTGTGCTCATCG-1,8
0193345_AAGGGAACGACTGGCT-1,0
0193345_AAGGGACAGATTCTGT-1,0
0193345_AAGGGACTATGCATTC-1,0
0193345_AAGGGTTTGATTTCAG-1,0
0193345_AAGGTATCCTAATATA-1,1
0193345_AAGGTGATAAACCAGC-1,14
0193345_AAGTAAGCTTCCAAAC-1,8
0193345_AAGTCAATTGTCGTCA-1,0
0193345_AAGTCTAGTAGCTGCC-1,16
0193345_AAGTGAGTCGGGTTTA-1,0
0193345_AAGTGCCTTGACTGTA-1,6
0193345_AAGTGCGTTAGAATCT-1,1
0193345_AAGTGCTTCTCTATTG-1,1
0193345_AAGTGTTTGGAGACGG-1,1
0193345_AAGTTCACTCCAAGCT-1,0
0193345_AAGTTCAGTCTGCGTA-1,6
0193345_AAGTTCGGCCAACAGG-1,1
0193345_AAGTTGTGATGTTATA-1,6
0193345_AAGTTTACTAATGGCA-1,1
0193345_AAGTTTATGGGCCCAA-1,0
0193345_AATAACACTAGAACAA-1,0
0193345_AATAAGTCCTCGAGAC-1,0
0193345_AATAATCTTCGTATCG-1,0
0193345_AATACCGGAGGGCTGT-1,0
0193345_AATACCTGATGTGAAC-1,8
0193345_AATAGAACAGAGTGGC-1,14
0193345_AATAGAATCTGTTTCA-1,1
0193345_AATAGCAAGCCTCCTG-1,0
0193345_AATAGCTACCGCGTGC-1,6
0193345_AATAGGCACGACCCTT-1,1
0193345_AATAGTCCGTCCCGAC-1,1
0193345_AATATCGAATCAATGC-1,8
0193345_AATATCGAGGGTTCTC-1,6
0193345_AATCAGGTTTCATTTA-1,6
0193345_AATCATGTAAAGACTC-1,0
0193345_AATCCAAGGGCCTGAG-1,1
0193345_AATCGCCTCAGCGCCA-1,1
0193345_AATCGCGCAGAGGACT-1,6
0193345_AATCGGGACACTACGA-1,1
0193345_AATCGGTATAGCCCTC-1,0
0193345_AATCTAGGTTTACTTG-1,1
0193345_AATCTGGCTTTCTAGT-1,6
0193345_AATCTGGGTAGACCCT-1,1
0193345_AATGACAGCAATGTCT-1,6
0193345_AATGACGTAGGATGTC-1,0
0193345_AATGATGATACGCTAT-1,0
0193345_AATGATGCGACTCCTG-1,0
0193345_AATGCAACCGGGTACC-1,0
0193345_AATGCACCAAGCAATG-1,0
0193345_AATGGCCGCCAATGCG-1,8
0193345_AATGTATGGCACTGTA-1,1
0193345_AATGTGCCCGAGGTGT-1,0
0193345_AATGTGCTAATCTGAG-1,1
0193345_AATTAAAGGTCGGCGT-1,6
0193345_AATTAACGGATTTCCA-1,1
0193345_AATTACGAGACCCATC-1,0
0193345_AATTAGCGCTGCAGCG-1,1
0193345_AATTCATAAGGGATCT-1,0
0193345_AATTCATTGTCATGCA-1,14
0193345_AATTCCAAGCATGTAC-1,14
0193345_AATTCGATTCGAGGAT-1,1
0193345_AATTCTAGAGTTAGGC-1,0
0193345_AATTGAACGCTCTGGT-1,8
0193345_AATTGCAGCAATCGAC-1,8
0193345_AATTGCGTGGATTACA-1,8
0193345_AATTGTGGTTGCCAAA-1,8
0193345_AATTTGGGACATAGTA-1,1
0193345_ACAAACCATGCGTCCT-1,6
0193345_ACAAACCGACAAGGCG-1,0
0193345_ACAAACTCCATCAGAG-1,0
0193345_ACAAAGCATGACCTAG-1,0
0193345_ACAAATCGCACCGAAT-1,1
0193345_ACAAATGGTAGTGTTT-1,0
0193345_ACAAATTCAGATCTGA-1,0
0193345_ACAACAGCATGAGCTA-1,0
0193345_ACAAGGAAATCCGCCC-1,0
0193345_ACAAGGATGCTTTAGG-1,8
0193345_ACAAGGCCTACCAGCC-1,1
0193345_ACAAGGGCAGGCTCTG-1,0
0193345_ACAAGTAATTGTAAGG-1,0
0193345_ACAATCGATCTTTATA-1,1
0193345_ACAATGAATACGGAGA-1,0
0193345_ACAATGATTCTTCTAC-1,1
0193345_ACAATTGTGTCTCTTT-1,0
0193345_ACAATTTGAGCAGTGG-1,8
0193345_ACAATTTGGCCATATT-1,6
0193345_ACACACCAGGACCAGT-1,6
0193345_ACACATGATCAAATCT-1,0
0193345_ACACCCGTAAATCTGT-1,1
0193345_ACACCGGTCTGACCGC-1,1
0193345_ACACCTTACTACTTGC-1,1
0193345_ACACGAGACTCCTTCT-1,6
0193345_ACACGGCACTATGCAT-1,1
0193345_ACACGGGAACTTAGGG-1,0
0193345_ACACGTAGGCCACAAG-1,0
0193345_ACACTGATCAAGGTGT-1,1
0193345_ACACTGGGACAGTCGT-1,1
0193345_ACAGAACTGAGAACAA-1,6
0193345_ACAGATTAGGTTAGTG-1,0
0193345_ACAGCATAGAGCCAGT-1,1
0193345_ACAGCGACATTCTCAT-1,0
0193345_ACAGCGCACCCGCAGC-1,1
0193345_ACAGGCTTGCCCGACT-1,1
0193345_ACAGGTGGAGGTGAGG-1,8
0193345_ACAGTATACCGTGGGA-1,6
0193345_ACAGTGCAGCGCATTT-1,0
0193345_ACATAAGTCGTGGTGA-1,6
0193345_ACATAATAAGGCGGTG-1,1
0193345_ACATCCCGGCCATACG-1,0
0193345_ACATCGATCGTTTACC-1,14
0193345_ACATCGCAATATTCGG-1,0
0193345_ACATCGGTCAGCCGCG-1,0
0193345_ACATCGTATGCAATGG-1,0
0193345_ACATCGTTAACCTAGT-1,14
0193345_ACATCTCAACGCGTAA-1,1
0193345_ACATGCTTACGGCAGC-1,0
0193345_ACATTAGTTTATATCC-1,1
0193345_ACATTCGCGCGGAATA-1,1
0193345_ACATTTGAAACCTAAC-1,14
0193345_ACCAAACACCCAGCGA-1,6
0193345_ACCAAACTAGAAATCC-1,1
0193345_ACCAACACCACACACT-1,6
0193345_ACCAACCGCACTCCAC-1,0
0193345_ACCAACGCTTATTTAT-1,14
0193345_ACCAAGTCATCGGCAG-1,0
0193345_ACCAATATGCAAGTTA-1,1
0193345_ACCACAACTCAGAACA-1,1
0193345_ACCACAAGTTTCTATC-1,0
0193345_ACCACCAATGTAACAA-1,6
0193345_ACCACCCTCTCTTCTA-1,8
0193345_ACCACGTGCAGCTATA-1,8
0193345_ACCAGCCCGGTCTTTG-1,1
0193345_ACCAGGAGTGTGATCT-1,0
0193345_ACCAGTGCCCGGTCAA-1,1
0193345_ACCAGTGCGGGAGACG-1,8
0193345_ACCATATCCGCAATAA-1,1
0193345_ACCATCGTATATGGTA-1,1
0193345_ACCCATTTGTCCCTCT-1,0
0193345_ACCCGAGCGAAATTAC-1,6
0193345_ACCCGATTGGTTCCGA-1,6
0193345_ACCCGGAAACTCCCAG-1,8
0193345_ACCCGGAGCACCACAA-1,0
0193345_ACCCGGTTACACTTCC-1,1
0193345_ACCCGTGTCATCAGTA-1,1
0193345_ACCCTATGCCATATCG-1,14
0193345_ACCCTCCCTTGCTATT-1,0
0193345_ACCCTGGTAACGCCCT-1,0
0193345_ACCCTTTAGTTCTCCA-1,16
0193345_ACCGAAAGGGCCCTGC-1,1
0193345_ACCGAAGAGTCTGGTT-1,0
0193345_ACCGACACATCTCCCA-1,6
0193345_ACCGACTGAGTCCCAC-1,0
0193345_ACCGATAGGCATAACC-1,1
0193345_ACCGATATTTAATCAT-1,8
0193345_ACCGCAATAACTGCCT-1,14
0193345_ACCGCGGTGGAAGTCG-1,8
0193345_ACCGCTAGTCATTGGT-1,1
0193345_ACCGGGCCTTTGTTGA-1,1
0193345_ACCGGTCAGGTACACC-1,6
0193345_ACCGGTCTGAGTACGG-1,0
0193345_ACCGTCCACTGGGCCC-1,1
0193345_ACCGTGACCACGTGGG-1,1
0193345_ACCGTTCCCGCTCTGA-1,0
0193345_ACCTAAGTACCTTTCA-1,1
0193345_ACCTACTATAAATCTA-1,16
0193345_ACCTCCGCCCTCGCTG-1,6
0193345_ACCTCGAACTTATGCT-1,0
0193345_ACCTTTCCTTTAGAAG-1,1
0193345_ACGACCCATGAGTTGC-1,0
0193345_ACGACTGGTCATACTC-1,6
0193345_ACGAGATATTTGCTTA-1,0
0193345_ACGAGGATACCACTCT-1,18
0193345_ACGAGGTTTACAACGT-1,6
0193345_ACGAGTACGGATGCCC-1,6
0193345_ACGATACATAGAACTA-1,1
0193345_ACGATCATACATAGAG-1,1
0193345_ACGATGGATCCGATGC-1,0
0193345_ACGCAAACTAATAGAT-1,6
0193345_ACGCAATCACTACAGC-1,0
0193345_ACGCATAAATGACATG-1,1
0193345_ACGCATACGTTTACTA-1,1
0193345_ACGCATTCGTGAGTAC-1,6
0193345_ACGCCAGATGATTTCT-1,8
0193345_ACGCCAGTGCGTTTGC-1,6
0193345_ACGCCCAGCTGTCGAT-1,0
0193345_ACGCCGCTAGACGACC-1,1
0193345_ACGCGAAGTCAGACGA-1,1
0193345_ACGCGGGCCAAGGACA-1,1
0193345_ACGCTAGTATCAGTGC-1,1
0193345_ACGCTAGTGATACACT-1,6
0193345_ACGCTTAGTGTCTCTC-1,8
0193345_ACGGAACACGAGTGCC-1,14
0193345_ACGGACGCAGCGACAA-1,0
0193345_ACGGACTCTCAAAGCG-1,6
0193345_ACGGAGCGCAAATTAC-1,6
0193345_ACGGATGGTGCGGATA-1,0
0193345_ACGGCACTTGCTTGGG-1,0
0193345_ACGGCCAACATGGACT-1,1
0193345_ACGGCGACGATGGGAA-1,6
0193345_ACGGCGGGTTGCCCTG-1,0
0193345_ACGGCTGGATGTAGAA-1,1
0193345_ACGGGAGTGTCGGCCC-1,1
0193345_ACGGGCGTATGCGACA-1,6
0193345_ACGGTCACCGAGAACA-1,18
0193345_ACGTACTTTGGCACGG-1,0
0193345_ACGTAGATTGCTGATG-1,1
0193345_ACGTCCTAAACGAGAT-1,18
0193345_ACGTCGGGCAACTCGG-1,1
0193345_ACGTGCGCCTCGTGCA-1,1
0193345_ACGTGGTCGAATGTGC-1,0
0193345_ACGTTAATGTCGAAGA-1,1
0193345_ACGTTCACTATGCCGC-1,0
0193345_ACGTTCCGCGCTCCGT-1,0
0193345_ACGTTCGTTCAGGAAA-1,0
0193345_ACGTTCTGTACAAGTC-1,6
0193345_ACGTTGTCGTTGAAAG-1,18
0193345_ACGTTTAGTTGTGATC-1,0
0193345_ACTAAGGACGCACACC-1,16
0193345_ACTAATACGTCAGGCG-1,1
0193345_ACTACAAAGAGAGGTG-1,0
0193345_ACTACATCCCGACAAG-1,1
0193345_ACTACCATCCGAGGGC-1,18
0193345_ACTACGCGTTAGAATT-1,1
0193345_ACTAGTTGCGATCGTC-1,8
0193345_ACTATATGCTGTGTTC-1,6
0193345_ACTATCTGCCCGCGTA-1,0
0193345_ACTATGTCCAGCTGCC-1,1
0193345_ACTATTCGTCCGTGGT-1,1
0193345_ACTATTTCCGGGCCCA-1,0
0193345_ACTCAAGTGCAAGGCT-1,6
0193345_ACTCAATAAAGGCACG-1,1
0193345_ACTCAGACCTGCTTCT-1,1
0193345_ACTCATGGCAGCCTTC-1,8
0193345_ACTCCAATATCATCAT-1,6
0193345_ACTCCCATTCCTAAAG-1,0
0193345_ACTCCCGTAGACTAGG-1,6
0193345_ACTCCCTAATGCTAAA-1,8
0193345_ACTCCCTAGAATAGTA-1,0
0193345_ACTCGCCGTTCGATAA-1,1
0193345_ACTCGCGATCTGACGC-1,0
0193345_ACTCGTAACCCGTCCT-1,1
0193345_ACTCGTCAGTAATCCC-1,6
0193345_ACTCTCTGACTTAGGT-1,0
0193345_ACTCTCTTATACACGA-1,6
0193345_ACTCTTGTATAGTAAC-1,6
0193345_ACTGAAACGCCGTTAG-1,6
0193345_ACTGAATGGCGAAAGT-1,6
0193345_ACTGATTTAGTGATTC-1,18
0193345_ACTGCCCGCCATTCTC-1,14
0193345_ACTGCCGTCGTAACTC-1,6
0193345_ACTGCTCGGAAGGATG-1,8
0193345_ACTGGCGAACCTGCGT-1,0
0193345_ACTGGGATGCCAGTGC-1,0
0193345_ACTGTACGATACACAT-1,6
0193345_ACTGTCCAGGATTATA-1,0
0193345_ACTGTCTTCTTTAGAA-1,1
0193345_ACTGTTTAGTGTAGGC-1,1
0193345_ACTTACCGGGCGCGCA-1,6
0193345_ACTTACGCATCCACGC-1,6
0193345_ACTTATCTGATCTATA-1,1
0193345_ACTTATTAGGATCGGT-1,6
0193345_ACTTATTTATGTGCCA-1,14
0193345_ACTTCAGGCTGATCCC-1,0
0193345_ACTTCCAGTGGAAGCT-1,8
0193345_ACTTCCATGCGGGACA-1,1
0193345_ACTTCCTGTCGTGCGA-1,8
0193345_ACTTCGCCATACGCAC-1,8
0193345_ACTTGACTCCCTCTTT-1,8
0193345_ACTTGCCATATTGTAC-1,0
0193345_ACTTGCTCTATCTACC-1,1
0193345_ACTTGGGACCCGGTGG-1,0
0193345_ACTTGTGGATGGAACG-1,6
0193345_ACTTTATACACCACTT-1,0
0193345_ACTTTCCTATAGCTTC-1,1
0193345_ACTTTGGTCGTGCTCC-1,1
0193345_AGAAATTATGACTCGC-1,6
0193345_AGAACACGGCGATGGT-1,1
0193345_AGAACCCAGCGTGACA-1,14
0193345_AGAACCCTCAATTGGG-1,14
0193345_AGAACGTGGTACATTC-1,0
0193345_AGAACTGTACTTTGTA-1,6
0193345_AGAAGGTACACTTCAC-1,1
0193345_AGAAGGTTGCCGAATT-1,0
0193345_AGAAGGTTGTAGGTCG-1,1
0193345_AGAAGTGATTCGTGAT-1,8
0193345_AGAATGCGGGTTCGGA-1,1
0193345_AGAATTATGGATTCGA-1,0
0193345_AGACAGGCATCTCAGC-1,0
0193345_AGACATAGATCCTTCC-1,0
0193345_AGACCAAACCACACCT-1,6
0193345_AGACCCACCGCTGATC-1,0
0193345_AGACCGCTCCGCGGTT-1,6
0193345_AGACGAAGTGCCGGTC-1,1
0193345_AGACGACGATGCCGCT-1,18
0193345_AGACGCCCACTTCGCC-1,0
0193345_AGACGGGATTGGTATA-1,8
0193345_AGACGGGCCGATTTAA-1,0
0193345_AGACTGTTACCGGGTC-1,0
0193345_AGAGAAACACCAGAAA-1,6
0193345_AGAGAACCGTCTAGGA-1,14
0193345_AGAGAAGGAGTACAAT-1,8
0193345_AGAGCCGCCGAGATTT-1,0
0193345_AGAGCGGGCTAATCAT-1,0
0193345_AGAGGCTTCGGAAACC-1,0
0193345_AGAGGGACAATTGTCC-1,8
0193345_AGAGTAAACTTCACTA-1,1
0193345_AGAGTGAACAGACACC-1,0
0193345_AGAGTTAGAGACCGAT-1,0
0193345_AGAGTTGCAGGCCTCC-1,0
0193345_AGATAACTTCAGGGCC-1,0
0193345_AGATAATCACACCTAT-1,0
0193345_AGATACCAATAGAACC-1,18
0193345_AGATACCAGCACTTCA-1,6
0193345_AGATACCGGTGTTCAC-1,8
0193345_AGATACTCAAGATCGA-1,1
0193345_AGATATAATACGACTA-1,1
0193345_AGATCGTGCATAAGAT-1,1
0193345_AGATCTCAGGTGTGAT-1,1
0193345_AGATGAGGGTTGCGAT-1,6
0193345_AGATGCAAGACGTGCA-1,0
0193345_AGATTATAGGACGTTT-1,1
0193345_AGATTCAAGCGGGTCG-1,0
0193345_AGATTCACAACCGATA-1,1
0193345_AGCAAAGGCCGCTAGT-1,1
0193345_AGCAACATATCTTATT-1,6
0193345_AGCAACCGAAAGTAAT-1,14
0193345_AGCACACGTTTAGACT-1,0
0193345_AGCACCAGTACTCACG-1,1
0193345_AGCACTACCTCACCAG-1,1
0193345_AGCAGAAGGAGAAAGA-1,1
0193345_AGCAGCCAGATGAATA-1,1
0193345_AGCATATCAATATGCT-1,6
0193345_AGCATCATTTCGAAAG-1,1
0193345_AGCATTACGAGGCAAG-1,6
0193345_AGCCAAGCTTTGTGTC-1,8
0193345_AGCCACAGGTTACCCG-1,14
0193345_AGCCACTCCCGTGCTT-1,1
0193345_AGCCATATAGTATGTG-1,8
0193345_AGCCCGCAACAAGCAG-1,8
0193345_AGCCCGCACTACAATG-1,14
0193345_AGCCCGGCATTAGAGG-1,0
0193345_AGCCCGGTAGCCTGTA-1,1
0193345_AGCCCTAAGCGAAGTT-1,0
0193345_AGCCCTCCCTGGTGGC-1,6
0193345_AGCCCTTCTAATCCGA-1,6
0193345_AGCCGTGGCTAAATGT-1,0
0193345_AGCCTAATACCCACGT-1,1
0193345_AGCCTTGTCACTGATA-1,6
0193345_AGCGACAGGAACGGTC-1,0
0193345_AGCGACATCCCATTCA-1,1
0193345_AGCGACCAACGATATT-1,0
0193345_AGCGACTTTGAAGACA-1,0
0193345_AGCGAGACGTGAAGGC-1,6
0193345_AGCGATGCGCCTAATA-1,1
0193345_AGCGCATAATGAATCG-1,1
0193345_AGCGCGGGTGCCAATG-1,0
0193345_AGCGCTAGAGCGATGT-1,6
0193345_AGCGCTTATGGGCAAG-1,1
0193345_AGCGGACACTTCGTAG-1,6
0193345_AGCGGCGGTTAGCGGT-1,8
0193345_AGCGGGTCTGACACTC-1,1
0193345_AGCGGTTGAGATGTAC-1,1
0193345_AGCGGTTGCCGCTCTG-1,6
0193345_AGCGTAGCGCTAGACC-1,8
0193345_AGCGTGGTATTCTACT-1,0
0193345_AGCGTTCCGATTTAAA-1,0
0193345_AGCTAACAAGCAATGT-1,6
0193345_AGCTAAGCTCCGTCCG-1,0
0193345_AGCTAAGTACGCAGGC-1,6
0193345_AGCTAGAAGCAGAAGT-1,0
0193345_AGCTATTTAATCCAAC-1,8
0193345_AGCTCCATATATGTTC-1,6
0193345_AGCTCCTTCGCACATC-1,18
0193345_AGCTCTTCCCAGTGCA-1,14
0193345_AGCTCTTTACTCAGTT-1,0
0193345_AGCTGCATTTGAGGTG-1,1
0193345_AGCTGCTGTGCCGAAT-1,0
0193345_AGCTGTAACCTCAATC-1,0
0193345_AGCTTCAATACTTTGA-1,0
0193345_AGCTTGATCAGGGTAG-1,0
0193345_AGGAACGAACGACTTC-1,0
0193345_AGGAAGCTGTCCGCCG-1,0
0193345_AGGACAGTCGAATCCC-1,0
0193345_AGGACGACCCATTAGA-1,8
0193345_AGGACGCTCGATGTTG-1,6
0193345_AGGAGACATCCACAGT-1,8
0193345_AGGAGAGTCTGGCTAC-1,0
0193345_AGGAGGCCTTCGCGCG-1,8
0193345_AGGATAAAGTCGGGAT-1,14
0193345_AGGATATAGGGATTTA-1,1
0193345_AGGATCACGCGATCTG-1,6
0193345_AGGCAAAGAGGAATCA-1,1
0193345_AGGCAGATGCGTAAAC-1,0
0193345_AGGCAGGGAGCGTACT-1,1
0193345_AGGCATTGTCGTAGGG-1,6
0193345_AGGCCACCCGTTATGA-1,1
0193345_AGGCCCATTGTACAGG-1,0
0193345_AGGCCTATCATACCAA-1,8
0193345_AGGCCTGAGAATCTCG-1,1
0193345_AGGCGATAACTGGCGT-1,0
0193345_AGGCGGTTTGTCCCGC-1,6
0193345_AGGCGTCTATGGACGG-1,8
0193345_AGGCTTCCCGAAGAAG-1,0
0193345_AGGGAAACGAGGTACT-1,1
0193345_AGGGACTCTACGCGAC-1,1
0193345_AGGGCAGCGGCGTGGT-1,1
0193345_AGGGCCCTAATGTTCT-1,0
0193345_AGGGCTGCAGTTACAG-1,6
0193345_AGGGTCAGAGCACTCG-1,6
0193345_AGGGTCAGTAACCCTA-1,18
0193345_AGGGTGCCGTTCTTTA-1,6
0193345_AGGGTGTGCTACACGC-1,8
0193345_AGGGTTCAGACGGTCC-1,14
0193345_AGGGTTTAGTTCGGGA-1,0
0193345_AGGTACGATATTGCCA-1,8
0193345_AGGTAGATCGAGATAT-1,14
0193345_AGGTCAGGTGAGAGTG-1,0
0193345_AGGTCGCCACTTCGGT-1,8
0193345_AGGTCGCCTCCCAACA-1,1
0193345_AGGTCGCGGAGTTACT-1,6
0193345_AGGTGCACGTCCACAT-1,1
0193345_AGGTGGTGACCTTCGC-1,1
0193345_AGGTGTTGCCGACCAC-1,16
0193345_AGGTTACACCATGCCG-1,0
0193345_AGGTTCTCCTTTCCGG-1,18
0193345_AGGTTGAGGCACGCTT-1,1
0193345_AGGTTTCACACACCTT-1,8
0193345_AGTAACGTTCATCCTG-1,1
0193345_AGTAACTATAGCAGCC-1,1
0193345_AGTAATGTCTTGCCGC-1,0
0193345_AGTAATTTGCAAGCGT-1,1
0193345_AGTACCTTCGAGTGCT-1,6
0193345_AGTACGGGCACCTGGC-1,0
0193345_AGTACGTGGCCTGTCT-1,1
0193345_AGTACTCTTATGCCCA-1,1
0193345_AGTAGAAGGCGCCTCA-1,6
0193345_AGTAGCGTGAACGAAC-1,8
0193345_AGTAGCTAGACGCCGA-1,1
0193345_AGTAGGAAGGAAGTTG-1,0
0193345_AGTAGGTAACATACAT-1,1
0193345_AGTATAATACTAGGCA-1,14
0193345_AGTATACACAGCGACA-1,0
0193345_AGTATCCATAATAACG-1,6
0193345_AGTATGCTGGAGACCA-1,1
0193345_AGTATTTGGCACGACC-1,8
0193345_AGTCAAATGATGTGAT-1,6
0193345_AGTCAACACCACCATC-1,0
0193345_AGTCAAGATGACACTT-1,1
0193345_AGTCACTAGCTCTCGA-1,0
0193345_AGTCACTCCGCCTCAT-1,6
0193345_AGTCCCGCCTTTAATT-1,8
0193345_AGTCCCTCGCAGAAAG-1,6
0193345_AGTCGAAACGATTCAG-1,0
0193345_AGTCGGCTCAACTTTA-1,1
0193345_AGTCGTATAAAGCAGA-1,6
0193345_AGTCGTCGACCACCAA-1,8
0193345_AGTCGTGGGCATTACG-1,1
0193345_AGTCTCACAAGACTAC-1,8
0193345_AGTCTTCTCCTCAAAT-1,0
0193345_AGTCTTTAAAGTGTCC-1,6
0193345_AGTGAACAAACTTCTC-1,0
0193345_AGTGAAGATGGTGTCC-1,1
0193345_AGTGACCTACTTTACG-1,0
0193345_AGTGACTGTGACACAA-1,6
0193345_AGTGAGCCTCGCCGCC-1,0
0193345_AGTGAGGGTTTCTGAC-1,1
0193345_AGTGATAACCTGCGCG-1,1
0193345_AGTGATATGAGTAGTT-1,6
0193345_AGTGCACGCTTAAGAA-1,8
0193345_AGTGCGTAGCTCGTAA-1,1
0193345_AGTGCTAAACACAGCA-1,8
0193345_AGTGCTTGCACGAATA-1,6
0193345_AGTGGCGGCAATTTGA-1,0
0193345_AGTGGCGTCTGAAGGT-1,1
0193345_AGTGTATTGCGCATTG-1,8
0193345_AGTTAAACACTTGCGA-1,1
0193345_AGTTAAGCGGTCCCGG-1,6
0193345_AGTTAAGTCAACCGCT-1,8
0193345_AGTTACTCTATCGTGG-1,6
0193345_AGTTATTGAAAGGTAA-1,0
0193345_AGTTCCTACAGAATTA-1,6
0193345_AGTTGACGGTCCTTGC-1,1
0193345_AGTTGCGGTCCTCAAC-1,0
0193345_AGTTGGCAAGGCTAGA-1,6
0193345_AGTTTATGTAAAGACA-1,6
0193345_AGTTTCGCAGGTCGGA-1,0
0193345_AGTTTGCACCTGCCTC-1,0
0193345_AGTTTGGCACGGGTTG-1,1
0193345_AGTTTGGCCAGACCTA-1,8
0193345_ATAAACGGACCCGTAA-1,0
0193345_ATAAACGTTGCACCAC-1,1
0193345_ATAAAGGCTCGGTCGT-1,18
0193345_ATAAAGGTCAAGTACG-1,6
0193345_ATAACGCCGGAGGGTC-1,0
0193345_ATAACGGAGTCCAACG-1,8
0193345_ATAACGTTACCTCCAC-1,1
0193345_ATAAGCAAACACCGAG-1,8
0193345_ATAAGGTGGAGAACAT-1,1
0193345_ATAAGTACCCGATTGT-1,1
0193345_ATAAGTAGGATTCAGA-1,0
0193345_ATAAGTTACCGCGACG-1,0
0193345_ATAATAGCTGTTGAAT-1,1
0193345_ATAATCTTGGAGAACC-1,1
0193345_ATAATTAGCTAAGTAG-1,0
0193345_ATACAGGCCCTCCAAT-1,0
0193345_ATACCAGCAAATTGCT-1,8
0193345_ATACCAGGCTAATAGA-1,1
0193345_ATACCAGGTGAGCGAT-1,1
0193345_ATACCGTCATCCATAA-1,6
0193345_ATACCTAACCAAGAAA-1,1
0193345_ATACGACAGATGGGTA-1,1
0193345_ATACGCCGATCTACCG-1,18
0193345_ATACGCCGGCGAAACC-1,0
0193345_ATACGGAACGTCGTTT-1,1
0193345_ATACGGGTTTCGATTG-1,0
0193345_ATACGTACTTAGCCAC-1,6
0193345_ATACGTCCACTCCTGT-1,1
0193345_ATACGTTATGCACGGA-1,6
0193345_ATACTACCCGTACCAC-1,18
0193345_ATACTAGCATGACCCT-1,18
0193345_ATACTGCCTTACACCG-1,1
0193345_ATAGACAACGGGACCT-1,0
0193345_ATAGACGAAGAGAAAG-1,0
0193345_ATAGAGTTATCAACTT-1,6
0193345_ATAGCAACTAGGGAAG-1,0
0193345_ATAGGAATCTAAGCTT-1,6
0193345_ATAGGCGGCTATAGAA-1,1
0193345_ATAGGGATATCCTTGA-1,0
0193345_ATAGGTTGGGCAGATG-1,8
0193345_ATAGTCTTTGACGTGC-1,1
0193345_ATAGTGAAGCGTTCTC-1,6
0193345_ATATAAAGCGCTCGTG-1,6
0193345_ATATAAATGTAGCTGC-1,6
0193345_ATATAACACGGGCGCA-1,1
0193345_ATATACGCTCGTGACG-1,8
0193345_ATATAGAGTATTGGTC-1,8
0193345_ATATCAATTCCAGCCT-1,1
0193345_ATATCGTGCCAGACCC-1,8
0193345_ATATCGTTCCTCGAAC-1,8
0193345_ATATCTCCCTCGTTAA-1,14
0193345_ATATCTTAGGGCCTTC-1,14
0193345_ATATGGGATAGCAACT-1,14
0193345_ATATGTGCACAAACCA-1,0
0193345_ATATTCAGTTAAACCT-1,14
0193345_ATATTCCACATAGTGA-1,1
0193345_ATATTCCCACAGGTCA-1,1
0193345_ATATTGGAGAGGCCTT-1,0
0193345_ATATTTAACCCTCAAG-1,0
0193345_ATCAAACACTGTTCCA-1,0
0193345_ATCAAACGAAGGTTTG-1,0
0193345_ATCAAGATCCCAGGAC-1,14
0193345_ATCAATCTGGGCTGCA-1,6
0193345_ATCAATGCCGTGGCTG-1,1
0193345_ATCACATTAGAATATC-1,1
0193345_ATCACGTGCTAATTAA-1,14
0193345_ATCACTTCATCCTCGC-1,0
0193345_ATCAGACGGCACGCCG-1,1
0193345_ATCAGCCTCATGCTGC-1,8
0193345_ATCAGCTCGTCCACTA-1,1
0193345_ATCAGGTCGCCATTGC-1,0
0193345_ATCAGTAGGCAGGGAT-1,0
0193345_ATCATAGATCGACGAG-1,0
0193345_ATCATCCAATATTTGT-1,6
0193345_ATCATCTGCCCAGTGT-1,1
0193345_ATCATTGTACCGCATT-1,14
0193345_ATCCACATCGACAGAA-1,14
0193345_ATCCACGCTAAATGTT-1,1
0193345_ATCCACTTTCAGACTA-1,0
0193345_ATCCAGAGCAACAACC-1,0
0193345_ATCCAGGATTCGTGAA-1,0
0193345_ATCCCATCCACAGCGC-1,8
0193345_ATCCCATTTCCGTGGG-1,14
0193345_ATCCTACCTAAGCTCT-1,6
0193345_ATCCTGCGTGGAATGG-1,6
0193345_ATCCTTCTGAAAGAAC-1,6
0193345_ATCGACCCAATACAGA-1,1
0193345_ATCGACTCTTTCCGTT-1,0
0193345_ATCGCCAGTCAACATT-1,0
0193345_ATCGCTGCGTGCAGCA-1,6
0193345_ATCGGAGACAGACGGC-1,1
0193345_ATCGGCAAGCAGTCCA-1,0
0193345_ATCGTGGAAAGTCTGG-1,0
0193345_ATCGTTAGCTAGCGGA-1,1
0193345_ATCGTTCACTTTCGCC-1,1
0193345_ATCTAATATCCTACGG-1,0
0193345_ATCTAGCTTGTGAGGG-1,6
0193345_ATCTCATAAACCTACC-1,0
0193345_ATCTCCCACGGAATAT-1,6
0193345_ATCTCCCTGCAATCTA-1,6
0193345_ATCTGACATGGAAGGA-1,8
0193345_ATCTGCACCTCTGCGA-1,6
0193345_ATCTGCTGTTATCGCC-1,14
0193345_ATCTGGGCTGTTCTTG-1,14
0193345_ATCTGGTTAAGACTGT-1,14
0193345_ATCTGTAATTGTACCC-1,8
0193345_ATCTTAGGGCATTAAT-1,1
0193345_ATCTTATCGCACACCC-1,0
0193345_ATCTTTCGTATAACCA-1,6
0193345_ATGACGCCGGCTCTAA-1,8
0193345_ATGACGCGTTCTATCC-1,0
0193345_ATGACTATCAGCTGTG-1,1
0193345_ATGACTATGCGACATT-1,1
0193345_ATGAGGGCAGCGGCTA-1,6
0193345_ATGATCGGGAATAGAC-1,8
0193345_ATGATGCAATGGTACA-1,6
0193345_ATGCACGCGCTGTTCA-1,0
0193345_ATGCATGATCCAGGAT-1,0
0193345_ATGCCAATCGCTCTGC-1,1
0193345_ATGCCATTTGCGACCA-1,1
0193345_ATGCCGGTCTTGCATA-1,0
0193345_ATGCCGGTTGATGGGA-1,6
0193345_ATGCGACAATTGGTCC-1,1
0193345_ATGCGACAGTCCCATT-1,6
0193345_ATGCGAGTCCCACCAC-1,8
0193345_ATGCTCTGGCGCGGTA-1,1
0193345_ATGCTTAGGAGTTGAT-1,0
0193345_ATGGAAATTTAAGGAG-1,6
0193345_ATGGAACAGAATAAAC-1,1
0193345_ATGGACTGCTTAGTTG-1,0
0193345_ATGGAGCAGGCCGTGA-1,1
0193345_ATGGATCCGGCGTCCG-1,1
0193345_ATGGATTGACCAAACG-1,0
0193345_ATGGCAGCATTACGAT-1,1
0193345_ATGGCTGGAAATGGCC-1,0
0193345_ATGGGAACGGAAGCGG-1,0
0193345_ATGGGACCTGCTGAAC-1,14
0193345_ATGGGCCTCGGCCTCT-1,1
0193345_ATGGGTGTATACCTCC-1,1
0193345_ATGGTATTGGGAACCG-1,8
0193345_ATGGTATTTACTGATT-1,0
0193345_ATGGTCGCGTGGTTTC-1,6
0193345_ATGGTGCTCAAAGCCA-1,0
0193345_ATGGTTACGAAACATG-1,0
0193345_ATGTACATGCGGTGAG-1,6
0193345_ATGTACGATGACGTCG-1,6
0193345_ATGTCTTGTTTGACTC-1,0
0193345_ATGTGAAAGCCTAATG-1,0
0193345_ATGTGGACATCTTGAT-1,0
0193345_ATGTGTAGTTTAGTCA-1,0
0193345_ATGTTGTAGTCTGTTT-1,0
0193345_ATGTTTGTAAGATCAT-1,8
0193345_ATTAAACATGCGGACC-1,6
0193345_ATTAATACTACGCGGG-1,0
0193345_ATTAATGAACCAGTCG-1,6
0193345_ATTACAACTACCGGCC-1,0
0193345_ATTACATGTCAGTCTT-1,1
0193345_ATTACCACACTGCCTG-1,0
0193345_ATTACGACTCCACAGT-1,18
0193345_ATTACGGGCTACGGTT-1,0
0193345_ATTACTTACTGGGCAT-1,0
0193345_ATTAGATTCCTCAGCA-1,0
0193345_ATTAGGCGATGCTTTC-1,14
0193345_ATTATACTTTGCTCGT-1,6
0193345_ATTATCGGAATGTACG-1,16
0193345_ATTATCTCGACAGATC-1,0
0193345_ATTATGAGACCCAATT-1,0
0193345_ATTATGCTCAGTATTG-1,0
0193345_ATTATTATGTCCGTCA-1,0
0193345_ATTATTCAGAGTCACT-1,0
0193345_ATTCAACCATTTAAGG-1,6
0193345_ATTCACTGATGTTGGA-1,6
0193345_ATTCAGATGAATCCCT-1,1
0193345_ATTCAGGACCTATTTC-1,1
0193345_ATTCAGGATCGCCTCT-1,8
0193345_ATTCATATACTGTCCA-1,0
0193345_ATTCATCGTTGAGGCA-1,1
0193345_ATTCCCGAAGGTACAG-1,0
0193345_ATTCCTAAGACGTGGA-1,0
0193345_ATTCGCGCCTTGAGAG-1,1
0193345_ATTCGTGCTATCTCTT-1,0
0193345_ATTCTCGTCTCTTTAG-1,1
0193345_ATTCTGAGTATGAACT-1,6
0193345_ATTCTTCGTACTTATG-1,14
0193345_ATTGAAGATCTTAGTG-1,0
0193345_ATTGACCGGCGATGAC-1,8
0193345_ATTGACGTAACTCGGT-1,0
0193345_ATTGATCACCACATTT-1,1
0193345_ATTGCCTATTAGACCG-1,0
0193345_ATTGCCTTTATGTTTG-1,6
0193345_ATTGCGATCAGTAACT-1,18
0193345_ATTGGATTACAGCGTA-1,1
0193345_ATTGGGAATATCTTGG-1,6
0193345_ATTGGGAGTTCTGTAA-1,0
0193345_ATTGGTTGTGCATTAC-1,14
0193345_ATTGTCGCAATACCTT-1,0
0193345_ATTGTCTGTTTCATGT-1,0
0193345_ATTGTGACTTCGCTGC-1,8
0193345_ATTGTTCAACGATCCG-1,1
0193345_ATTTAACTCGTATTAC-1,1
0193345_ATTTCATTATTTCGCG-1,8
0193345_ATTTCCGGGTTCTGCG-1,0
0193345_ATTTGCCTAGTTACGA-1,1
0193345_ATTTGCGCGAGTAGCT-1,0
0193345_ATTTGGAGATTGCGGT-1,1
0193345_ATTTGTTCCAGGGCTC-1,1
0193345_CAAACGAGTATCGCAG-1,6
0193345_CAAACGTGGTCTTGCG-1,1
0193345_CAAACTACGATAGAGA-1,1
0193345_CAAACTATTGAGCTTC-1,6
0193345_CAAACTCGCGACGCCG-1,8
0193345_CAAAGATTATTGGGCC-1,8
0193345_CAAAGGTCATCTGAAA-1,0
0193345_CAAAGGTTAAATTCAG-1,0
0193345_CAAATGCGGAGTGTTC-1,1
0193345_CAAATGTCCTTCCGTG-1,0
0193345_CAAATTGGATTATGCC-1,18
0193345_CAACAGAATAACGCTA-1,0
0193345_CAACAGTGCCAAACGG-1,1
0193345_CAACCAGTGGCCTACC-1,0
0193345_CAACCTACCGAGCAGT-1,8
0193345_CAACCTGAACCTGCCA-1,6
0193345_CAACGCGATGAGCCAA-1,0
0193345_CAACGTGGTGGAGTCT-1,6
0193345_CAACTATATCGAATGC-1,1
0193345_CAACTCCAACGTTTAG-1,6
0193345_CAACTCCGTAACTTGC-1,1
0193345_CAACTGAGGGTATGAC-1,1
0193345_CAACTGCTCATCCGAT-1,8
0193345_CAAGAAACCCTAAACT-1,14
0193345_CAAGAGGGCGGAGTAC-1,6
0193345_CAAGATATTATAACGT-1,0
0193345_CAAGCACCAAATGCCT-1,0
0193345_CAAGCGGCACATAATT-1,6
0193345_CAAGGATCGCATGTTC-1,1
0193345_CAAGGCCAGTGGTGCA-1,0
0193345_CAAGTAAGTGATAGAC-1,0
0193345_CAAGTGAACTTTGGTT-1,1
0193345_CAATAAACCTTGGCCC-1,14
0193345_CAATACGAGAGTCTGA-1,6
0193345_CAATATGTAGATTTAC-1,1
0193345_CAATATTCTTGACCTA-1,0
0193345_CAATCCATTATCCGTT-1,14
0193345_CAATCCCTATACCAGC-1,1
0193345_CAATGACCCTTAATTT-1,0
0193345_CAATGCGAGAAGTATC-1,1
0193345_CAATGGAATCTACATA-1,0
0193345_CAATGGATCTCTACCA-1,0
0193345_CAATGGTCGGCCTGGG-1,0
0193345_CAATTAAGGGTGATGA-1,0
0193345_CAATTTCGTATAAGGG-1,1
0193345_CACAAGAAAGATATTA-1,8
0193345_CACAAGCTAAGAAAGG-1,8
0193345_CACAATGAGCTGCTAT-1,6
0193345_CACACACGCTAACGAG-1,1
0193345_CACACAGCTTGCGCTC-1,6
0193345_CACACGTTTCAATGGG-1,0
0193345_CACACTTGTATTGCGA-1,1
0193345_CACAGAGACGAGGACG-1,1
0193345_CACAGCACCCACGGCA-1,1
0193345_CACAGCTAGGGAGTGA-1,8
0193345_CACAGGGCCATATAGT-1,8
0193345_CACAGGGCCGTTGTCA-1,0
0193345_CACAGTCCCGCTTCGC-1,6
0193345_CACAGTTCGCTTCCCA-1,0
0193345_CACATAAGGCGACCGT-1,18
0193345_CACATATTAGCAGGAT-1,0
0193345_CACATCGTGCACGCGC-1,0
0193345_CACATCTCACCGACGA-1,1
0193345_CACATGATTCAGCAAC-1,8
0193345_CACATTCTTTCGATGG-1,14
0193345_CACATTTCTTGTCAGA-1,0
0193345_CACCAGTCAGCATGCA-1,0
0193345_CACCATCGGAGGAGAC-1,0
0193345_CACCATGATCGCAAAG-1,18
0193345_CACCCGGTTTGTGACT-1,0
0193345_CACCCTAACAAGATCT-1,1
0193345_CACCCTTGGTGAGACC-1,1
0193345_CACCGATACACCGAGC-1,6
0193345_CACCGCCAGAAGGTTT-1,0
0193345_CACCGCGTCCACTCTA-1,6
0193345_CACCGGAGATATCTCC-1,0
0193345_CACCGGTAGAGACATT-1,1
0193345_CACCGTATCCCATCCG-1,1
0193345_CACCGTTAGGGATCAC-1,0
0193345_CACCGTTGCGCGATAT-1,1
0193345_CACCTAATCAGTTTAC-1,0
0193345_CACCTCGATGGTGGAC-1,0
0193345_CACCTCTACGAGTGTG-1,1
0193345_CACCTTGCGAAACTCG-1,0
0193345_CACGACCACAGACTTT-1,14
0193345_CACGACGTAATAGTAA-1,1
0193345_CACGAGCAAACCAGAC-1,0
0193345_CACGATTGGTCGTTAA-1,0
0193345_CACGCACAGCGCAGCT-1,1
0193345_CACGCAGCGAGGCTTT-1,0
0193345_CACGGACGTGGATGGC-1,6
0193345_CACGGCGCGCCAAAGG-1,0
0193345_CACGTCAATCAATGGA-1,1
0193345_CACGTCGGCAACCTCT-1,0
0193345_CACGTCTATGATGTGG-1,0
0193345_CACGTTCGTGCTCTAG-1,0
0193345_CACGTTTCGTACACAC-1,1
0193345_CACTAAAGTTGCCTAT-1,18
0193345_CACTACGGGAGCTGCC-1,0
0193345_CACTACTCAGTTCTGT-1,6
0193345_CACTCAAGAGCTATGG-1,6
0193345_CACTCAGCTCTTGAGG-1,1
0193345_CACTCCTATGTAAGAT-1,0
0193345_CACTCCTCTCGGTCGG-1,6
0193345_CACTCGAGCTGAACAA-1,8
0193345_CACTCTCAAGCATCGA-1,14
0193345_CACTGACGATTGTGGA-1,14
0193345_CACTTAATCAGACGGA-1,0
0193345_CAGAACTTAGCCCTCT-1,18
0193345_CAGAATAACACACGGA-1,1
0193345_CAGAATATTCGTTATC-1,1
0193345_CAGACACCGATCGCTG-1,0
0193345_CAGACCTGTAAGTGTT-1,6
0193345_CAGACGAACCTGATAC-1,0
0193345_CAGAGACGGTCACCCA-1,0
0193345_CAGAGCATGAGCTTGC-1,8
0193345_CAGAGGCGATGCATGA-1,14
0193345_CAGAGTGATTTAACGT-1,1
0193345_CAGATAATGGGCGGGT-1,0
0193345_CAGATATGAAGATGAC-1,0
0193345_CAGATCATTTAAAGTC-1,14
0193345_CAGATCCTGGTTTGAA-1,1
0193345_CAGCAGCCCGTTCCTT-1,1
0193345_CAGCAGTCCAGACTAT-1,1
0193345_CAGCAGTCTGTGCTGC-1,1
0193345_CAGCCCTCACAGGCAG-1,1
0193345_CAGCCGGGCCCTCTAT-1,1
0193345_CAGCCTCCTGCAGAGG-1,1
0193345_CAGCCTCGATAGCGGT-1,1
0193345_CAGCCTCTCCTCAAGA-1,6
0193345_CAGCGATTCCCTTCAA-1,14
0193345_CAGCTCACTGAGACAT-1,1
0193345_CAGCTCGACAAGTTAA-1,1
0193345_CAGCTCTGGGCTCACT-1,0
0193345_CAGCTGGCGTAACCGT-1,0
0193345_CAGGAAGACTTTATAT-1,0
0193345_CAGGATATATCGTTGT-1,1
0193345_CAGGCCAGTACCACCT-1,8
0193345_CAGGCCGTTTGGGTGT-1,1
0193345_CAGGCGCACGGTGGTC-1,8
0193345_CAGGCGCCATGCTAGG-1,1
0193345_CAGGGAGATAGGCCAG-1,0
0193345_CAGTAACTATTTATTG-1,0
0193345_CAGTAAGGGACGTCTC-1,1
0193345_CAGTACATTCTCTAAA-1,6
0193345_CAGTACCAGTTTACGT-1,0
0193345_CAGTAGCCCACGCGGT-1,0
0193345_CAGTAGCGAGGTAGTA-1,0
0193345_CAGTCCAACGCCTTCT-1,0
0193345_CAGTCGAGGATGCAAT-1,0
0193345_CAGTCTCTCGGCTAAT-1,18
0193345_CAGTCTGTATACTGGG-1,1
0193345_CAGTGAATAAATGACT-1,0
0193345_CAGTGTCGGCTGGCCC-1,1
0193345_CAGTGTTAATCTCTCA-1,0
0193345_CAGTTCAAATTGACAC-1,1
0193345_CAGTTCGAGGACCCGA-1,14
0193345_CATAAGAAGCTTGGCT-1,6
0193345_CATACACAAAGTCAGC-1,1
0193345_CATACACGGTTCCCAC-1,8
0193345_CATACGAACTAGCTGG-1,6
0193345_CATACGGCGTCTGGGC-1,6
0193345_CATACTATGTAATTGT-1,6
0193345_CATACTTCTTTCTCCG-1,1
0193345_CATAGCGTTGCCCACC-1,14
0193345_CATAGTACATTGAGAG-1,6
0193345_CATAGTCAAATACATA-1,0
0193345_CATAGTCCACAAGAAC-1,1
0193345_CATATACTACTGATAA-1,6
0193345_CATATAGGTACAGTCA-1,0
0193345_CATATGTCAGGCTACG-1,1
0193345_CATATTATTTGCCCTA-1,1
0193345_CATCAAACTGGCGCCC-1,6
0193345_CATCATTACCCTGAGG-1,6
0193345_CATCCAATATAGTTTG-1,0
0193345_CATCCCGAGATTCATA-1,6
0193345_CATCCTCTCAAAGATC-1,6
0193345_CATCGGACGGGTTAAT-1,6
0193345_CATCTACCCGAGAACG-1,0
0193345_CATCTAGTGAAGGGAA-1,6
0193345_CATCTATCCCGTGTCT-1,6
0193345_CATGAACCTCTTATCA-1,1
0193345_CATGAGATGCACTCTC-1,1
0193345_CATGAGTCCATCACGG-1,18
0193345_CATGATCGCTTTGAGA-1,1
0193345_CATGATGCACAATTCT-1,1
0193345_CATGATGGAAGTTAGC-1,0
0193345_CATGCACATGAGAGGC-1,0
0193345_CATGCACGTGTTACTG-1,0
0193345_CATGCATGGAGACCCT-1,8
0193345_CATGCGACCAGTTTAA-1,0
0193345_CATGCGTTAGACAGAA-1,8
0193345_CATGCGTTGAGAGGAG-1,0
0193345_CATGCTGGCTCCAATT-1,0
0193345_CATGGAAATGGGACCA-1,8
0193345_CATGGATTGTCTTCCG-1,1
0193345_CATGGCAGGAAGATCG-1,6
0193345_CATGGGTATGCCTTAT-1,6
0193345_CATGGGTCGGGTGTGG-1,0
0193345_CATGGTAAGTAGCGTT-1,0
0193345_CATGGTATTAGTTTGT-1,0
0193345_CATGGTCTAGATACCG-1,1
0193345_CATGGTTTATTAATCA-1,8
0193345_CATGTAAGAGACATTT-1,6
0193345_CATGTAGGAGCGCCAA-1,0
0193345_CATGTCTCATTTATGG-1,6
0193345_CATTACATAGATTGTG-1,6
0193345_CATTACGCAGGAAGGG-1,0
0193345_CATTACGTCGGCCCGT-1,0
0193345_CATTATAACAGGGTCC-1,18
0193345_CATTATCCCATTAACG-1,6
0193345_CATTATGCTTGTTGTG-1,8
0193345_CATTCACTGACAGCTA-1,1
0193345_CATTCGTCGTAGCGGT-1,0
0193345_CATTGATGAACACGCC-1,0
0193345_CATTGCAAAGCATAAT-1,8
0193345_CATTTAGCGGACCATG-1,0
0193345_CATTTATCGTTCAAGA-1,16
0193345_CATTTGAGTGGTACGT-1,0
0193345_CCAAAGTCCCGCTAAC-1,8
0193345_CCAAATAACAAGATTC-1,6
0193345_CCAAATCAAAGGGCAA-1,6
0193345_CCAACCTTATGTAACT-1,0
0193345_CCAACGCTTGCCAGGG-1,8
0193345_CCAACTTGATAGATCC-1,8
0193345_CCAAGAAAGTGGGCGA-1,1
0193345_CCAAGACTTCTGCGAA-1,18
0193345_CCAAGCGTAACTCGTA-1,8
0193345_CCAATCGGTAGATCGA-1,0
0193345_CCAATGTCACAGCAAG-1,8
0193345_CCAATTACGGGTCGAG-1,0
0193345_CCACACTGAGATATTA-1,8
0193345_CCACAGTACCCATCCT-1,1
0193345_CCACATACTGCACCCA-1,6
0193345_CCACCAACTTTACTGT-1,0
0193345_CCACCCAAGGAAAGTG-1,1
0193345_CCACCTGTATGGAATA-1,18
0193345_CCACGAATTTAACCTC-1,6
0193345_CCACGAGAAGAGAATC-1,1
0193345_CCACGGAGCCATAAGA-1,1
0193345_CCACGGCAGGTGTAGG-1,0
0193345_CCACTGTTTGGATTAA-1,1
0193345_CCAGAAACTGATGCGA-1,6
0193345_CCAGAAAGCAACTCAT-1,0
0193345_CCAGATAGTTGAGTGA-1,6
0193345_CCAGATGTAAATGGGT-1,6
0193345_CCAGCCTGGACCAATA-1,8
0193345_CCAGCTCGAACGCATT-1,8
0193345_CCAGGCGAGATGGTCT-1,0
0193345_CCAGGCTGGCGTCTGA-1,0
0193345_CCAGTAGTCTGATCCA-1,0
0193345_CCAGTCTAGACGGCGC-1,14
0193345_CCAGTCTTGTCATAGA-1,1
0193345_CCAGTGTACAGACCGA-1,0
0193345_CCATAAACAACCCGAC-1,0
0193345_CCATACCTTTACTTGT-1,0
0193345_CCATAGAGGCTGCCAG-1,1
0193345_CCATAGGTTGGCGTGG-1,1
0193345_CCATATGGAAACTATA-1,1
0193345_CCATCATAAGAACAGG-1,18
0193345_CCATCGCAGTTAAACT-1,1
0193345_CCATGCCCTAGATTTC-1,6
0193345_CCATGCCTGTTTAGTA-1,8
0193345_CCATGGCAAACGCTCA-1,6
0193345_CCATGTTCATCTATAT-1,0
0193345_CCATTAGCGATAATCC-1,0
0193345_CCATTTCTACCTATTA-1,6
0193345_CCCAACATACGTCGCG-1,8
0193345_CCCAACCACACTAACA-1,0
0193345_CCCAAGAATGCACGGT-1,6
0193345_CCCAATGAGATTTGCA-1,14
0193345_CCCAGAGGAGGGCGTA-1,14
0193345_CCCAGATTCCCGTGAC-1,0
0193345_CCCAGGTCTGAAGGCT-1,6
0193345_CCCAGTAAACTTGGGA-1,8
0193345_CCCAGTTAAGGCGCCG-1,1
0193345_CCCATATAGGTCGATT-1,6
0193345_CCCGACCATAGTCCGC-1,8
0193345_CCCGAGTTTCTCCGTA-1,0
0193345_CCCGCAGCGCGAACTA-1,0
0193345_CCCGCAGGGCCCAAAG-1,6
0193345_CCCGCTAGAGGGTTAA-1,1
0193345_CCCGCTTGCCCTCGTC-1,1
0193345_CCCGGGTCGTTCAGGG-1,14
0193345_CCCGGTGTATCGGAAT-1,1
0193345_CCCGTAGCTGGGAAGA-1,6
0193345_CCCGTTTCGCAGATGT-1,6
0193345_CCCTATGTAGAGCAGA-1,0
0193345_CCCTCAGATCGAGAAC-1,0
0193345_CCCTCATCACAGAGTA-1,1
0193345_CCCTCCTCGCTCGTAT-1,6
0193345_CCCTCGATAATACACA-1,0
0193345_CCCTCGGGAGCCTTGT-1,1
0193345_CCCTGGTATGGGCGGC-1,1
0193345_CCCTTCTCGTACGCGA-1,1
0193345_CCCTTTAATGGAGTTC-1,1
0193345_CCCTTTGACAGGTCTT-1,18
0193345_CCGAACCTTCCCGGCC-1,0
0193345_CCGAAGCATTGACCAA-1,6
0193345_CCGACAATAGGCCGCC-1,1
0193345_CCGACGGGCATGAGGT-1,1
0193345_CCGACGTAAACACAAC-1,6
0193345_CCGACTCGCATAGTCT-1,14
0193345_CCGAGAAGTCGCATAA-1,8
0193345_CCGAGCTGTGCTTGTC-1,1
0193345_CCGAGGGATGTTAGGC-1,0
0193345_CCGATATGACGTAAGG-1,1
0193345_CCGATCTTAAGAGGCT-1,1
0193345_CCGATTGGTCAATGAA-1,14
0193345_CCGCACAAAGACCAAC-1,6
0193345_CCGCACACGAACGTGT-1,6
0193345_CCGCACTTGCAATGAC-1,0
0193345_CCGCATGTGGTACGAT-1,1
0193345_CCGCCACCACAATCCA-1,18
0193345_CCGCCGGAACTTCTCG-1,0
0193345_CCGCCGGTCAACACAC-1,1
0193345_CCGCCGTTGAGGATAA-1,1
0193345_CCGCCTGCGAATTGGT-1,6
0193345_CCGCGCAAGATACCCA-1,14
0193345_CCGCGGAATGCGTCAC-1,0
0193345_CCGCTATCAGCACCAG-1,1
0193345_CCGCTCCGGATAAGCT-1,8
0193345_CCGCTGGTGCCATTCA-1,14
0193345_CCGCTTACCTCACTCT-1,14
0193345_CCGCTTCGCGGTTAAC-1,1
0193345_CCGCTTGCTGACATGG-1,0
0193345_CCGGAAGTGCAATATG-1,14
0193345_CCGGAAGTTATCAGTC-1,0
0193345_CCGGAATGGTTTCAGT-1,0
0193345_CCGGAGCGTACTTTCT-1,0
0193345_CCGGAGGTCTTATGGT-1,6
0193345_CCGGCCGCGAGCATAT-1,6
0193345_CCGGCGCATATTGGAT-1,8
0193345_CCGGGACCCGCAGAGA-1,1
0193345_CCGGGCGGTCTCGTCA-1,8
0193345_CCGGGCTAAGAATTTC-1,0
0193345_CCGTAAGTTGGTCCCA-1,1
0193345_CCGTAGGAAATCCCTG-1,0
0193345_CCGTAGGGTTGTTTAC-1,8
0193345_CCGTATCTCGTCGTAG-1,0
0193345_CCGTATTAGCGCAGTT-1,1
0193345_CCGTCAACCTCTGGCG-1,8
0193345_CCGTGCCCATGACGGC-1,1
0193345_CCGTGGAACGATCCAA-1,0
0193345_CCGTGTTAAATTCCAT-1,14
0193345_CCGTTACGTTAGAACA-1,1
0193345_CCTAAACAGGGTCCGT-1,8
0193345_CCTAAAGGCTGACGCT-1,0
0193345_CCTAAATTAACGGTTC-1,0
0193345_CCTAAATTGTATCCTA-1,1
0193345_CCTAACCCAAACAAGT-1,1
0193345_CCTAACTAAGGCTCTA-1,0
0193345_CCTACAAGTCCGGAAT-1,8
0193345_CCTACATTCACAGACG-1,1
0193345_CCTACGCGACCTTACA-1,1
0193345_CCTACTCAACACGATT-1,0
0193345_CCTACTGCGGCGGCCA-1,6
0193345_CCTAGGTAAAGGTAGC-1,8
0193345_CCTAGTTAGTCGCATG-1,1
0193345_CCTATAATGAGTGCCC-1,1
0193345_CCTATACCGTCCTGTC-1,1
0193345_CCTATATCGTGTCACG-1,8
0193345_CCTATATTTGTCCTGG-1,16
0193345_CCTATCTATATCGGAA-1,8
0193345_CCTATGGCTCCTAGTG-1,14
0193345_CCTATGGGTTACCGTC-1,8
0193345_CCTATGGTCAAAGCTG-1,0
0193345_CCTATGTCCACTCCAC-1,6
0193345_CCTATTATTCCGGCCG-1,1
0193345_CCTCACCTGAGGGAGC-1,0
0193345_CCTCACCTTAGCATCG-1,0
0193345_CCTCACGTCAGCTAAT-1,0
0193345_CCTCCTAGCTAGAGTC-1,0
0193345_CCTCCTGTTGTGTCGT-1,0
0193345_CCTCGAAGTGGACGGG-1,0
0193345_CCTCGACCCACTGCCT-1,1
0193345_CCTCGCCAGCAAATTA-1,1
0193345_CCTCGCGCGATATAGG-1,0
0193345_CCTCGCGCTGTGCGAT-1,8
0193345_CCTCGGTTTCCTTGCC-1,6
0193345_CCTCGTTACGCCTGTT-1,1
0193345_CCTCTAATCTGCCAAG-1,1
0193345_CCTCTACAAGGATTGG-1,6
0193345_CCTCTATCGATTAGCA-1,0
0193345_CCTCTGGCCTAGACGG-1,1
0193345_CCTCTGTACTATTCTA-1,1
0193345_CCTGAATATTTACATA-1,0
0193345_CCTGACCACCGATGGT-1,14
0193345_CCTGACGCAACCTTTA-1,8
0193345_CCTGAGAATAAATGCA-1,18
0193345_CCTGGCTAGACCCGCC-1,8
0193345_CCTGGTCGAATGTGGG-1,1
0193345_CCTGTCACCCGGGCTC-1,1
0193345_CCTGTCGCCCGTAAAT-1,1
0193345_CCTGTCGTGTATGAAG-1,6
0193345_CCTGTGCGGATTGTAA-1,14
0193345_CCTGTTCAACCTCGGG-1,0
0193345_CCTGTTTGAAGACACG-1,1
0193345_CCTTCAGTTAAAGTGA-1,0
0193345_CCTTCCGCAACGCTGC-1,8
0193345_CCTTCGTATAGAATCC-1,6
0193345_CCTTCTTGATCCAGTG-1,1
0193345_CCTTGACCACTTTATT-1,6
0193345_CCTTGTGAACGTGGTT-1,0
0193345_CCTTTAAGGGAGCACT-1,1
0193345_CCTTTCAATGAAGAAA-1,0
0193345_CCTTTGAATTATGGCT-1,0
0193345_CGAAACATAGATGGCA-1,0
0193345_CGAAACGCAATTCATG-1,0
0193345_CGAACAGTATGGGCGT-1,0
0193345_CGAACATAGTCAGAAA-1,1
0193345_CGAACCCGCATGCGTC-1,6
0193345_CGAACCTCTTTCCTAG-1,0
0193345_CGAACGCCCAGTGCCG-1,1
0193345_CGAACGGCCGGACAAC-1,1
0193345_CGAAGACTGCCCGGGA-1,0
0193345_CGAAGCCACAGCATGG-1,0
0193345_CGAAGCTATAAATTCA-1,6
0193345_CGAAGGGTTTCAGATT-1,0
0193345_CGAATCTGCTCGACGC-1,0
0193345_CGAATGAAGTCATTGC-1,0
0193345_CGAATGACGCATAATG-1,6
0193345_CGAATGGTAGGTCGTC-1,1
0193345_CGAATTACATGGTGTT-1,1
0193345_CGACAATTTGATCTAA-1,6
0193345_CGACACCGCTTAAGGA-1,1
0193345_CGACACGCTCCGACAG-1,1
0193345_CGACATGCGATCTTCT-1,1
0193345_CGACCGTTGGTATTCG-1,18
0193345_CGACGCATCCGTACCT-1,8
0193345_CGACTCAGGATGTTAT-1,0
0193345_CGACTCGGTACACGGT-1,1
0193345_CGACTTGCCGGGAAAT-1,0
0193345_CGAGACCCTAGAGTGT-1,6
0193345_CGAGAGATGTGAACCT-1,1
0193345_CGAGAGGGTAGCCGCG-1,6
0193345_CGAGATGTTGCCTATA-1,1
0193345_CGAGATTTCGCTCGGG-1,0
0193345_CGAGCGTTGATCAGCC-1,0
0193345_CGAGCTGGGCTTTAGG-1,0
0193345_CGAGGAGCTTCCATAT-1,6
0193345_CGAGGCTAAATATGGC-1,1
0193345_CGAGGGACTGCGGTCG-1,1
0193345_CGAGGGTATCCAGGTG-1,1
0193345_CGAGTACTAAAGAGGA-1,0
0193345_CGAGTGAAGGTACCAG-1,0
0193345_CGAGTTCTGTCCCACC-1,0
0193345_CGATAACCAATTTGAG-1,1
0193345_CGATAATACTCAGGTT-1,0
0193345_CGATACCTCGCGGACA-1,6
0193345_CGATAGCGATACAGTG-1,8
0193345_CGATCCACCATTGTTG-1,0
0193345_CGATCCGACCCAGTGC-1,8
0193345_CGATCCTCGCAACATA-1,6
0193345_CGATCTGTTGGAGGAC-1,1
0193345_CGATGGACCCTACGCC-1,0
0193345_CGATGTTGTTATCTAC-1,6
0193345_CGATTAAATATCTCCT-1,1
0193345_CGATTCGCCTGGCTGC-1,1
0193345_CGATTTGTCATTAATG-1,8
0193345_CGCAATTACTTTCGGT-1,1
0193345_CGCACGTCTGTTTATG-1,6
0193345_CGCAGAAACATTTGCG-1,0
0193345_CGCAGGCGATCCAAAC-1,1
0193345_CGCATCATGGCTTCAG-1,14
0193345_CGCATGGTGCGATGCT-1,6
0193345_CGCATTAGCTAATAGG-1,0
0193345_CGCCACAGGTCGCGAT-1,6
0193345_CGCCAGTAGTACCTTG-1,0
0193345_CGCCATCCGATTATGA-1,6
0193345_CGCCCAGCACGCCTAG-1,1
0193345_CGCCCGCTTCCGTACA-1,6
0193345_CGCCCTAATTGTTCAA-1,1
0193345_CGCCCTTACATCCACC-1,14
0193345_CGCCGCGTTCTGAACG-1,0
0193345_CGCCGGTGTCGCAGTA-1,3
0193345_CGCCGTCTACCCATCG-1,1
0193345_CGCCGTTCAGCATAGT-1,1
0193345_CGCCTCCCTCCTCTAT-1,1
0193345_CGCCTTTAGCATGCTC-1,0
0193345_CGCGAAGTGGCATACT-1,0
0193345_CGCGACCGCGACAGAT-1,8
0193345_CGCGAGAGGGACTTGT-1,14
0193345_CGCGAGTCTGCCGGGT-1,16
0193345_CGCGCAAATGTCCAGA-1,0
0193345_CGCGCAAGGAACTACA-1,18
0193345_CGCGCATGTTTGATTG-1,0
0193345_CGCGCCCGACTTAATA-1,1
0193345_CGCGGGAATTAGGCAG-1,0
0193345_CGCGGTACGGTATACA-1,18
0193345_CGCGGTCACAAACCAA-1,6
0193345_CGCGTACATTCTGGAA-1,0
0193345_CGCGTCATATTAAACC-1,1
0193345_CGCGTGGGCCTGTGTT-1,1
0193345_CGCTACGGGACATTTA-1,1
0193345_CGCTATTCTTAGGCTC-1,14
0193345_CGCTGGTGACTACCCT-1,8
0193345_CGCTGTGTGGATGTTG-1,8
0193345_CGCTTAGTATTGATAC-1,0
0193345_CGCTTCGGTCTAAGAC-1,1
0193345_CGCTTGGACGGATAGA-1,0
0193345_CGCTTTCATACCGGTG-1,0
0193345_CGCTTTCTTGCATTCG-1,1
0193345_CGGAAAGAATCAAACG-1,6
0193345_CGGAAATTTCACATCC-1,18
0193345_CGGAACGTAAACATAG-1,6
0193345_CGGAGCAATTTAATCG-1,18
0193345_CGGAGCATGGCGATCC-1,8
0193345_CGGAGCTTATAACACC-1,1
0193345_CGGAGTCCTAACCTGG-1,0
0193345_CGGATCCTCAAGGACT-1,1
0193345_CGGATGAATGCTGTGA-1,0
0193345_CGGATTCTGCCTTATG-1,1
0193345_CGGCAAACATCGTGCG-1,6
0193345_CGGCAATAAGATCGCC-1,6
0193345_CGGCACCGTTAGCGCC-1,1
0193345_CGGCCACGCACAAAGT-1,6
0193345_CGGCCAGAGCGACCAT-1,6
0193345_CGGCCCAGGTATATCC-1,8
0193345_CGGCGCCATCAATCCC-1,1
0193345_CGGCTCTAAAGCTGCA-1,0
0193345_CGGCTCTTCGTCGAAC-1,1
0193345_CGGCTGAAGGTTACGC-1,6
0193345_CGGCTGCAAGATTAAG-1,0
0193345_CGGCTTTGTATGATAA-1,0
0193345_CGGGAACGCCCTGCAT-1,0
0193345_CGGGAAGTACCGTGGC-1,0
0193345_CGGGAATATAGTATAC-1,0
0193345_CGGGAATTTATGTAAA-1,1
0193345_CGGGAGCTTCAGTGTA-1,0
0193345_CGGGCAGCTAAACCGC-1,0
0193345_CGGGCCTTCTTTGTAA-1,1
0193345_CGGGCTACTTAAATTG-1,1
0193345_CGGGTGTACCCATTTA-1,0
0193345_CGGGTTCGGCACGTAT-1,8
0193345_CGGGTTTGTTAGGGCT-1,0
0193345_CGGTACTAGAATCAAA-1,0
0193345_CGGTAGAGGTGCAGGT-1,0
0193345_CGGTATAGGTATTAGC-1,1
0193345_CGGTCAAGTGGGAACC-1,8
0193345_CGGTCAGTCCATATTT-1,0
0193345_CGGTCCATGAGACTCC-1,6
0193345_CGGTCCGTCGCAAGCC-1,14
0193345_CGGTCTATCAACCCGT-1,0
0193345_CGGTGCAGATAGAACG-1,8
0193345_CGGTGCGCGTTGGTCC-1,6
0193345_CGGTGGGCTCCAGCCT-1,6
0193345_CGGTTATCCAACAGTG-1,8
0193345_CGGTTGAGTATCCTTC-1,1
0193345_CGGTTGGGTTCAAGTT-1,1
0193345_CGGTTTACTGAACATT-1,1
0193345_CGGTTTATGAAGGAAC-1,0
0193345_CGTAAAGCAAGAAATC-1,0
0193345_CGTAACGGAACGATCA-1,8
0193345_CGTAACTTCGACACTT-1,0
0193345_CGTACCTGATAGGCCT-1,0
0193345_CGTAGCGAATTGTCAG-1,0
0193345_CGTAGCGCCGACGTTG-1,8
0193345_CGTATCTAGAACTAAG-1,1
0193345_CGTATTAAGAGATCTA-1,0
0193345_CGTATTGTTTCCTAAT-1,6
0193345_CGTATTGTTTGGCGCC-1,14
0193345_CGTCAAATGGTCGCAG-1,16
0193345_CGTCACGTCCATTGGT-1,6
0193345_CGTCAGTGCGCACAAG-1,18
0193345_CGTCAGTTTATCGTCT-1,18
0193345_CGTCGCATGTGAGCCA-1,1
0193345_CGTCGCTTGGTTATAC-1,1
0193345_CGTCGGGTCTAAGCGC-1,16
0193345_CGTCGTCCTTCGCGAA-1,8
0193345_CGTCTGGAAGGGCCCG-1,1
0193345_CGTCTTGAGTGTGACG-1,6
0193345_CGTGAAGTTAATTCAC-1,0
0193345_CGTGACATTGGGTCGT-1,1
0193345_CGTGACCAGTCCTCTG-1,0
0193345_CGTGCAGACTGGGACA-1,1
0193345_CGTGCCCGACATTTGT-1,18
0193345_CGTGCCCTCCCGAAGA-1,0
0193345_CGTGCTTCTACCTAAA-1,6
0193345_CGTGGAAGCCTCGTAC-1,0
0193345_CGTGGCCGAATATCTA-1,8
0193345_CGTGGTACCCAAAGGC-1,14
0193345_CGTGTATGGGAGCTGA-1,6
0193345_CGTGTCTCGTTACGAC-1,0
0193345_CGTTAAACTAGTTAGG-1,6
0193345_CGTTAATGTCCCGACG-1,1
0193345_CGTTAGCTCACAACTG-1,1
0193345_CGTTCAAGGAAACGGA-1,1
0193345_CGTTCAGACCCGCGAA-1,1
0193345_CGTTCATGGTGCGCGT-1,1
0193345_CGTTCTTCGCACACCT-1,6
0193345_CGTTGAATACCGCGCT-1,1
0193345_CGTTGAGCGACCGTCG-1,0
0193345_CGTTGAGTAATTGCGT-1,6
0193345_CGTTGCCCGCGTGGGA-1,14
0193345_CGTTGTCGGCAATTGA-1,6
0193345_CGTTTAAGCGGAGCAC-1,8
0193345_CGTTTACAAGGCAGCT-1,1
0193345_CGTTTCACTTCGGGCG-1,14
0193345_CGTTTCGCTCATTACA-1,0
0193345_CGTTTGGTGTTGTGGG-1,0
0193345_CGTTTGTGTAGAGGGT-1,0
0193345_CTAAAGGGAAATAGGA-1,1
0193345_CTAAATCCGGTGTACA-1,0
0193345_CTAAATCCTATTCCGG-1,0
0193345_CTAACAGCACAATAAC-1,8
0193345_CTAACGAAACTTGCTG-1,6
0193345_CTAACTGATAATCGCC-1,0
0193345_CTAACTGGTCCGGTTC-1,6
0193345_CTAAGGGAATGATTGG-1,0
0193345_CTAAGTACAGGGCTAC-1,1
0193345_CTAATTATGAAGCGTA-1,16
0193345_CTAATTCTCAGATATT-1,0
0193345_CTACAAGAAATAACCC-1,6
0193345_CTACACTAGCTTGTTC-1,0
0193345_CTACACTCGCAGATGG-1,6
0193345_CTACATATCGCGGGAC-1,0
0193345_CTACCCTAAGGTCATA-1,1
0193345_CTACGAACTAGGTCGA-1,1
0193345_CTACGATCCTATCCTA-1,6
0193345_CTACGCACGGAGTACC-1,6
0193345_CTACGCCATTTCCGAT-1,1
0193345_CTACGTGTTGCCACCA-1,1
0193345_CTACTATCATAGGTTT-1,0
0193345_CTACTATCTTTCAGAG-1,0
0193345_CTACTCAAGGTATAGT-1,6
0193345_CTACTGCCACCTGACC-1,0
0193345_CTAGACATATATGTAG-1,0
0193345_CTAGACTGCATTTCGT-1,1
0193345_CTAGATTTACGACGGC-1,8
0193345_CTAGCAACTAATTTAC-1,8
0193345_CTAGCATAGTATAATG-1,1
0193345_CTAGCCACAGGCGAGC-1,1
0193345_CTAGCCCGGGAGACGA-1,1
0193345_CTAGCCGATGTTATGA-1,1
0193345_CTAGCGCCAATCCTAC-1,8
0193345_CTAGCTTAATGGTCCC-1,6
0193345_CTAGGCGCCCTATCAG-1,0
0193345_CTAGGCGGCAGAGAAT-1,0
0193345_CTAGGGATAGGGACAA-1,0
0193345_CTAGGTTCGGACGTGA-1,8
0193345_CTAGTAGAAAGGGATT-1,1
0193345_CTAGTATTCGGAATTA-1,14
0193345_CTAGTCACGTCTTAAG-1,1
0193345_CTAGTTACAACCCGGT-1,1
0193345_CTAGTTGGGCCCGGTA-1,8
0193345_CTATAAGAGCCAATCG-1,0
0193345_CTATAAGTAGGGTTTG-1,1
0193345_CTATACTTAAAGCGAG-1,14
0193345_CTATAGGCGTTGATGT-1,0
0193345_CTATATCCAGCCTGGC-1,1
0193345_CTATCGACGAAATACA-1,6
0193345_CTATCGCGTAGAGAAC-1,0
0193345_CTATCGGGTCTCAACA-1,1
0193345_CTATGAACACCTTGCC-1,1
0193345_CTATGCCCGAATGCAA-1,1
0193345_CTATGGGAAGCGGAAT-1,1
0193345_CTATGTCACTAGCCCA-1,8
0193345_CTATGTCTATTGAAAC-1,1
0193345_CTATTCATGTGTCCCA-1,0
0193345_CTATTGTGTTTGGTCA-1,6
0193345_CTATTTGCTTGGAGGA-1,6
0193345_CTCAAACCACTGCCCG-1,6
0193345_CTCAAGACATTAGCGC-1,6
0193345_CTCACACGCAAGCCTA-1,6
0193345_CTCACATTTACTAAAT-1,8
0193345_CTCACCGATCCAAACT-1,0
0193345_CTCACTGTGATACTTA-1,6
0193345_CTCAGAGCTAATGTCG-1,8
0193345_CTCAGCAGACTGCCGA-1,1
0193345_CTCAGTCACGACAAAT-1,0
0193345_CTCATAAATGTGTATA-1,14
0193345_CTCATGGCTCACAATC-1,0
0193345_CTCATGGTAATTTGCG-1,6
0193345_CTCATTGCTCTAACAA-1,0
0193345_CTCATTTGATGGGCGG-1,1
0193345_CTCCCAATGAGTCGCG-1,0
0193345_CTCCCTCCTTTCGATC-1,1
0193345_CTCCGAGTAAATCCGC-1,1
0193345_CTCCGCCCACATGAGG-1,14
0193345_CTCCGGCCTAATATGC-1,1
0193345_CTCCTAGTAATCGTGA-1,1
0193345_CTCCTCCAGCTCACAC-1,1
0193345_CTCCTGTTCAAGGCAG-1,6
0193345_CTCCTTTACGCAAGTC-1,0
0193345_CTCGAATGGAACGTAT-1,1
0193345_CTCGAGACATACGATA-1,8
0193345_CTCGAGGCAAGTTTCA-1,0
0193345_CTCGAGGTCGAACAGT-1,1
0193345_CTCGATATTTGCGAGC-1,1
0193345_CTCGCACCTATATAGT-1,14
0193345_CTCGCATTGCATAGCC-1,1
0193345_CTCGCCGAATGTAGGG-1,8
0193345_CTCGGGCATCGTCGGG-1,18
0193345_CTCGGGTTCTCTGGCC-1,6
0193345_CTCGGTACCACTGCTC-1,1
0193345_CTCGGTTGTCGGCCCT-1,0
0193345_CTCGTCGAGGGCTCAT-1,0
0193345_CTCGTTACGGCTACCA-1,1
0193345_CTCGTTTCTAATGTTT-1,0
0193345_CTCTAATGCATTGATC-1,0
0193345_CTCTATTTGGCTGCAG-1,0
0193345_CTCTCACAATCGATGA-1,1
0193345_CTCTCGATGTGCGCCT-1,1
0193345_CTCTCTAACTGCCTAG-1,14
0193345_CTCTGCAGGCATTCTT-1,0
0193345_CTCTGCGAAGCAAGCA-1,1
0193345_CTCTGGACGCCTGGTG-1,0
0193345_CTCTGTTTGAGGATTC-1,0
0193345_CTCTTCTATTGACTGG-1,0
0193345_CTCTTCTGGAAGTTAG-1,0
0193345_CTCTTGTCCCGCTTGG-1,18
0193345_CTGAAACGGCCCTCAG-1,0
0193345_CTGAAAGAGATCCGAC-1,1
0193345_CTGAATCCGAGACCTC-1,6
0193345_CTGAATTTATTGCCAG-1,6
0193345_CTGACATAGAAATAGA-1,1
0193345_CTGACTGCGCAGCTCG-1,6
0193345_CTGAGAGTAGAAATAC-1,1
0193345_CTGATCCCTTTATGCA-1,0
0193345_CTGCAAATGGGCTCCA-1,6
0193345_CTGCAAGCACGTTCCG-1,1
0193345_CTGCACAACTACATAT-1,1
0193345_CTGCACTCCAGTACAG-1,8
0193345_CTGCAGAGAATCAGAG-1,0
0193345_CTGCCAAGGTTGGAAG-1,1
0193345_CTGCCATGCATCACAT-1,6
0193345_CTGCCTAGCCACCAAG-1,0
0193345_CTGCCTTTAATACCTT-1,8
0193345_CTGCCTTTCTAGTAAA-1,0
0193345_CTGCGATTTCGAGATT-1,1
0193345_CTGCGGTAGTCACGTG-1,1
0193345_CTGCGTTACGATATAA-1,1
0193345_CTGCTGAGGCCACGAA-1,6
0193345_CTGCTGTCTAACGAGC-1,8
0193345_CTGCTTGGCGATAGCT-1,6
0193345_CTGCTTTATGTCCGCG-1,6
0193345_CTGGAAATGGATGCTT-1,0
0193345_CTGGAAGACACGGTGG-1,0
0193345_CTGGACGCAGTCCGGC-1,6
0193345_CTGGATTTACACTTGA-1,0
0193345_CTGGCATCCGAATGAG-1,6
0193345_CTGGCGACATAAGTCC-1,0
0193345_CTGGCGATTTACATGT-1,6
0193345_CTGGCTCCTGCGGGAT-1,0
0193345_CTGGCTGATTCATCCT-1,8
0193345_CTGGCTGCTAACGTAA-1,6
0193345_CTGGCTGGTTGTCAGT-1,1
0193345_CTGGGATCGCCCAGAT-1,0
0193345_CTGGGCACTAGTCGGA-1,1
0193345_CTGGGCGGCCAAATGT-1,18
0193345_CTGGGCTATCCTTTGG-1,0
0193345_CTGGGTAGGCAGTTAA-1,1
0193345_CTGGGTTGAGTTAAAG-1,8
0193345_CTGGTAAAGTGTGGGC-1,1
0193345_CTGGTAACACATAGAA-1,0
0193345_CTGGTAACGAGCTCTT-1,0
0193345_CTGGTCCTAACTTGGC-1,0
0193345_CTGGTGAATGGGCCTA-1,0
0193345_CTGGTTCGCGAGCTAC-1,6
0193345_CTGGTTTCGAGCAAGA-1,6
0193345_CTGTACTTCTTAGCAT-1,1
0193345_CTGTAGCCATCTCACT-1,14
0193345_CTGTAGTGAGGATCGA-1,14
0193345_CTGTCAAATGGCTCGG-1,6
0193345_CTGTCACGCCAGGCGC-1,6
0193345_CTGTGCAGGGTAGGTC-1,0
0193345_CTGTGGTCGGGAGATA-1,0
0193345_CTGTTACCCAATCTAG-1,1
0193345_CTGTTGTTCAGTCGTA-1,8
0193345_CTTAACTTCGAAGTAC-1,1
0193345_CTTACACGGTATTCCA-1,0
0193345_CTTAGCCTTCCACATG-1,0
0193345_CTTAGGTATAGACCAG-1,0
0193345_CTTAGGTCCCAATCGT-1,6
0193345_CTTAGTGTAGTAGCAT-1,1
0193345_CTTAGTTGAGGAATCG-1,6
0193345_CTTATAGATGGCTGTT-1,0
0193345_CTTCAACTCCACTTGG-1,1
0193345_CTTCACGCCCTGGTAC-1,1
0193345_CTTCAGTGGTCGCCTA-1,1
0193345_CTTCATTGTCAGTGGA-1,6
0193345_CTTCCGCTCCGTGAAG-1,0
0193345_CTTCCTGCATATTTAC-1,1
0193345_CTTCGGCCAATTGTTT-1,0
0193345_CTTCGTAGATAGGTGA-1,0
0193345_CTTCTATGTTGAAGTA-1,8
0193345_CTTCTATTAATGCTAG-1,1
0193345_CTTCTGGGCGTACCTA-1,6
0193345_CTTCTTACGTCGTATA-1,6
0193345_CTTGACCCGAAAGATA-1,8
0193345_CTTGCCCAGGCTCTAC-1,0
0193345_CTTGGCCAAGCTGGGA-1,6
0193345_CTTGTCAACATTCGAG-1,0
0193345_CTTGTCGTACGTGTCA-1,0
0193345_CTTGTGCTCACCGATT-1,0
0193345_CTTGTTGCTGAGTCAA-1,1
0193345_CTTTAACTTTCAAAGG-1,0
0193345_CTTTAATATTGGTCGA-1,0
0193345_CTTTACCGAATAGTAG-1,0
0193345_CTTTAGTGCTATTATT-1,8
0193345_CTTTCTGTGCGGGCTT-1,1
0193345_CTTTGAAACATATTCC-1,1
0193345_CTTTGCATCGCTCTTG-1,8
0193345_CTTTGCTGTCATGGAT-1,6
0193345_CTTTGGCAGACAGAGT-1,1
0193345_CTTTGGGATTGTTGCA-1,0
0193345_CTTTGTCGAATGCTCC-1,1
0193345_GAAACAGATGACCACC-1,6
0193345_GAAACAGCCATGCAGT-1,0
0193345_GAAACATAGGAAACAG-1,1
0193345_GAAACCGAATTACCTT-1,0
0193345_GAAACCTATACAAATG-1,0
0193345_GAAACTCTAATGAAGG-1,0
0193345_GAAAGAACAGCGTTAT-1,0
0193345_GAAAGCAGTGCACTTT-1,1
0193345_GAAATACCTGCTGGCT-1,6
0193345_GAAATATGCTTGAATG-1,14
0193345_GAAATCGCGCGCAACT-1,0
0193345_GAAATGGCGGTGTTAG-1,14
0193345_GAAATTAGCACGGATA-1,6
0193345_GAAATTCACATCGCTG-1,0
0193345_GAAATTGTCTCTATAA-1,6
0193345_GAACAACTGGGATGAA-1,8
0193345_GAACAGATTACTAAAT-1,1
0193345_GAACCCTCTGTGTTCT-1,1
0193345_GAACCTTTAACGATCC-1,6
0193345_GAACGACCGAATGATA-1,0
0193345_GAACGATAAGTTAAAG-1,0
0193345_GAACGCGGGTCACACG-1,6
0193345_GAACGGTGTAAAGCAG-1,14
0193345_GAACGTCTCATGGTCG-1,14
0193345_GAACTGTGGAGAGACA-1,6
0193345_GAACTTAGCGCCCGGT-1,1
0193345_GAACTTGTGCACGGGA-1,0
0193345_GAAGAAACGATATTGT-1,8
0193345_GAAGACTTCAATGCCG-1,8
0193345_GAAGCCACTGATTATG-1,0
0193345_GAAGCCTGCACATTCC-1,1
0193345_GAAGCGTGAGGAATTT-1,6
0193345_GAAGCTCGGACCCGTC-1,1
0193345_GAAGGAGTCGAGTGCG-1,6
0193345_GAAGGCTACCATTGTT-1,6
0193345_GAAGTCAGTTGCACTA-1,1
0193345_GAAGTGATTTATCGTG-1,0
0193345_GAAGTGCTGGATAGCT-1,0
0193345_GAATAGACGCGACCCA-1,8
0193345_GAATAGCCCTGCGGTC-1,6
0193345_GAATAGTGCTCGATTA-1,8
0193345_GAATATTCGGAGTCCC-1,0
0193345_GAATCTATACTCGGAC-1,1
0193345_GAATCTGAACATTCTC-1,0
0193345_GAATGAAGGTCTTCAG-1,1
0193345_GAATGCGAATCGGTTC-1,1
0193345_GAATGTATGGCAGGTC-1,6
0193345_GAATGTGGTCCGGATT-1,1
0193345_GAATGTTGGGTAATCT-1,1
0193345_GAATTATAGTGAAAGG-1,1
0193345_GAATTATGCAACCTAC-1,1
0193345_GAATTCACCCGGGTGT-1,6
0193345_GACAACGACCATTGAA-1,6
0193345_GACAAGAGATGAGATT-1,0
0193345_GACACAAGGGAAGAAA-1,0
0193345_GACACAGCCGGGACTG-1,1
0193345_GACACCCAAAGACGCG-1,0
0193345_GACACTGAGTTCAGTG-1,6
0193345_GACACTGGAACCCGAT-1,6
0193345_GACAGCCAGACCTGAC-1,14
0193345_GACATCCGTCGAACTG-1,1
0193345_GACATCGATTTATAAC-1,0
0193345_GACATTTCGCCCAGCC-1,8
0193345_GACCAAACGTTGACTG-1,1
0193345_GACCAGAGCCCTGTAG-1,18
0193345_GACCAGGTCATTCATA-1,0
0193345_GACCCAATTATGATAC-1,0
0193345_GACCCGTCGCCGGCTA-1,0
0193345_GACCGATTAAATATGT-1,6
0193345_GACCGCGTCTGACGTG-1,6
0193345_GACCGGTGATACTCTC-1,0
0193345_GACCGTCAGGTCGTGA-1,6
0193345_GACCGTGCTGACGGTG-1,6
0193345_GACCTTCCACGTCTAC-1,0
0193345_GACGACGATCCGCGTT-1,0
0193345_GACGAGGCTAATAAAC-1,1
0193345_GACGATATCACTGGGT-1,1
0193345_GACGCATACCCGTCGG-1,1
0193345_GACGCCGTAAAGGCTA-1,1
0193345_GACGCTTGCTTCTAAA-1,8
0193345_GACGGACCGCGTTCCT-1,0
0193345_GACGGGCATCGAATTT-1,8
0193345_GACGGGTTGGCCCGTA-1,1
0193345_GACGGTCAATAGAAGC-1,0
0193345_GACGGTCCTAGGGTGT-1,6
0193345_GACGTTCGTAAATACA-1,6
0193345_GACGTTGCTCGGCGGC-1,1
0193345_GACTAACACAGCACCT-1,1
0193345_GACTACAATTGCTCGT-1,1
0193345_GACTAGGCCGTTAGGT-1,0
0193345_GACTCCTTCCAATTGA-1,0
0193345_GACTCGCGGGAATGAC-1,0
0193345_GACTCGGTCGGCGGAT-1,1
0193345_GACTCTAGAGTTCCAA-1,8
0193345_GACTGATTGGTCACAA-1,0
0193345_GACTGCAAATCGAGCT-1,1
0193345_GACTGCACCAGCCCAG-1,0
0193345_GACTGCTGGTGAGAAA-1,6
0193345_GACTGGGCGCCGCAAC-1,1
0193345_GAGAAACTGGATCCCA-1,6
0193345_GAGAACGGTTCTGACT-1,0
0193345_GAGACCCTGCAACGCC-1,18
0193345_GAGACTGATGGGTAGA-1,0
0193345_GAGACTTCGCGACCGA-1,0
0193345_GAGAGGCCTATGTGTA-1,6
0193345_GAGAGGGCGCGAGGTT-1,1
0193345_GAGAGTCTCGGGAGAG-1,0
0193345_GAGATCGATCTTACTC-1,17
0193345_GAGATCTGTCACTCCG-1,0
0193345_GAGATCTTCCATGACA-1,0
0193345_GAGATGACAATCCTTA-1,0
0193345_GAGATGGGAGTCGACA-1,0
0193345_GAGCACCTGTGTCCAG-1,1
0193345_GAGCACGGCGCCTCTT-1,0
0193345_GAGCATCAACAACTTG-1,6
0193345_GAGCCACGGTAGTAGG-1,1
0193345_GAGCCAGCTACCTGTG-1,1
0193345_GAGCCGAGCGTTTATT-1,1
0193345_GAGCGAGGGAGTACCG-1,1
0193345_GAGCGCAAATACTCCG-1,6
0193345_GAGCGCGCACGAGTAG-1,0
0193345_GAGCGCTGTTAGGTAA-1,0
0193345_GAGCGGAATGCGGTGT-1,8
0193345_GAGCTAAGGGCATATC-1,6
0193345_GAGCTGTCGTCTCGGA-1,6
0193345_GAGGAATATCTCTTTG-1,1
0193345_GAGGCATTTGCAGCAG-1,6
0193345_GAGGCCCGACTCCGCA-1,1
0193345_GAGGCCTGTTGATACA-1,0
0193345_GAGGGAGTCAGATCGC-1,0
0193345_GAGGGCCATAATATTA-1,6
0193345_GAGGGCCGGCAGAGTC-1,16
0193345_GAGGGCGCAGCTCTGC-1,14
0193345_GAGGGTAGTAACAAAG-1,6
0193345_GAGGTACGCGTGTCCC-1,6
0193345_GAGGTCCGTTCGCTGT-1,1
0193345_GAGGTCTTAGTGGGTC-1,0
0193345_GAGTAAACCGGAAAGT-1,1
0193345_GAGTAAGGCCACGGGA-1,0
0193345_GAGTAGATACTAGTTG-1,1
0193345_GAGTATACCCTAATCA-1,0
0193345_GAGTATCAAAGTTACA-1,0
0193345_GAGTATGCCCGCCTTG-1,0
0193345_GAGTATGCGCGTGCAT-1,0
0193345_GAGTCAGACCAGAATC-1,0
0193345_GAGTCCGCTTACCGGA-1,0
0193345_GAGTGCACGGACAACA-1,1
0193345_GAGTGTCAACCAGAAA-1,6
0193345_GAGTGTGCGGTACCCA-1,6
0193345_GAGTTCTGTGGGTGCT-1,1
0193345_GAGTTGATGGCAATTT-1,0
0193345_GAGTTGTCACCAGTCT-1,0
0193345_GATACCGTGTCGGAGT-1,1
0193345_GATACGATGGGAGTCA-1,8
0193345_GATAGAACCCGCTAGG-1,14
0193345_GATAGATAGTACAGTC-1,1
0193345_GATAGGATTAATTACA-1,0
0193345_GATAGGTAACGTTGAC-1,0
0193345_GATAGGTGTCCCGGGC-1,0
0193345_GATAGTGCGAGTAAGT-1,14
0193345_GATATCAAGCAGGAGC-1,8
0193345_GATATCTCATGCAATA-1,1
0193345_GATATGAGACACTAAC-1,1
0193345_GATATGCGGTAGCCAA-1,0
0193345_GATATTTCCTACATGG-1,14
0193345_GATCAACATAAAGGGA-1,14
0193345_GATCATTCCAAACATT-1,0
0193345_GATCCAACCTTTAAAC-1,0
0193345_GATCCCTTTATACTGC-1,1
0193345_GATCCGGGAATTAACA-1,1
0193345_GATCCTAAATCGGGAC-1,0
0193345_GATCCTCGACACTGGC-1,0
0193345_GATCCTCTTGCGCTTA-1,6
0193345_GATCGCGGGCTCTCCA-1,8
0193345_GATCGCTACCCGATTT-1,0
0193345_GATCGCTATATCTCAG-1,0
0193345_GATCGCTGTGGTGCGT-1,0
0193345_GATCGGTGGCCATAAC-1,14
0193345_GATCGTGACTGATATC-1,18
0193345_GATCTAACCGTATTCA-1,8
0193345_GATCTCGACGCTGTGG-1,0
0193345_GATCTGCTATCTAAGG-1,1
0193345_GATCTTAGTGAACGTG-1,16
0193345_GATCTTGGAGGGCATA-1,0
0193345_GATCTTTGCTCAAAGA-1,16
0193345_GATGACAAGTAGGGCA-1,6
0193345_GATGACGATGATCGCG-1,8
0193345_GATGAGGAACCTTCGG-1,0
0193345_GATGATTTGAAACTGG-1,1
0193345_GATGCCACACTACAGC-1,18
0193345_GATGCCTTCTGCGGCA-1,1
0193345_GATGCGTCCTGCATTC-1,1
0193345_GATGCTACCTTCGATG-1,1
0193345_GATGCTGTATTTCATC-1,1
0193345_GATGGTGAAATAACCC-1,0
0193345_GATGGTGCCCTAGGCA-1,1
0193345_GATGTAACGAACCACC-1,8
0193345_GATGTCGGTCAACTGC-1,1
0193345_GATGTGTTGTCACAAG-1,1
0193345_GATGTTCAATCCACGA-1,0
0193345_GATTAACCGAAAGCCC-1,0
0193345_GATTAATCCTGGCTCA-1,1
0193345_GATTACTGAATTTGGG-1,1
0193345_GATTAGAAACAAGCGT-1,0
0193345_GATTCCCTTGTCGCAG-1,1
0193345_GATTCCGCGTTTCCGT-1,6
0193345_GATTCGACGGTTCACG-1,6
0193345_GATTGACACTCTGCTC-1,1
0193345_GATTGCTCCAGTTGCA-1,8
0193345_GATTGGGAAAGGTTGT-1,1
0193345_GCAAACCCTACATTAT-1,0
0193345_GCAAACCTTGGCCATA-1,6
0193345_GCAAACGTAAGCGACC-1,6
0193345_GCAAACGTCGCCAGGT-1,1
0193345_GCAAAGGGCGTTAGCC-1,0
0193345_GCAACAGCAGTATGCG-1,0
0193345_GCAACCACCAGACCGG-1,6
0193345_GCAACGGCTAGTTATG-1,0
0193345_GCAAGAATTCCTTGGC-1,6
0193345_GCAAGATGTGTTCGCG-1,8
0193345_GCAAGTGTAAAGCATG-1,14
0193345_GCACAAACCCTAGATG-1,1
0193345_GCACAAACGAGGCGTG-1,6
0193345_GCACAACCTCGGGCGT-1,0
0193345_GCACACACTGGTAGCC-1,6
0193345_GCACAGCACGGGCCGA-1,0
0193345_GCACCTAGGCGAGTCC-1,14
0193345_GCACGCCTACTTAGAT-1,14
0193345_GCACGTGGTTTACTTA-1,0
0193345_GCACTGCCTACCTTTA-1,6
0193345_GCAGAAACGTAATCCA-1,14
0193345_GCAGAAGGTAATCTCC-1,8
0193345_GCAGATCCATAAGACT-1,18
0193345_GCAGATTAGGGATATC-1,8
0193345_GCAGCACACAGCCCAG-1,0
0193345_GCAGCGGTGGGCATTA-1,1
0193345_GCAGCTATGGACAGGT-1,18
0193345_GCAGGAACTTAGATCT-1,1
0193345_GCAGGTAGAGTATGGT-1,6
0193345_GCAGTGCGGGCGGATG-1,6
0193345_GCAGTGTGGCTATAGG-1,1
0193345_GCAGTTCGATCCGAGC-1,1
0193345_GCATAGAGCACTCAGG-1,0
0193345_GCATCGGCCGTGTAGG-1,0
0193345_GCATGAGGGACGCGGC-1,0
0193345_GCATGCTAATAACGAT-1,0
0193345_GCCAACCATTTCCGGA-1,1
0193345_GCCAATAGGGCATCTC-1,0
0193345_GCCACAATTTAAGGAC-1,16
0193345_GCCACTCAGAGCGCGA-1,1
0193345_GCCACTCCTTACGGTA-1,0
0193345_GCCAGGAAAGAACACT-1,1
0193345_GCCAGGAGTAACCGAT-1,6
0193345_GCCAGGCGTTCGCATG-1,0
0193345_GCCATATTGCACACAG-1,0
0193345_GCCATCGAGCTGCGTG-1,14
0193345_GCCATTAGCCTCAAAC-1,6
0193345_GCCCACTGGTCCACAA-1,6
0193345_GCCCATGGGTGCAATG-1,1
0193345_GCCCGACTTCTTCCCG-1,8
0193345_GCCCGAGAGTCTAAAT-1,14
0193345_GCCCGATCTGTGGTCG-1,0
0193345_GCCCGATGCCCAGTTC-1,1
0193345_GCCCGCGCGTAAACGG-1,6
0193345_GCCCGTAATACCTTCT-1,8
0193345_GCCCGTTCACACAATT-1,1
0193345_GCCCTAGCCGTCGCGA-1,1
0193345_GCCCTGAGGATGGGCT-1,6
0193345_GCCGACCCACGACTGC-1,14
0193345_GCCGATTGGCCAAGCT-1,6
0193345_GCCGCACTCCGTTTCA-1,8
0193345_GCCGCTAGATACGCAG-1,1
0193345_GCCGGGTTAGGGTCGC-1,6
0193345_GCCGGTCGTATCTCTC-1,14
0193345_GCCGGTTTGGGCGGAT-1,1
0193345_GCCGTCGGTTTCGGGC-1,0
0193345_GCCTATAGTGTCAGGG-1,0
0193345_GCCTATCAGGTAAGAT-1,1
0193345_GCCTATGCTGGGCCTT-1,1
0193345_GCCTATTTGCTACACA-1,18
0193345_GCCTCAGGTACCGGTC-1,0
0193345_GCCTCCGACAATTCAC-1,6
0193345_GCCTCTATACATAGCA-1,1
0193345_GCCTGCTACACTGAGA-1,6
0193345_GCCTTTGTCAGTGGAC-1,14
0193345_GCGAAACGATCGGGAG-1,1
0193345_GCGAAACTTAACTGGA-1,0
0193345_GCGAAGAATCTGACGG-1,6
0193345_GCGAAGCCATACCCGT-1,0
0193345_GCGACCCAACCATCTG-1,6
0193345_GCGACGATAGTTGTAC-1,18
0193345_GCGAGAGGCCATGTAA-1,6
0193345_GCGAGGCCCGAGCAGA-1,1
0193345_GCGAGTTCTGCAAAGA-1,1
0193345_GCGATTCTGGAAGCAG-1,1
0193345_GCGATTGTTAACGTTA-1,6
0193345_GCGCAAATATATTCAA-1,1
0193345_GCGCATCCAGTCAGCA-1,8
0193345_GCGCCGTTCCACGATA-1,8
0193345_GCGCCTCCCACTCCGA-1,6
0193345_GCGCGGTCTAGTAACT-1,8
0193345_GCGCGTCATTGGTACA-1,8
0193345_GCGCTAAGTATGCATG-1,6
0193345_GCGCTAATTGAATAGA-1,6
0193345_GCGCTATGCCGAGGCA-1,6
0193345_GCGCTGATCCAGACTC-1,14
0193345_GCGCTGCTTTGCATTT-1,0
0193345_GCGGACCGCGTTGTGG-1,0
0193345_GCGGAGAAACTTCGCA-1,6
0193345_GCGGAGAGGGAGAACG-1,0
0193345_GCGGATTACTTGTTCT-1,14
0193345_GCGGCAAAGTATTGCC-1,8
0193345_GCGGGCGAGCCTTACC-1,0
0193345_GCGGTCCCGGTGAAGG-1,6
0193345_GCGGTGAACTGCGCTC-1,1
0193345_GCGGTTCCCTATCATG-1,8
0193345_GCGTCCAGCTCGTGGC-1,8
0193345_GCGTCCCTAAGACATA-1,0
0193345_GCGTCGAAATGTCGGT-1,0
0193345_GCGTCGCCAGGGTGAT-1,1
0193345_GCGTCTCTGCATTGGG-1,0
0193345_GCGTGTATGTCGTATT-1,1
0193345_GCGTTCGGAGACCGGG-1,6
0193345_GCGTTCTGACTAAGCG-1,1
0193345_GCTAACTGAAGTCTGA-1,6
0193345_GCTAAGCCCAGTATGC-1,14
0193345_GCTAAGTAGTTTCTCT-1,6
0193345_GCTACGACTTATTGGG-1,0
0193345_GCTACTATAGTAGAGT-1,0
0193345_GCTACTCGGACGCAGA-1,0
0193345_GCTAGAGTAGAGATGT-1,6
0193345_GCTAGCACCTGGGCCA-1,0
0193345_GCTAGCAGGGAGTGGG-1,1
0193345_GCTAGCGATAGGTCTT-1,0
0193345_GCTAGCTTGAATAGCT-1,14
0193345_GCTAGGCACCACGGAG-1,0
0193345_GCTAGTAGAGCTTGTA-1,8
0193345_GCTATACGTCTCGGAC-1,1
0193345_GCTATCATACTCATGG-1,0
0193345_GCTCAATCCGTTTATT-1,1
0193345_GCTCAATGTAATACCG-1,6
0193345_GCTCATTACTGCATGT-1,6
0193345_GCTCCATGAGTGCAGA-1,1
0193345_GCTCCATGCAAAGCAA-1,14
0193345_GCTCCCAGTCGGTCCA-1,1
0193345_GCTCCGCTCGCTTCAG-1,8
0193345_GCTCCGGACGTTGATA-1,0
0193345_GCTCCTGACATACTGG-1,6
0193345_GCTCGACCGAACTGAA-1,16
0193345_GCTCGGAATTTAAAGC-1,6
0193345_GCTCTCGGGTACCGAA-1,1
0193345_GCTCTTTCCGCTAGTG-1,14
0193345_GCTGAAGGGTTCTTGG-1,6
0193345_GCTGAATCTTCCAATC-1,0
0193345_GCTGAGGCGTGAGTAT-1,1
0193345_GCTGCACGGTTTCTTA-1,1
0193345_GCTGCGAAGAATTATT-1,1
0193345_GCTGCTAAGTAGTCGA-1,0
0193345_GCTGCTACTGCGTAGC-1,0
0193345_GCTGCTCTCCGGACAC-1,1
0193345_GCTGGACCCAAAGTGG-1,6
0193345_GCTGGCGGCGCATGCT-1,0
0193345_GCTGGGAGCGCGTCAA-1,0
0193345_GCTGGTGACTCGTAGT-1,0
0193345_GCTGGTTTAGGCCATA-1,8
0193345_GCTGTATTACTGGCCC-1,1
0193345_GCTGTCTGTGATCGAC-1,1
0193345_GCTTAATGTAACTAAC-1,1
0193345_GCTTAGGGAAGCGGTA-1,1
0193345_GCTTCAGTGGGATTAC-1,1
0193345_GCTTCCATGTAACCGC-1,14
0193345_GCTTCCGTCCCTAGAC-1,1
0193345_GCTTCGACGTTCAATC-1,8
0193345_GCTTGAGTGACCTCTG-1,0
0193345_GCTTGCAGCACAATTG-1,8
0193345_GCTTGGATCGATTAGG-1,0
0193345_GCTTTCTATCTCAACT-1,0
0193345_GCTTTGCTGCCGGGTA-1,0
0193345_GGAAACAGAGCTTGGG-1,8
0193345_GGAAACCTTGTTGAAT-1,6
0193345_GGAAACTAAATGGGCC-1,6
0193345_GGAAAGTCTTGATTGT-1,8
0193345_GGAAAGTGCCCATGCC-1,8
0193345_GGAACCGTGTAAATTG-1,0
0193345_GGAACCTTGACTCTGC-1,0
0193345_GGAACTCGTGAATACG-1,0
0193345_GGAACTTTGGCGATTA-1,1
0193345_GGAAGATAAGACTGTA-1,1
0193345_GGAAGCTCGCTTACAG-1,0
0193345_GGAATAACCTCAAGAA-1,0
0193345_GGAATGCGCTAGCGTG-1,6
0193345_GGACAACCATGAAGCC-1,1
0193345_GGACAAGCCATGATCG-1,14
0193345_GGACACAAGTTTACAC-1,6
0193345_GGACCAACAGGATAAC-1,0
0193345_GGACCTACGGTAACGT-1,6
0193345_GGACCTCTAGGCCGCC-1,8
0193345_GGACGGCTTGCGCAAC-1,1
0193345_GGACGGGCGACCAACC-1,8
0193345_GGACGTCCATAGTTGG-1,6
0193345_GGACTCACAAATTAGG-1,8
0193345_GGACTCGAAGCTTTCA-1,0
0193345_GGACTCGACAGCGCAT-1,14
0193345_GGACTCGTGAGTGGTC-1,6
0193345_GGACTCTTCCGGTTGA-1,6
0193345_GGAGACCAATGTGCTT-1,6
0193345_GGAGACCATCTACATA-1,1
0193345_GGAGACGACACCTTTG-1,1
0193345_GGAGCAACATTTCAAG-1,8
0193345_GGAGCACCAAGAACTA-1,0
0193345_GGAGCGAGGCCTACTT-1,14
0193345_GGAGGATTGAAAGGAG-1,1
0193345_GGAGGCGAAGAACCGC-1,14
0193345_GGAGGGCTTGGTTGGC-1,1
0193345_GGAGGGTCAAGTAAGA-1,1
0193345_GGAGTTGATTCTGTGT-1,1
0193345_GGATACTCATGAATTG-1,6
0193345_GGATCAAAGGACGAGG-1,1
0193345_GGATCATCCCGTACGC-1,6
0193345_GGATCTACCGTTCGTC-1,0
0193345_GGATCTTACTGCCCTT-1,6
0193345_GGATCTTGACTCAACC-1,1
0193345_GGATGAAGATCGCTGA-1,0
0193345_GGATGACGCGAGTTTA-1,0
0193345_GGATGGCTTGAAGTAT-1,0
0193345_GGATTAAGCTAAGGTC-1,0
0193345_GGATTCCGCTATACCC-1,8
0193345_GGATTGAAGTAGCCTC-1,14
0193345_GGATTGCTGTGACTCC-1,1
0193345_GGATTTCACTTCTATA-1,6
0193345_GGCAAAGGCGCCAATA-1,1
0193345_GGCAAATTACTTTACT-1,6
0193345_GGCAAGCCAGGGATAG-1,6
0193345_GGCAAGCCCATAGTGG-1,6
0193345_GGCAAGGCGAAATAGC-1,0
0193345_GGCAATAGTCAATGAG-1,0
0193345_GGCACGCTGCTACAGT-1,1
0193345_GGCACTCAGCCGACCC-1,0
0193345_GGCACTCCACTGGGCA-1,6
0193345_GGCAGCAAACCTATGC-1,1
0193345_GGCAGCGGTAATCCTA-1,6
0193345_GGCATATCGGTTCTGC-1,6
0193345_GGCATCAACGAGCACG-1,8
0193345_GGCCAATTGTATAGAC-1,0
0193345_GGCCCAATCTAGAGGG-1,0
0193345_GGCCCAGTTATCAGCA-1,0
0193345_GGCCCGTATACCATGC-1,6
0193345_GGCCGAGACTCTGGTG-1,6
0193345_GGCCGCAGGAACCGCA-1,8
0193345_GGCCGGCGTCTGCTAT-1,1
0193345_GGCCGTTTGGGTTTCA-1,1
0193345_GGCCTGCTTCTCCCGA-1,8
0193345_GGCGAAATCTAACTTG-1,6
0193345_GGCGCACAGTTTACCT-1,0
0193345_GGCGCATGAATTGATG-1,0
0193345_GGCGCGGAGATCTTTC-1,1
0193345_GGCGCGTTCGAGTTTA-1,0
0193345_GGCGCTTCATTCCCTG-1,6
0193345_GGCGGAGTAATATTAG-1,0
0193345_GGCGGTAGGATCATTG-1,1
0193345_GGCGTAGGGAAAGCTG-1,1
0193345_GGCTAAAGGGCGGGTC-1,1
0193345_GGCTAATGATTGAAAT-1,0
0193345_GGCTACTATACACTCC-1,0
0193345_GGCTCCTCCACCTGTT-1,0
0193345_GGCTCGCGTTGAGGTA-1,1
0193345_GGCTCTGCTCCAACGC-1,1
0193345_GGCTGAAATAGCAAAG-1,1
0193345_GGCTGAGCATCGTAAG-1,1
0193345_GGCTTTCAATAAGGGT-1,8
0193345_GGGAACCACCTGTTTC-1,0
0193345_GGGAACGGTTTCAGAT-1,0
0193345_GGGAAGACGGTCTGTC-1,1
0193345_GGGAATGAGCCCTCAC-1,1
0193345_GGGACAGAGTTACTCC-1,14
0193345_GGGACCCGTATATCTT-1,1
0193345_GGGACTGCATAGATAG-1,0
0193345_GGGAGAACTCACAGTA-1,0
0193345_GGGAGGATGCCCGAAA-1,8
0193345_GGGAGTTAATGAGGCG-1,14
0193345_GGGATATTGATCGCCA-1,0
0193345_GGGATCCCAATACAAA-1,6
0193345_GGGATGGACCCGCGTC-1,8
0193345_GGGATGGTCGTAACCG-1,1
0193345_GGGATTTACCGCACCT-1,6
0193345_GGGCAACCGCACGTGC-1,1
0193345_GGGCACGTAGTACTGT-1,0
0193345_GGGCACTATTGACCAT-1,0
0193345_GGGCAGAGCAATCGTT-1,1
0193345_GGGCAGGATTTCTGTG-1,18
0193345_GGGCATGCATGTCGAG-1,6
0193345_GGGCCATTCGTGCTGG-1,1
0193345_GGGCCCGTCTTAAACA-1,1
0193345_GGGCCTATACAACCGG-1,8
0193345_GGGCCTATTTAAGTAT-1,6
0193345_GGGCGATATGTGTGAA-1,0
0193345_GGGCGATCCATAGGCC-1,1
0193345_GGGCGGCAAATGAATT-1,0
0193345_GGGCGGGTTCCCTACG-1,1
0193345_GGGCGTCACCACGTAA-1,0
0193345_GGGCGTCCACTGGCTC-1,8
0193345_GGGCGTGGTTTCCCAG-1,8
0193345_GGGCGTTTACATTCAT-1,0
0193345_GGGCTATGATCGATGG-1,0
0193345_GGGCTCATCGAACCCA-1,0
0193345_GGGCTGCCTAGGGCGA-1,0
0193345_GGGCTGGTTAGTCGCG-1,6
0193345_GGGTATTCTAGCAAAC-1,1
0193345_GGGTCACCGTGACGGT-1,8
0193345_GGGTCACGTGCTTATG-1,8
0193345_GGGTCACTGAGTAGTG-1,1
0193345_GGGTCAGGAGCTAGAT-1,14
0193345_GGGTCCTTGGAAGAAG-1,0
0193345_GGGTCGTGGCAAGTGT-1,0
0193345_GGGTCTATCGCTTTCC-1,0
0193345_GGGTGACACCTTAACT-1,0
0193345_GGGTGGTCCAGCCTGT-1,0
0193345_GGGTGTTTCAGCTATG-1,0
0193345_GGGTTAACATTTGAGT-1,0
0193345_GGGTTTAGGATAGGAT-1,0
0193345_GGTAAACTCTGCGCTG-1,1
0193345_GGTAAATGTGCGTTAC-1,6
0193345_GGTAACCGGGAGGATA-1,0
0193345_GGTACAAACATGCTAT-1,6
0193345_GGTACACCAGATTTAT-1,6
0193345_GGTACCATTAAGACGG-1,0
0193345_GGTACTAAGTGCTTTG-1,14
0193345_GGTAGAAGACCGCCTG-1,1
0193345_GGTAGACCGTTGGGCG-1,1
0193345_GGTAGTGCTCGCACCA-1,1
0193345_GGTATTGCCGAGTTTA-1,0
0193345_GGTCAAGACTACTTCG-1,1
0193345_GGTCAGTGGGTCCCAC-1,1
0193345_GGTCATTGTAGTCATA-1,8
0193345_GGTCCACGTCTATTTG-1,6
0193345_GGTCCCATAACATAGA-1,8
0193345_GGTCGGATAAACGGCG-1,1
0193345_GGTCGGCCAGGAGCTT-1,0
0193345_GGTCGGTCGTCCACAG-1,0
0193345_GGTCGTAAGCTCGCAC-1,8
0193345_GGTCTCCAAGTAGTGC-1,0
0193345_GGTCTCCGTCCAGGTT-1,0
0193345_GGTCTCTGAATGGACT-1,1
0193345_GGTCTGAGAATCTGGA-1,1
0193345_GGTCTTGAGCGCTCTT-1,6
0193345_GGTGAAACCGGGAATG-1,1
0193345_GGTGAAGTACAGGGAT-1,6
0193345_GGTGACTGATAGAGAG-1,0
0193345_GGTGATAAGGAGCAGT-1,0
0193345_GGTGCAGAGCCTATCG-1,1
0193345_GGTGCATAAATGATTA-1,14
0193345_GGTGCTGGTACACATT-1,1
0193345_GGTGGACCACGTGTTA-1,8
0193345_GGTGGACTGCTCTGGC-1,1
0193345_GGTGGAGGTTGATACG-1,6
0193345_GGTGGGATTAGGTCCC-1,0
0193345_GGTGTAAATCGATTGT-1,8
0193345_GGTGTAGGTAAGTAAA-1,8
0193345_GGTGTTCTGTTTCTAC-1,0
0193345_GGTGTTGGGCGTCTTA-1,0
0193345_GGTTACCACCCTCGGG-1,0
0193345_GGTTACCGCTCCCTAC-1,8
0193345_GGTTAGCTATATGTCT-1,1
0193345_GGTTAGGCTTGGAGAA-1,14
0193345_GGTTAGGGATGCTAAT-1,0
0193345_GGTTCCACCCGCTTCT-1,1
0193345_GGTTCCCTAGTGTCTC-1,1
0193345_GGTTCCGTACGACTAA-1,0
0193345_GGTTCGATGCTGAGTT-1,0
0193345_GGTTCGCATTTGCCGT-1,14
0193345_GGTTGTATCGTGAAAT-1,1
0193345_GGTTTAATTACCATCG-1,1
0193345_GGTTTAATTGAGCAGG-1,6
0193345_GGTTTACAATCTCAAT-1,6
0193345_GGTTTAGCCTTTCTTG-1,0
0193345_GGTTTGACAAGAAGCT-1,0
0193345_GGTTTGTGACCTGAGG-1,8
0193345_GTAACAACTGACCTTG-1,6
0193345_GTAACATCAGCTCATC-1,1
0193345_GTAACATCTAAGATAA-1,8
0193345_GTAACTACGTAGACCT-1,0
0193345_GTAACTGCCCAAGGAG-1,14
0193345_GTAAGCGGGCAGTCAG-1,6
0193345_GTAAGGATTTGTCGGA-1,1
0193345_GTAAGTAACAGTCTGG-1,1
0193345_GTAAGTCCACACTCTA-1,6
0193345_GTAATCTGATTCTTCG-1,0
0193345_GTACACTTACCTGAAG-1,0
0193345_GTACGCTTCATTGCAC-1,0
0193345_GTACGTCACGTATTAA-1,6
0193345_GTACGTTTGCCCGTCA-1,0
0193345_GTACTCCTGGGTATGC-1,0
0193345_GTACTGAGGTCGTAAC-1,6
0193345_GTACTGGAGTTAGACC-1,8
0193345_GTAGACAACCGATGAA-1,8
0193345_GTAGACACGCCTGACT-1,8
0193345_GTAGAGGGAGACAAGT-1,0
0193345_GTAGCCAAACATGGGA-1,0
0193345_GTAGCGCTGTTGTAGT-1,0
0193345_GTAGCGGCTATACACT-1,8
0193345_GTAGCTAGTAAGCGCG-1,1
0193345_GTAGCTCCGGGAGGCT-1,8
0193345_GTAGCTTCCTCTTGTT-1,6
0193345_GTAGGTGATCCGTGTA-1,8
0193345_GTAGTCGCGGGAATCA-1,1
0193345_GTAGTCTACGATATTG-1,0
0193345_GTAGTTAGACAATATA-1,14
0193345_GTAGTTCGAAGGCGAA-1,6
0193345_GTAGTTTAAGCACACG-1,0
0193345_GTATAGGACTCAGTAG-1,8
0193345_GTATAGTGGCCCATGT-1,1
0193345_GTATCAAACGTTAGCT-1,8
0193345_GTATCCTTTGGTAACC-1,8
0193345_GTATCTCAGTCTTGAC-1,0
0193345_GTATCTCCCTAACTGT-1,0
0193345_GTATCTCGGGCGCTTT-1,1
0193345_GTATCTTGTTGCTCAC-1,1
0193345_GTATCTTTCATAACCA-1,0
0193345_GTATGAAATTTCACTC-1,6
0193345_GTATTAGGGTTCGCGT-1,8
0193345_GTATTCTGAGAAACGA-1,1
0193345_GTATTTAATGGCATAA-1,6
0193345_GTCAAAGAAGTGGTGT-1,1
0193345_GTCAACCAGGCCTATA-1,0
0193345_GTCAAGCGGACTCGGG-1,1
0193345_GTCAATGCTATAATTT-1,8
0193345_GTCACAAAGTTTCCAA-1,1
0193345_GTCACCTGTCTATGTC-1,14
0193345_GTCACTCATGAGCGAT-1,1
0193345_GTCAGTTGTGCTCGTT-1,8
0193345_GTCATCCCAAACTCAC-1,1
0193345_GTCATGCACCTCCGTT-1,1
0193345_GTCATGGACATGACTA-1,1
0193345_GTCATTAGAGCGAACG-1,1
0193345_GTCCAATATTTAGCCT-1,14
0193345_GTCCACGTCGCATTCG-1,0
0193345_GTCCAGGCACGTGTGC-1,8
0193345_GTCCATTACTGCTACG-1,8
0193345_GTCCCAACGTAAAGTA-1,1
0193345_GTCCCGCGACGTTATG-1,0
0193345_GTCCGGACCTGAAATT-1,6
0193345_GTCCTACGAATAGTCT-1,1
0193345_GTCCTAGGATACCTTA-1,8
0193345_GTCCTTCTAGTGGGTT-1,6
0193345_GTCCTTTAATGACTTC-1,1
0193345_GTCGAATTTGGGCGCT-1,1
0193345_GTCGATAGGTGACTTT-1,1
0193345_GTCGCCGTTGTGTGTT-1,14
0193345_GTCGCGTAACCCGTTG-1,1
0193345_GTCGGAAGGATACCAG-1,1
0193345_GTCGGATGTAGCGCGC-1,6
0193345_GTCGGGAAGCAGAAAC-1,8
0193345_GTCGTACCATCTCGGG-1,0
0193345_GTCGTATTGGCGTACA-1,0
0193345_GTCGTTATTCGCTTAT-1,1
0193345_GTCTAAGATGCCCAGC-1,0
0193345_GTCTAGTGAGCCGCTT-1,0
0193345_GTCTATCTGAGTTTCT-1,1
0193345_GTCTATTGCATGCTCG-1,0
0193345_GTCTATTGGTTCCGGT-1,1
0193345_GTCTCAAGGCCCGGCT-1,0
0193345_GTCTCCCGAGTCCCGT-1,14
0193345_GTCTCCGCCTCAATAC-1,1
0193345_GTCTCCTGCCAGTATG-1,0
0193345_GTCTCGACTAAGTTTG-1,0
0193345_GTCTCGATCTGCTTTC-1,1
0193345_GTCTCGCCAACACGCC-1,1
0193345_GTCTGGGCGGTCGAGA-1,6
0193345_GTCTGTAGGTTGAACA-1,0
0193345_GTCTTAGTACAGCCGG-1,1
0193345_GTCTTGTAGCTATTCA-1,0
0193345_GTGAAACGGCGCCACC-1,0
0193345_GTGAACTCCCATTCGA-1,0
0193345_GTGAAGATTTCAAGTG-1,6
0193345_GTGAAGCCGTATAGTC-1,6
0193345_GTGACAGCTTCCCACT-1,1
0193345_GTGACGCAGGTTTCAT-1,1
0193345_GTGACTTCAGTAGTGC-1,0
0193345_GTGAGATAACCTTATA-1,8
0193345_GTGAGGACACTTAAGG-1,0
0193345_GTGAGGAGCGGTTGAG-1,8
0193345_GTGAGTGGTACAACGC-1,1
0193345_GTGATCAAGCGTGCAC-1,1
0193345_GTGATCACTAACGCCT-1,0
0193345_GTGATCATAGATCTGC-1,1
0193345_GTGATCCTTGTCATGA-1,1
0193345_GTGATGCACAACATCT-1,6
0193345_GTGATTCGCCGCTCAA-1,8
0193345_GTGCAACAAATGTGGC-1,1
0193345_GTGCACCAGCTTCAAC-1,0
0193345_GTGCACGAAAGTGACT-1,8
0193345_GTGCAGCGTAGAGTAG-1,6
0193345_GTGCCAAACGTTTCGA-1,0
0193345_GTGCCATCACACGGTG-1,1
0193345_GTGCCGCTTCAAAGGT-1,6
0193345_GTGCCTCAGTGTACGG-1,1
0193345_GTGCGAAATCGAACAC-1,6
0193345_GTGCGCTTACAAATGA-1,0
0193345_GTGCTCAAGTACTGTC-1,1
0193345_GTGCTTACATCAGCGC-1,0
0193345_GTGGAACCTACATGCG-1,6
0193345_GTGGACGCATTTGTCC-1,8
0193345_GTGGAGCGTTTACCGA-1,6
0193345_GTGGAGTCGGCGGTTG-1,0
0193345_GTGGCAAACAGCGGCA-1,18
0193345_GTGGCCGGTTTCTCGG-1,0
0193345_GTGGCGTGCACCAGAG-1,0
0193345_GTGGGAACAAACCGGG-1,0
0193345_GTGGTATAGTCTGCCG-1,8
0193345_GTGGTCAGCGAAGTAT-1,1
0193345_GTGGTGATGGTTTGTG-1,1
0193345_GTGGTGGCCAAGTGAA-1,0
0193345_GTGGTTTCCGCCTTTC-1,1
0193345_GTGTACCTTGGCTACG-1,8
0193345_GTGTACGAACCGTTCC-1,1
0193345_GTGTATATCAGCGGGC-1,1
0193345_GTGTCAGTGTACGTGG-1,14
0193345_GTGTCCGATAAGGCAT-1,14
0193345_GTGTCGTATAGCGTTC-1,14
0193345_GTGTCGTATTCACCTT-1,1
0193345_GTGTGAATAACTTAGG-1,1
0193345_GTGTGAGCCGAGGTGC-1,0
0193345_GTGTTACTATGCGTCC-1,1
0193345_GTTAAAGTAGGACTGG-1,1
0193345_GTTAACATCACTTAAA-1,6
0193345_GTTAACTATGTTGTCA-1,0
0193345_GTTAAGGGTGCGATGT-1,8
0193345_GTTACCTACAACTTGC-1,0
0193345_GTTACGAAATCCACGC-1,0
0193345_GTTACTTTGGGCCTAG-1,6
0193345_GTTAGAGTGTGCCGCT-1,14
0193345_GTTAGCCCATGACATC-1,1
0193345_GTTAGGCTACCCGTTT-1,0
0193345_GTTATAATACGGTGAA-1,6
0193345_GTTATATCAGGAGCCA-1,6
0193345_GTTATATTATCTCCCT-1,0
0193345_GTTATCAAGCTATCGA-1,0
0193345_GTTATCACCTTCTGAA-1,1
0193345_GTTATTAAATACGACC-1,6
0193345_GTTCAATCTATGTCAA-1,1
0193345_GTTCAGTCGCCAAATG-1,1
0193345_GTTCCAAGACAGCGAC-1,0
0193345_GTTCCAGTCTGACCAT-1,0
0193345_GTTCCCGTAAACATAT-1,0
0193345_GTTCCGTCCGCCTGCA-1,1
0193345_GTTCGACAATTGTATA-1,1
0193345_GTTCGCCATAAGTGCC-1,1
0193345_GTTCGCTGAGACGTCT-1,6
0193345_GTTCGGAGCACTCAAC-1,8
0193345_GTTCGGATCGGGAACA-1,1
0193345_GTTCGTCTAAAGAACT-1,0
0193345_GTTCGTCTGGGTCCCT-1,6
0193345_GTTCGTTGCGGACCAG-1,18
0193345_GTTCTTCCCTCGATGT-1,0
0193345_GTTGAACCGGTTCCAT-1,0
0193345_GTTGAGTCCCGCCGGT-1,6
0193345_GTTGCAGTCGACAACA-1,0
0193345_GTTGCCCTAACGGGTG-1,18
0193345_GTTGCGGACGGTCAGG-1,1
0193345_GTTGGACCGCATCAGG-1,6
0193345_GTTGGATTCAGTGGCT-1,14
0193345_GTTGGATTGAGAACAC-1,8
0193345_GTTGGATTTGCGTTGG-1,8
0193345_GTTGGTCATGCTATCC-1,0
0193345_GTTGTAGATTTATGAG-1,6
0193345_GTTGTTACATTGCGCT-1,18
0193345_GTTGTTGCAAGATGGC-1,0
0193345_GTTTACGTTCCATCTG-1,0
0193345_GTTTCAAACGAGTTGT-1,1
0193345_GTTTCTGCAGTCTCCC-1,1
0193345_GTTTCTTGTTAGAGCT-1,14
0193345_GTTTGACCAAATCCTA-1,0
0193345_GTTTGGCCCAAGTTAT-1,1
0193345_GTTTGGCGTCAGGCAC-1,0
0193345_GTTTGGGCTTGTGAGC-1,0
0193345_GTTTGGGTTTCGCCCG-1,0
0193345_GTTTGGTAGGGTCAAC-1,1
0193345_GTTTGGTGATCGGTGC-1,0
0193345_TAAACCCAGGAGGGCA-1,8
0193345_TAAAGAGCCCGAAACC-1,1
0193345_TAAAGCGGTATTTCCA-1,1
0193345_TAAAGCTGCAATAGGG-1,14
0193345_TAAAGGAGAAACTAGT-1,0
0193345_TAAAGTGCACGTCTCG-1,0
0193345_TAAATCTTTACACCTC-1,6
0193345_TAAATGCCGTCTCATG-1,1
0193345_TAAATGGGCTACTGAG-1,0
0193345_TAAATTTAGTAACACC-1,0
0193345_TAACAGCGTTTGTGCT-1,6
0193345_TAACATACAATGTGGG-1,8
0193345_TAACATACACGCGATC-1,8
0193345_TAACCGCCCGCAGTGC-1,1
0193345_TAACCTAGGGAGTCCA-1,1
0193345_TAACTCATCCGCGCGG-1,8
0193345_TAACTGAAATACGCCT-1,1
0193345_TAAGAGGGACAGGGAC-1,1
0193345_TAAGATTTAGCGGGAG-1,0
0193345_TAAGCCCTTACGACCA-1,6
0193345_TAAGCGCGAATCAAAT-1,0
0193345_TAAGGCAACATAAGAT-1,14
0193345_TAAGGCATAACATCAA-1,0
0193345_TAAGGCCCGTCACCCT-1,6
0193345_TAAGGCTGAATCCCTC-1,0
0193345_TAAGGGCCTGTCCGAT-1,0
0193345_TAAGTAAATGTGCCGC-1,0
0193345_TAAGTAACATCTTGAC-1,1
0193345_TAAGTCGCCGAGTATC-1,6
0193345_TAAGTGAATAGTCTAC-1,18
0193345_TAAGTTGCGACGTAGG-1,1
0193345_TAATAAACAAGGAGAT-1,8
0193345_TAATACACAGTAGTAT-1,1
0193345_TAATAGAACAGAGTTA-1,8
0193345_TAATAGCTAAATGATG-1,0
0193345_TAATAGGTCACCAGAA-1,0
0193345_TAATAGTGACGACCAG-1,0
0193345_TAATCAACCAAATGGG-1,8
0193345_TAATCAGGAATGCTGC-1,0
0193345_TAATCGATCCGTACGT-1,0
0193345_TAATGTCGGTTCATGG-1,6
0193345_TAATTAGGACATCCGT-1,0
0193345_TAATTCCAATGCTTCA-1,0
0193345_TAATTGCGCTGATTAC-1,1
0193345_TAATTGGAATCGGGAA-1,6
0193345_TACAAATTGCGGAGGT-1,0
0193345_TACAACAGCGCATACA-1,1
0193345_TACAACGCACAACTCA-1,8
0193345_TACAATGAAACCAGCA-1,1
0193345_TACACCGTCGTTAGTC-1,0
0193345_TACAGAAACGGTGGGC-1,1
0193345_TACATAGGCATACACC-1,14
0193345_TACATGCCGGAATTGT-1,1
0193345_TACATTTCTAACGTGC-1,0
0193345_TACCAAATAGCCCAGA-1,8
0193345_TACCAATAAAGTACCA-1,8
0193345_TACCAGAAGTAGGTTC-1,0
0193345_TACCAGGAATCCCGTC-1,1
0193345_TACCATGTATTGATTT-1,6
0193345_TACCCTCGGTAACCCT-1,0
0193345_TACCGCGGACTTGCAG-1,1
0193345_TACCGGCTCACTGCCC-1,0
0193345_TACCGGTCGTTTCCAT-1,1
0193345_TACCGTAGGTTAACTA-1,0
0193345_TACCGTGCCTCGGACC-1,0
0193345_TACCTACTCCCAGTAT-1,6
0193345_TACCTCACGCTTGTAC-1,8
0193345_TACCTCAGTTGTCTGT-1,1
0193345_TACCTCCACACCAATG-1,1
0193345_TACCTCTTTACCATCC-1,0
0193345_TACCTTAAGATTTCCC-1,1
0193345_TACGAACACGACTTCA-1,14
0193345_TACGACGCTTGCTGCG-1,0
0193345_TACGACTGCCTCTTAG-1,0
0193345_TACGATCCAAGCCACT-1,1
0193345_TACGCAGTTCTTTCCT-1,6
0193345_TACGCCATATTCTAAT-1,6
0193345_TACGCCGAGGGTACCC-1,1
0193345_TACGCCTCCATTCCGA-1,0
0193345_TACGCTCCTAGAACTG-1,0
0193345_TACGCTCGGTATTGGA-1,6
0193345_TACGCTGATAGTTGTA-1,8
0193345_TACGCTGCTGTGTTAA-1,1
0193345_TACGGCATGGACGCTA-1,8
0193345_TACGGGATGCTAGCAG-1,6
0193345_TACGTAAAGCGGAGTG-1,6
0193345_TACGTACTAGTGCTGA-1,0
0193345_TACTATGGTTCCTCAG-1,0
0193345_TACTCCTCTAGTTGAC-1,6
0193345_TACTCTCCGAACAAAT-1,6
0193345_TACTCTTACTTTACTG-1,0
0193345_TACTCTTTCGTCTTCA-1,1
0193345_TACTGAACAGATTTAG-1,8
0193345_TACTGAGGGAAGAAAG-1,0
0193345_TACTGCAATCAATTAC-1,0
0193345_TACTGTTTCTCTGGTA-1,0
0193345_TACTTAAACATGTACA-1,6
0193345_TACTTTACTGAGCCGG-1,0
0193345_TACTTTCCGCACGCCA-1,0
0193345_TAGAAACCACTAAGTA-1,0
0193345_TAGAAAGGTGGCGCTA-1,6
0193345_TAGAAGAAGGGTTACA-1,1
0193345_TAGAATTAAGGGCAAC-1,14
0193345_TAGACGAAACGCCAAT-1,6
0193345_TAGACTCAGTTGGCCT-1,8
0193345_TAGAGCTACGAAGAAC-1,8
0193345_TAGAGGTTCTACTTGT-1,1
0193345_TAGAGTCTAAGCGAAC-1,0
0193345_TAGAGTGTTCCGGGTA-1,1
0193345_TAGATATGGACTGGAA-1,6
0193345_TAGATCCGAAGTCGCA-1,1
0193345_TAGATGGTTCCTTACT-1,1
0193345_TAGATTCAAAGTGCGG-1,0
0193345_TAGCAGTAAATACGCG-1,0
0193345_TAGCAGTATGACTAAA-1,0
0193345_TAGCCATTTCAAAGTC-1,6
0193345_TAGCGTCCCTCGATTG-1,0
0193345_TAGCGTCCGGTGTGGT-1,6
0193345_TAGCGTTGGGTCTTAC-1,8
0193345_TAGCTAAGTCCGGGAG-1,8
0193345_TAGCTAGAAGGCATGA-1,6
0193345_TAGCTAGTGATGATGG-1,0
0193345_TAGCTCAGATCCTAGT-1,0
0193345_TAGCTCGCCTGATAAC-1,8
0193345_TAGGAACAGCCTCCAG-1,6
0193345_TAGGCATGTTACGCCA-1,1
0193345_TAGGCCTATATAGTCT-1,0
0193345_TAGGCGATGAGGTCTC-1,0
0193345_TAGGCGGCTGCAAAGA-1,0
0193345_TAGGCTAAAGTGGCAC-1,0
0193345_TAGGGAGCTTGGGATG-1,6
0193345_TAGGTGACGATAACCT-1,8
0193345_TAGGTGCTCGCCTAGC-1,0
0193345_TAGGTGTTCCACAGAT-1,8
0193345_TAGGTTCGAGTTCGTC-1,6
0193345_TAGGTTCTGCTGAGAA-1,6
0193345_TAGTACCACAACTTTC-1,8
0193345_TAGTAGCTTATACCAG-1,1
0193345_TAGTCCCGGAGACCAC-1,16
0193345_TAGTCCGCAGAGAATG-1,6
0193345_TAGTCCTGCACTAAGC-1,0
0193345_TAGTCGATCACGGGTT-1,0
0193345_TAGTCTAACAACGAGA-1,0
0193345_TAGTCTGCGGCACATT-1,1
0193345_TAGTCTGTGACGTTGC-1,0
0193345_TAGTCTTTCCGAATTG-1,0
0193345_TAGTGCCCTCCAGAGT-1,14
0193345_TAGTGGAACTCATACA-1,8
0193345_TAGTTAAGATAGGATA-1,1
0193345_TAGTTTATTCTTGCTT-1,1
0193345_TAGTTTGATCGGTCGC-1,0
0193345_TATACACAGACGCCTT-1,1
0193345_TATACCGAGTGCCACA-1,8
0193345_TATACGCGTCATCACT-1,6
0193345_TATAGAGTCGCTTGAA-1,0
0193345_TATAGTTAGGTGTACT-1,0
0193345_TATATAGGGCTTTACG-1,6
0193345_TATATATCGAGAAATG-1,1
0193345_TATATCAAAGTGATCT-1,0
0193345_TATATTACAAATGTCG-1,6
0193345_TATATTCGCGTCGATA-1,1
0193345_TATCACAGCACGGGCA-1,18
0193345_TATCACCATGTAAAGT-1,0
0193345_TATCACCCAACCGACC-1,0
0193345_TATCACTTCGAGTAAC-1,6
0193345_TATCAGTGGCGTAGTC-1,1
0193345_TATCCAATTGGTTATC-1,6
0193345_TATCCATCTCGGTTAG-1,1
0193345_TATCCGCACCGTCGGG-1,1
0193345_TATCCTATCAACTGGT-1,6
0193345_TATCCTGCATGGGAAT-1,0
0193345_TATCGATCTATGCATA-1,0
0193345_TATCTACCACAGCGGG-1,6
0193345_TATCTGAGCCGATATT-1,14
0193345_TATCTTGCAATACAAC-1,8
0193345_TATGAAGAATTAAGGT-1,6
0193345_TATGATAAATCTAACG-1,1
0193345_TATGATCTTCTCTTTA-1,6
0193345_TATGCTCCCTACTTAC-1,0
0193345_TATGGGACCGAGCAGG-1,1
0193345_TATGGGTACGTATCGT-1,1
0193345_TATGGTCTGAGTAACA-1,18
0193345_TATGGTTAGTGGGAGA-1,0
0193345_TATGTAAAGTGCTTAA-1,14
0193345_TATGTAGAAACCCGGC-1,6
0193345_TATGTCAAGACCGACT-1,14
0193345_TATGTCTCATTGTGCC-1,14
0193345_TATTAACACCAAAGCA-1,8
0193345_TATTAACCTGACCGCG-1,14
0193345_TATTATGTTTGCCTGC-1,1
0193345_TATTCAATTCTAATCC-1,1
0193345_TATTCCACTCAGCTCG-1,8
0193345_TATTCCGAGCTGTTAT-1,6
0193345_TATTCCGGCAGTCCTA-1,0
0193345_TATTCCTCCGCCCACT-1,1
0193345_TATTCGTGCCAGAATA-1,1
0193345_TATTGCCGGGCTTGTA-1,8
0193345_TATTTAGTCTAGATCG-1,1
0193345_TATTTATACCGAGTAG-1,6
0193345_TATTTGATTTGCACAG-1,1
0193345_TCAAACAACCGCGTCG-1,0
0193345_TCAAACAATTAGGACA-1,1
0193345_TCAAACTTAGATTGTT-1,0
0193345_TCAAAGTCACGGCGTC-1,0
0193345_TCAAATTGTTGTGCCG-1,1
0193345_TCAAATTTGAGACTCA-1,1
0193345_TCAACAAAGATAATTC-1,1
0193345_TCAACATAGCGCCCTA-1,14
0193345_TCAACCATGTTCGGGC-1,0
0193345_TCAACGAGGAGACAAA-1,0
0193345_TCAACGCAGGAAATAA-1,1
0193345_TCAACTGCAGAGTCAG-1,6
0193345_TCAAGGTTACTACACC-1,1
0193345_TCAATACGCCGTCATG-1,6
0193345_TCAATCCGGGAAGTTT-1,14
0193345_TCACAAACCGAGGTAC-1,0
0193345_TCACAGCAAACTCGAA-1,6
0193345_TCACAGGAGAATAAGA-1,1
0193345_TCACAGGGAATCGCAA-1,14
0193345_TCACAGGTTATTGGGC-1,1
0193345_TCACCCTCTTAAGATT-1,1
0193345_TCACCGCTCGGCACTC-1,0
0193345_TCACGATGTCCGTGGA-1,8
0193345_TCACGCATTGTAGATC-1,1
0193345_TCACGGCCCAAGAGAG-1,6
0193345_TCACGTGCCCGATTCA-1,8
0193345_TCACTACGACCAATGC-1,6
0193345_TCACTATCCCTTCGGT-1,14
0193345_TCACTCGTGCAACGGC-1,6
0193345_TCAGACGCTATAGAAG-1,0
0193345_TCAGAGTGTGAGCATG-1,0
0193345_TCAGCAAATGCATCTC-1,1
0193345_TCAGCAGTAGGCCCTG-1,0
0193345_TCAGCCAATCCGTAAA-1,6
0193345_TCAGCTTGAGCTTTCG-1,14
0193345_TCAGGGTGCACGAAAC-1,0
0193345_TCAGGGTGTAACGTAA-1,1
0193345_TCAGGTTCTTTGAGAA-1,8
0193345_TCAGTACTGACCCGCG-1,14
0193345_TCAGTAGGGACTATAA-1,0
0193345_TCAGTGTATACGTCAT-1,0
0193345_TCAGTTACGGAATGAT-1,1
0193345_TCATAAGTCCAAGAAG-1,0
0193345_TCATATGAGCTTTGTT-1,1
0193345_TCATCCATCTGATCAC-1,8
0193345_TCATCCCAGAGGGTGG-1,0
0193345_TCATCGATGGTCCCAA-1,0
0193345_TCATGAAGCGCTGCAT-1,0
0193345_TCATGCAGGTTCTCAT-1,0
0193345_TCATTCGTATAATTTG-1,18
0193345_TCATTTAGAAGTGTGA-1,6
0193345_TCCAACTTTAAATTCT-1,0
0193345_TCCAAGCCTAGACACA-1,1
0193345_TCCAATAAAGGCTACC-1,14
0193345_TCCAATGCGTCGCCGC-1,1
0193345_TCCACATCGTATATTG-1,1
0193345_TCCACCAAGACATAGG-1,14
0193345_TCCACCTCTAGCCTTT-1,16
0193345_TCCACTTTATCTAGGT-1,14
0193345_TCCAGAGCACCGGTTC-1,8
0193345_TCCAGATGTACGCCAA-1,0
0193345_TCCAGCGCTATAAGCG-1,0
0193345_TCCAGGCAGGACGATC-1,14
0193345_TCCAGGCGAGTACGGT-1,1
0193345_TCCAGGGTATATACGA-1,6
0193345_TCCATCAATACTAATC-1,0
0193345_TCCATTAGTTGGATAG-1,18
0193345_TCCATTGTGACCTCGT-1,14
0193345_TCCCAAACAGACAACG-1,8
0193345_TCCCAAACATCCTCTA-1,0
0193345_TCCCAAAGACGAAGGA-1,0
0193345_TCCCACGGAGGGAGCT-1,1
0193345_TCCCAGCACACGACAT-1,0
0193345_TCCCAGCTTTAGTCTG-1,1
0193345_TCCCAGGCTTAGCTAA-1,1
0193345_TCCCGCGTACTCCTGG-1,1
0193345_TCCCGTCAGTCCCGCA-1,1
0193345_TCCCGTGTGCAATTTG-1,0
0193345_TCCCTCTTCTCAAGGG-1,8
0193345_TCCCTGGCGTATTAAC-1,14
0193345_TCCCTTAGATTACTCG-1,14
0193345_TCCCTTGTCTGAAACT-1,0
0193345_TCCGAACGTTGCCGCT-1,6
0193345_TCCGAAGTAGTCACCA-1,8
0193345_TCCGACCGCTAATCAA-1,0
0193345_TCCGATAATTGCCATA-1,1
0193345_TCCGATGACTGAGCTC-1,1
0193345_TCCGATGGTGCGACAT-1,0
0193345_TCCGCCTGTCTACAAG-1,1
0193345_TCCGCGGCCCAATGAA-1,0
0193345_TCCGCTGGGTCGATCG-1,0
0193345_TCCGCTGTCATCCCGG-1,14
0193345_TCCGCTTATCCCATTA-1,0
0193345_TCCGGAGGAAGGGCTG-1,6
0193345_TCCGGCCTAGCGTACA-1,0
0193345_TCCGGCCTGCATCGAT-1,1
0193345_TCCGGCTGTCGGGTCG-1,0
0193345_TCCGGGCCACTAACGG-1,0
0193345_TCCGGGCTTGACGGGA-1,0
0193345_TCCGGTTCGTCCGGTC-1,16
0193345_TCCGTTAAGCTAATAT-1,1
0193345_TCCGTTTAGCCTTGAA-1,14
0193345_TCCTAAATTGGGAAGC-1,6
0193345_TCCTAACCGTCGGGCA-1,8
0193345_TCCTACATCCACGGCC-1,1
0193345_TCCTAGCAAAGAAGCT-1,0
0193345_TCCTATCATAGGTAAC-1,6
0193345_TCCTCCTAAGACATTC-1,0
0193345_TCCTCGGGCTGGGCTT-1,1
0193345_TCCTCTACGAGATGGC-1,6
0193345_TCCTCTGGCCCATTAG-1,1
0193345_TCCTGCCAACTGGAGA-1,6
0193345_TCCTGGCGCTGCCTGG-1,0
0193345_TCCTTACGACGGTCCG-1,0
0193345_TCCTTCAGTGGTCGAA-1,6
0193345_TCCTTGTCCTTTAATT-1,6
0193345_TCCTTTCTTACGCTTA-1,1
0193345_TCGAAATTTAGGACCA-1,0
0193345_TCGAAGAACCGAGCAC-1,1
0193345_TCGAATATCCCGCAGG-1,6
0193345_TCGACAACTGAACCCG-1,6
0193345_TCGACATAGCGTAGCG-1,0
0193345_TCGAGACCAACACCGT-1,0
0193345_TCGAGCCAGGCAGGCC-1,0
0193345_TCGAGGGCAACAGACG-1,0
0193345_TCGAGTCTACGATTCG-1,6
0193345_TCGATAGGCTAGTCGC-1,1
0193345_TCGATGTTACGGCCGT-1,0
0193345_TCGCAAAGATGCATTT-1,0
0193345_TCGCACCAGGAGGCAG-1,0
0193345_TCGCATAAAGGGCGCA-1,1
0193345_TCGCCACCCGGATTAC-1,0
0193345_TCGCCCAACTGACTCC-1,6
0193345_TCGCCGAAGTTGCGTC-1,1
0193345_TCGCCGACATATTCGC-1,8
0193345_TCGCCGGTCGATCCGT-1,1
0193345_TCGCGCGTTTACATGA-1,6
0193345_TCGCGTAGCAGTGTCC-1,1
0193345_TCGCTAAACCGCTATC-1,0
0193345_TCGCTACTGGCTTTGA-1,1
0193345_TCGCTCGATATATTCC-1,0
0193345_TCGCTCGGCACCAGCG-1,14
0193345_TCGCTGGGCGGATTGT-1,0
0193345_TCGCTTTAAACGTTTG-1,14
0193345_TCGGAATGACCATCAA-1,1
0193345_TCGGACGCCCAGCCCA-1,8
0193345_TCGGAGTACATGAGTA-1,1
0193345_TCGGAGTCCTGGTTGC-1,0
0193345_TCGGATCTGGATGACC-1,0
0193345_TCGGCGAACCCAAACC-1,6
0193345_TCGGCGGTATTAGATT-1,1
0193345_TCGGCGTACTGCACAA-1,0
0193345_TCGGCTAACTTCCCTT-1,8
0193345_TCGGCTTGTATCGACG-1,1
0193345_TCGGGAGACAGCGTAC-1,6
0193345_TCGGGTGAAACTGCTA-1,6
0193345_TCGGTCCCGACAATAG-1,1
0193345_TCGGTCCCTGACTCCA-1,1
0193345_TCGGTGACCGCTCCGG-1,8
0193345_TCGGTTAGCCATGTAG-1,1
0193345_TCGTAAGACGACATTG-1,8
0193345_TCGTAAGCTCCGAGGA-1,6
0193345_TCGTACCGACGTCAAG-1,14
0193345_TCGTATAGTGCAATTA-1,1
0193345_TCGTATCACCAAGCTA-1,1
0193345_TCGTATTTCGTCCGGA-1,18
0193345_TCGTCAAGTACGCGCA-1,14
0193345_TCGTCCGGGTACACTC-1,0
0193345_TCGTCTTAGGCGTTAA-1,1
0193345_TCGTGTACTATGGATG-1,1
0193345_TCGTGTATTGGTCACG-1,0
0193345_TCGTGTTCGACCACAA-1,1
0193345_TCGTTAGGAGTCCCTA-1,0
0193345_TCGTTCGTTATTATGT-1,0
0193345_TCGTTGCTATCCGGTC-1,0
0193345_TCGTTGGCTCGTCAAT-1,6
0193345_TCTAAAGAACAGTCTC-1,6
0193345_TCTAACCTAGCCTGCG-1,14
0193345_TCTAATACTGCCTCAG-1,0
0193345_TCTACACGTTCATGCA-1,0
0193345_TCTACCCAATAGAGAG-1,1
0193345_TCTACCGTCCACAAGC-1,14
0193345_TCTACGCACGATCTCC-1,0
0193345_TCTACGGGCTCAGTTG-1,1
0193345_TCTAGCAATCTCCGCC-1,6
0193345_TCTAGCATGCCCAGAA-1,0
0193345_TCTAGGTGGCGACGCT-1,0
0193345_TCTAGTTATCAGAAGA-1,1
0193345_TCTATAGGTGGGTAAT-1,1
0193345_TCTATCGGTCGCAACA-1,0
0193345_TCTATGCTATAACGAC-1,0
0193345_TCTCATGAGATAGGGT-1,0
0193345_TCTCCAACGTAGGTTA-1,8
0193345_TCTCCACAAGTTGAAT-1,1
0193345_TCTCCCTGGGCAGCGT-1,1
0193345_TCTCGAACGAGGTCAC-1,6
0193345_TCTCGACGTATCGCCG-1,8
0193345_TCTCGAGGAGGTTCGC-1,6
0193345_TCTCTCGCCGCACATA-1,0
0193345_TCTCTTACCGCGAACC-1,14
0193345_TCTGAACTCGTACCCG-1,0
0193345_TCTGAAGCACGTGGTC-1,0
0193345_TCTGAGCAATTGACTG-1,6
0193345_TCTGATGTATTCTGTC-1,6
0193345_TCTGCACCATTAGTAA-1,0
0193345_TCTGCCAGAAACTGCA-1,1
0193345_TCTGCGAATCGTTCGC-1,1
0193345_TCTGCTTAGAACAAGC-1,8
0193345_TCTGGAGCGTAAGAGT-1,6
0193345_TCTGGGTAGCGCTCAT-1,0
0193345_TCTGTCATACAAGAGC-1,1
0193345_TCTGTGATGGAGGTTG-1,0
0193345_TCTGTGCCATCATAGT-1,6
0193345_TCTGTTACCCAGCATA-1,0
0193345_TCTGTTTAGATTGTTC-1,0
0193345_TCTTACCGGAACTCGT-1,14
0193345_TCTTACTTATGCCTCT-1,0
0193345_TCTTAGAGCTCCAATT-1,0
0193345_TCTTATGGGTAGTACC-1,0
0193345_TCTTCCCATGGGCACA-1,8
0193345_TCTTCGATACCAATAA-1,1
0193345_TCTTCGCGGTGAGAGG-1,1
0193345_TCTTCTATAACCCGCC-1,1
0193345_TCTTGATGCGTAGCGA-1,0
0193345_TCTTGCTCCCGATACT-1,1
0193345_TCTTGGTAACACCAAA-1,0
0193345_TCTTTAGAGTCTAACA-1,6
0193345_TCTTTCATCCGTCCTT-1,0
0193345_TCTTTCCTTCGAGATA-1,1
0193345_TCTTTCTCTTAAGGAG-1,16
0193345_TGAAACTTATGCAAGC-1,1
0193345_TGAACAAGCAGGGACT-1,0
0193345_TGAATACCGACGCGTA-1,8
0193345_TGAATATGCTATAAAC-1,18
0193345_TGAATGAGTGTTTCCC-1,14
0193345_TGAATGTCAGCCGGCC-1,6
0193345_TGACAACGCATGTCGC-1,0
0193345_TGACAACTTAAAGGTG-1,0
0193345_TGACACTTCTCTTTGC-1,0
0193345_TGACAGAAATCTTGCT-1,8
0193345_TGACAGGACAAGTCCA-1,1
0193345_TGACATGTAACGTGAC-1,6
0193345_TGACCAAATCTTAAAC-1,6
0193345_TGACCAGCTTCAAAGT-1,1
0193345_TGACCCAACTCACATT-1,1
0193345_TGACCCACGTTAGACA-1,1
0193345_TGACCCAGCATTCCCG-1,0
0193345_TGACTATAATCCTTTC-1,1
0193345_TGACTCCGAATCATAC-1,8
0193345_TGAGAGATTTACCACG-1,6
0193345_TGAGATCAAATACTCA-1,1
0193345_TGAGATTAGGCCCTAA-1,8
0193345_TGAGCCATACAGTCTC-1,0
0193345_TGAGCGGAAAGTGTTC-1,8
0193345_TGAGCTCAACTGTATA-1,8
0193345_TGAGCTTTAATGACGC-1,6
0193345_TGAGGAGTGCCAGCTT-1,6
0193345_TGAGGCATGTACTGTG-1,1
0193345_TGAGGTGTGTGGCGGA-1,1
0193345_TGAGGTTGATCCCAAG-1,0
0193345_TGAGTAAATTAGCGTA-1,1
0193345_TGAGTGCCTCTTAAAT-1,1
0193345_TGAGTGGTCCGTGACG-1,6
0193345_TGAGTGTAACAACGGG-1,14
0193345_TGAGTTAAAGACATTC-1,6
0193345_TGATCACCACACTGAC-1,1
0193345_TGATCTACGCTGATCT-1,6
0193345_TGATCTCCGGCGCCAG-1,0
0193345_TGATGCTCACGTAGTC-1,1
0193345_TGATGTCAATTAAGTG-1,0
0193345_TGATTATGGCACGCAG-1,18
0193345_TGATTCCCGGTTACCT-1,16
0193345_TGATTCGTCTATCACT-1,1
0193345_TGATTCTGTCGCCGGT-1,1
0193345_TGCAAAGTTCGTCTGT-1,14
0193345_TGCAACCCATCTGCGG-1,6
0193345_TGCAAGAATGACGTAA-1,0
0193345_TGCAATCTAACACGGT-1,1
0193345_TGCAATTTGGGCACGG-1,1
0193345_TGCACAGTGAAGTTAT-1,8
0193345_TGCACGAGTCGGCAGC-1,0
0193345_TGCAGAGTACCGAGCA-1,8
0193345_TGCAGGATCGGCAAAG-1,0
0193345_TGCAGTGAGGCTCGGG-1,0
0193345_TGCAGTGGTAGGGAAC-1,0
0193345_TGCAGTTTCCTCCCAT-1,6
0193345_TGCATCTCCGGATCTT-1,0
0193345_TGCATGGATCGGATCT-1,1
0193345_TGCATGGCAGTCTTGC-1,0
0193345_TGCATGTGACCCATAG-1,0
0193345_TGCATGTGGTAATCTA-1,1
0193345_TGCCAATGGGTACTCT-1,0
0193345_TGCCACCTGGCGAAAC-1,1
0193345_TGCCAGTACGTGGAGA-1,0
0193345_TGCCATGGCTTATAAG-1,1
0193345_TGCCATTACTAAAGAA-1,0
0193345_TGCCCGTACCGTTAAA-1,1
0193345_TGCCGGATGTACGAGC-1,6
0193345_TGCCGTGGATCGTCCT-1,0
0193345_TGCCGTTCTTAATCGG-1,0
0193345_TGCCTAAATTTAATAG-1,8
0193345_TGCCTAATTGAAGATT-1,8
0193345_TGCCTGATCAAACGAT-1,0
0193345_TGCCTTGGCCAGGCAA-1,1
0193345_TGCGACACCCTAGTGC-1,6
0193345_TGCGACGGCCGAACGT-1,0
0193345_TGCGAGAATATTACCC-1,0
0193345_TGCGAGATGGCGGCCA-1,0
0193345_TGCGAGCCCTTCCGCG-1,1
0193345_TGCGCAAAGCATTTGG-1,1
0193345_TGCGCCGTTAATAACG-1,1
0193345_TGCGGACTTGACTCCG-1,1
0193345_TGCGGAGTAAAGGTGC-1,1
0193345_TGCGGCATAGTTCAAC-1,0
0193345_TGCGGGTATTGGGATC-1,18
0193345_TGCGGTCTACGAGTAA-1,1
0193345_TGCGTAAGAACCTGAT-1,1
0193345_TGCGTACGGCTAATTG-1,6
0193345_TGCGTCATGACTGAGC-1,14
0193345_TGCGTTTGTTGACACT-1,1
0193345_TGCTAAGTGTCTATTT-1,1
0193345_TGCTATACAAACGGAC-1,1
0193345_TGCTATGGCAAAGGGA-1,0
0193345_TGCTCAAAGGATGCAC-1,0
0193345_TGCTCACACAACAACC-1,1
0193345_TGCTCCACAGTTCTTA-1,1
0193345_TGCTCGGCGAAACCCA-1,1
0193345_TGCTCGGTGGGTCACC-1,1
0193345_TGCTCTTGAGAGTTTG-1,8
0193345_TGCTGCGTCAGAGTTA-1,6
0193345_TGCTGTTGAAGAACTC-1,0
0193345_TGCTTAGAGAGAATGC-1,1
0193345_TGCTTCCCAAGCAGTA-1,8
0193345_TGGAACCACTGACACA-1,1
0193345_TGGAAGAAGGGAACGT-1,0
0193345_TGGAAGACGAACACCA-1,8
0193345_TGGAAGGATAAAGATG-1,0
0193345_TGGAATATCCTTGACC-1,6
0193345_TGGACCAATCTAAGAT-1,1
0193345_TGGACGCAATCCAGCC-1,1
0193345_TGGAGAATAATCGTCC-1,0
0193345_TGGAGCTAAAGTTCCC-1,1
0193345_TGGAGGGAAACACCTC-1,6
0193345_TGGCAAACTAAATTAC-1,0
0193345_TGGCAACTCGCGCGCC-1,6
0193345_TGGCAAGCACAAGTCG-1,1
0193345_TGGCAATGGGACGGCG-1,6
0193345_TGGCACGAGCTCGAGT-1,8
0193345_TGGCAGATTACGATCA-1,1
0193345_TGGCAGCAGTAATAGT-1,8
0193345_TGGCATGAAGTTTGGG-1,0
0193345_TGGCCAAACTGAAGTA-1,1
0193345_TGGCCAATTTGGTACT-1,8
0193345_TGGCGACTGCTCCAAA-1,14
0193345_TGGCGATCAAGTTATG-1,0
0193345_TGGCGGTGTGCGATTG-1,1
0193345_TGGCTACACTCTACCT-1,0
0193345_TGGCTATGTGACATAC-1,1
0193345_TGGCTTATGTATAATG-1,1
0193345_TGGCTTGTACAAGCTT-1,18
0193345_TGGGATGCACTCATTC-1,6
0193345_TGGGCAATAGTTGGGT-1,0
0193345_TGGGCACAAACAGAAC-1,1
0193345_TGGGCACGTTCTATGG-1,8
0193345_TGGGCAGGCCACCGCA-1,1
0193345_TGGGCCACAAGAGCGC-1,8
0193345_TGGGCCCATACTAATT-1,6
0193345_TGGGCGATACAATAAG-1,6
0193345_TGGGTAAGGTTCCCGC-1,6
0193345_TGGGTGGGATGTCATT-1,0
0193345_TGGGTTTCGGGCGTAC-1,6
0193345_TGGTAGAATATATGGG-1,1
0193345_TGGTATCGCATCCCAA-1,0
0193345_TGGTATCGGTCTGTAT-1,1
0193345_TGGTCCCACGCTACGG-1,0
0193345_TGGTCGATATACCTCT-1,0
0193345_TGGTCGGGTACAGGGC-1,0
0193345_TGGTCGTTTGATAGAT-1,0
0193345_TGGTTAACTTACATTT-1,1
0193345_TGGTTAAGGGCGCTGG-1,1
0193345_TGGTTCAACGGGTAAT-1,0
0193345_TGGTTGGAGGATCCTG-1,1
0193345_TGTAACTTGTCAACCT-1,0
0193345_TGTAAGACTGATAAGA-1,18
0193345_TGTAATGCCTTCGGAC-1,0
0193345_TGTACCCGACCCTAAT-1,8
0193345_TGTACCTACACGAGGG-1,0
0193345_TGTACGAACAAATCCG-1,0
0193345_TGTACGCTATCAGCTT-1,6
0193345_TGTACTACTCTCACGG-1,1
0193345_TGTAGCCATCCCATTC-1,0
0193345_TGTATAACAGATCCTG-1,0
0193345_TGTATACGGATGATGA-1,14
0193345_TGTATCAGACTGAAGC-1,0
0193345_TGTATCCTTATTCCAT-1,0
0193345_TGTATGGCGCAGACAG-1,0
0193345_TGTATTTACCTAATGC-1,1
0193345_TGTCATTTGTTGGGAA-1,0
0193345_TGTCCACGGCTCAACT-1,1
0193345_TGTCCCGACATAGCAC-1,0
0193345_TGTCCGCAAACAATTC-1,0
0193345_TGTCGTTATCACATAT-1,6
0193345_TGTCTACAGTTTCTGT-1,8
0193345_TGTGACTACGCCAGTC-1,0
0193345_TGTGAGACTAGCCCAA-1,0
0193345_TGTGATTCCAGCGCTT-1,8
0193345_TGTGCCGGTGCCGGAA-1,6
0193345_TGTGGAGGAAGCTTAA-1,0
0193345_TGTGGCAAAGCGTATG-1,1
0193345_TGTGGCGGGCTTCTGG-1,0
0193345_TGTGGCTCCCACCAAC-1,0
0193345_TGTGGTTGCTAAAGCT-1,14
0193345_TGTTATTGTATGTGGC-1,6
0193345_TGTTCCGGCCTGAGCT-1,8
0193345_TGTTCGTATTGCGGTG-1,8
0193345_TGTTGATCACTGTTTA-1,18
0193345_TGTTGCCGTCGTCCCA-1,0
0193345_TGTTGTCAAGAAGTCT-1,0
0193345_TGTTTAATACTTCATC-1,1
0193345_TGTTTCGGTACTTCTC-1,6
0193345_TGTTTCTGAAGCGTGC-1,1
0193345_TGTTTGAGATCGTCAG-1,6
0193345_TTAAACCGGTAGCGAC-1,8
0193345_TTAAACTCGAATTCAT-1,0
0193345_TTAACGAACAAGCAGT-1,1
0193345_TTAACGTCGCAAGACC-1,1
0193345_TTAACTTCAGGTAGGA-1,8
0193345_TTAAGACGAACGAACC-1,1
0193345_TTAAGATACCCAGAGA-1,6
0193345_TTAAGCCGACAACTTC-1,6
0193345_TTAAGCGCCTGACCCA-1,8
0193345_TTAAGGCCCGTACTTT-1,0
0193345_TTAAGTATTGTTATCC-1,0
0193345_TTAATCAGTACGTCAG-1,6
0193345_TTAATGCGAGGTAACT-1,0
0193345_TTAATGTAGACCAGGT-1,0
0193345_TTAATTGCTTTGGGTG-1,1
0193345_TTAATTTCAGACGCGG-1,1
0193345_TTACACGATCTGCGAC-1,8
0193345_TTACAGACCTAAATGA-1,0
0193345_TTACCCATTGCCGGGT-1,6
0193345_TTACCCTAGGGATTGG-1,6
0193345_TTACGTAGCGCGTGCT-1,0
0193345_TTACGTATCTATGACA-1,18
0193345_TTACTAAAGGACTTTA-1,1
0193345_TTACTCCGGCCGGGAA-1,8
0193345_TTACTCTGGTACGTAC-1,8
0193345_TTACTGGGATATTTCA-1,0
0193345_TTACTGTCTAGAGCTC-1,8
0193345_TTACTGTTTCTCTACG-1,18
0193345_TTAGAAGAACATGACT-1,0
0193345_TTAGAATAAGGGTCGG-1,0
0193345_TTAGACACGATCGTTG-1,6
0193345_TTAGACGAGTCACCTC-1,6
0193345_TTAGAGTATTGTCGAG-1,0
0193345_TTAGAGTTTAGAAGGA-1,8
0193345_TTAGCATCCCTCACGT-1,0
0193345_TTAGCCATAGGGCTCG-1,1
0193345_TTAGCTAATACGATCT-1,0
0193345_TTAGGTCATAACCGAC-1,0
0193345_TTAGTAAACCTGCTCT-1,0
0193345_TTAGTTATTCGTGGCA-1,1
0193345_TTAGTTCAAGTGTTCG-1,6
0193345_TTATAGATGCACATTA-1,8
0193345_TTATAGGTAATTGTCT-1,8
0193345_TTATAGTCCAAGGTGC-1,1
0193345_TTATATACGCTGTCAC-1,1
0193345_TTATATTTGGCAATCC-1,6
0193345_TTATCCGGGATCTATA-1,1
0193345_TTATCCTCAAGGAATA-1,18
0193345_TTATCTGTATCATAAC-1,0
0193345_TTATGAATGAAAGGGA-1,1
0193345_TTATGACAAACTGGAT-1,1
0193345_TTATGCGTCCCGGTCC-1,1
0193345_TTATTAGAGCGTGTTC-1,1
0193345_TTATTAGGGAAGCATC-1,0
0193345_TTATTTAGGTTCCTTA-1,6
0193345_TTCAAAGTCTCTAGCC-1,1
0193345_TTCAAGCCGAGCTGAG-1,0
0193345_TTCAATTAGCCATAAT-1,16
0193345_TTCACGAAAGGATCAC-1,1
0193345_TTCACGGTCGTCACGT-1,0
0193345_TTCACTCGAGCACCTA-1,8
0193345_TTCACTTCCTAGAACG-1,1
0193345_TTCAGCCCTGGTCCAC-1,6
0193345_TTCAGCTGGCGTGCCC-1,8
0193345_TTCAGTTCAAGAGGAG-1,0
0193345_TTCATGGCGCAACAGG-1,1
0193345_TTCCAATCAGAGCTAG-1,0
0193345_TTCCAATCTGGCTATC-1,1
0193345_TTCCACACAGATTTGA-1,0
0193345_TTCCACATTTCTCGTC-1,0
0193345_TTCCAGTGGGTTTCGT-1,0
0193345_TTCCATCATGCGGTGA-1,6
0193345_TTCCATCGACAGCGTG-1,8
0193345_TTCCCGACGCTTCACT-1,1
0193345_TTCCGCAGAGAAATAT-1,0
0193345_TTCCGCGTGAGGCGAT-1,0
0193345_TTCCGGCTCGACTTCT-1,0
0193345_TTCCGGTTACCCACTT-1,6
0193345_TTCCTCGGACTAACCA-1,0
0193345_TTCGAACGAAACATGC-1,0
0193345_TTCGACAGAGCCCGTG-1,0
0193345_TTCGAGCCGGCGCTAC-1,6
0193345_TTCGCACTGTACGACA-1,8
0193345_TTCGCCGCTCGCGCTA-1,0
0193345_TTCGCGCGCCATACGA-1,0
0193345_TTCGCTATCTGACGTG-1,0
0193345_TTCGGACTGATGCCTT-1,1
0193345_TTCGGACTGGGCATGG-1,18
0193345_TTCGGCAACCCGCTGA-1,6
0193345_TTCGGGACTAATCGCG-1,0
0193345_TTCGGGCGCTAGTCTT-1,14
0193345_TTCGGGTTGCCACGGG-1,8
0193345_TTCGGTACTGTAGAGG-1,6
0193345_TTCGGTGGAGACGCCC-1,0
0193345_TTCGTAATCCCAGCGG-1,1
0193345_TTCGTGGGCTGGAAGC-1,0
0193345_TTCGTTCAACGAAGTT-1,1
0193345_TTCTACCTCAATCGGT-1,1
0193345_TTCTACCTTTATGTTG-1,6
0193345_TTCTAGAAAGTCTTAT-1,6
0193345_TTCTATTAAACGCAGC-1,0
0193345_TTCTCAATTGCTACAA-1,18
0193345_TTCTCTTACAGGTGAT-1,14
0193345_TTCTGACCGGGCTCAA-1,1
0193345_TTCTGCCGCGCCTAGA-1,0
0193345_TTCTGCGGGTTAGCGG-1,14
0193345_TTCTGCTAGACTCCAA-1,0
0193345_TTCTTAGTGGCTCAGA-1,1
0193345_TTCTTATCCGCTGGGT-1,8
0193345_TTCTTCCCTTTGATAT-1,1
0193345_TTCTTCGCAATAGAGC-1,8
0193345_TTCTTGAGCCGCGCTA-1,0
0193345_TTCTTGGACGATCTGC-1,18
0193345_TTCTTGGAGTAATGAG-1,0
0193345_TTCTTTGGTCGCGACG-1,0
0193345_TTGAAAGGTGTAAAGG-1,1
0193345_TTGAACGACGTGCTGA-1,1
0193345_TTGAAGAATTCCCAGG-1,1
0193345_TTGAAGGATGGGCGCC-1,1
0193345_TTGAATATGGACTTTC-1,0
0193345_TTGACAGGAGCTCCCG-1,1
0193345_TTGACATGAACGTGGA-1,0
0193345_TTGACCAGGAACAACT-1,0
0193345_TTGACCATGTTCTCCG-1,8
0193345_TTGACCGTGTTAATGA-1,1
0193345_TTGACGATTCAGCACG-1,18
0193345_TTGACTACCATATGGT-1,1
0193345_TTGACTATTGTCCGGC-1,0
0193345_TTGAGAAGTTTAGCAT-1,1
0193345_TTGAGAGTACTGCTAA-1,1
0193345_TTGAGCAGCCCACGGT-1,6
0193345_TTGAGGCATTTAACTC-1,1
0193345_TTGAGGGTCGAACGCG-1,14
0193345_TTGATAGTCAATACAT-1,0
0193345_TTGATCTAACTTTGTC-1,6
0193345_TTGATGCCGCTCGTCG-1,0
0193345_TTGATGTGTAGTCCCG-1,0
0193345_TTGATTAGCTGTTTCT-1,0
0193345_TTGCACAATTCAGAAA-1,1
0193345_TTGCACGGAGCAGCAC-1,1
0193345_TTGCAGGTCATGAAGT-1,0
0193345_TTGCATGCTGATCACG-1,1
0193345_TTGCCAAGCAGAACCC-1,1
0193345_TTGCCATAGCCCGCTC-1,1
0193345_TTGCCGCAGACCTACA-1,1
0193345_TTGCCGCTTTCTAGTA-1,1
0193345_TTGCCGGTGATCCCTC-1,6
0193345_TTGCCTAATCCAAAGT-1,8
0193345_TTGCCTTCTCGCCGGG-1,1
0193345_TTGCGCTTGATCAATA-1,0
0193345_TTGCGGAAAGCTGCCC-1,0
0193345_TTGCGTCGGCCAACCG-1,0
0193345_TTGCGTGAACGCTTAG-1,6
0193345_TTGCTAGCTACCAATC-1,0
0193345_TTGCTCATAGTACGTG-1,1
0193345_TTGCTCCCATACCGGA-1,6
0193345_TTGCTGATCATGTTCG-1,1
0193345_TTGCTGGCCGGGCTTC-1,14
0193345_TTGGAAGAATACAGTC-1,0
0193345_TTGGACCATCTGGCAA-1,6
0193345_TTGGACCTATAACAGT-1,1
0193345_TTGGAGTCTCCCTTCT-1,6
0193345_TTGGATATCGTCTACG-1,1
0193345_TTGGATCGACTTCTGG-1,1
0193345_TTGGATTGGGTACCAC-1,1
0193345_TTGGCCTAGAATTTCG-1,1
0193345_TTGGCTCAATATGTGT-1,6
0193345_TTGGGAAGACGAGCCG-1,6
0193345_TTGGGACACTGCCCGC-1,1
0193345_TTGGGACGTAAGAGTT-1,6
0193345_TTGGTCACACTCGTAA-1,0
0193345_TTGGTGCGGTGTTGAA-1,0
0193345_TTGGTTCGCTCAAAGG-1,0
0193345_TTGGTTGCGGTGCGCG-1,6
0193345_TTGTAACTTCATAGCG-1,1
0193345_TTGTAAGGACCTAAGT-1,1
0193345_TTGTAAGGCCAGTTGG-1,0
0193345_TTGTAATCCGTACTCG-1,0
0193345_TTGTATCACACAGAAT-1,0
0193345_TTGTCTCGGCAAGATG-1,0
0193345_TTGTGAACCTAATCCG-1,6
0193345_TTGTGCAGCCACGTCA-1,0
0193345_TTGTGCGGAAGCGGAT-1,8
0193345_TTGTGGCCCTGACAGT-1,1
0193345_TTGTGGTAGGAGGGAT-1,6
0193345_TTGTGGTATAGGTATG-1,6
0193345_TTGTGGTGGTACTAAG-1,0
0193345_TTGTGTATGCCACCAA-1,0
0193345_TTGTGTTTCCCGAAAG-1,6
0193345_TTGTTCAGTGTGCTAC-1,0
0193345_TTGTTGGCAATGACTG-1,0
0193345_TTGTTGTGTGTCAAGA-1,1
0193345_TTGTTTCACATCCAGG-1,14
0193345_TTGTTTCATTAGTCTA-1,0
0193345_TTGTTTGTATTACACG-1,0
0193345_TTGTTTGTGTAAATTC-1,18
