Barcode,Airway Smooth Muscle
AAACCGTTCGTCCAGG-1,
AAATCGTGTACCACAA-1,
AAATGGTCAATGTGCC-1,
AAATTAACGGGTAGCT-1,
AACAACTGGTAGTTGC-1,
AACAATTACTCTACGC-1,
AACAGGATGGGCCGCG-1,
AACCAAGACTTCTCTG-1,
AACGGCCATCTCCGGT-1,
AACGTACTGTGGGTAC-1,
AACTCAAGTTAATTGC-1,
AACTTGCCCGTATGCA-1,
AAGAGATGAATCGGTA-1,
AAGAGGATGTACGCGA-1,
AAGGAGCGGTTGGTGC-1,
AAGGCTGTGCTCATCG-1,
AAGTAGTGACGCGAGG-1,
AATAACAACGCTCGGC-1,
AATAGAACAGAGTGGC-1,
AATATTGGAGTATTGA-1,
AATTAAAGGTCGGCGT-1,
ACAAGCAGTGCCTAGC-1,
ACAAGGACAAGAGGTT-1,
ACAATCCATTTAAACC-1,
ACACTGATCAAGGTGT-1,
ACATCGATCGTTTACC-1,
ACATCGGTCAGCCGCG-1,
ACCACAAGTTTCTATC-1,
ACCATATCCGCAATAA-1,1
ACCATCGTATATGGTA-1,
ACCCATCTTGAGGGTA-1,
ACCCGGTTACACTTCC-1,
ACCTAATCGACTTCCT-1,
ACGAAATGGGCGGCAC-1,
ACGATGCATATGTTAT-1,
ACGCGAAGTCAGACGA-1,
ACGCGCTACACAGGGT-1,
ACGTTAGATTTGCCCG-1,
ACTGTAGCACTTTGGA-1,
ACTGTCCAGGATTATA-1,
ACTTATTAGGATCGGT-1,
ACTTGGGACCCGGTGG-1,
AGAAGGTTGCCGAATT-1,
AGACTAGCCTTCCAGA-1,
AGATAACTTCAGGGCC-1,
AGATACCGGTGTTCAC-1,
AGATTATAGGACGTTT-1,
AGCACTACCGGCCTGT-1,
AGCACTTAAGGACGCC-1,
AGCTCTTTACTCAGTT-1,
AGGACGACCCATTAGA-1,
AGGCCACCCGTTATGA-1,
AGGCTATGGTTAGCTT-1,
AGGCTTCCCGAAGAAG-1,
AGGTAGGTACAAAGCT-1,
AGTCAACACCACCATC-1,
AGTGACCTACTTTACG-1,
AGTGATATGAGTAGTT-1,
AGTGCGTAGCTCGTAA-1,
AGTTAAACACTTGCGA-1,
AGTTCCTACAGAATTA-1,
AGTTCCTATTTATGTT-1,
ATAAACGGACCCGTAA-1,
ATAAAGGCTCGGTCGT-1,
ATAAATATTAGCAGCT-1,
ATAAGTTACCGCGACG-1,
ATAATAGCTGTTGAAT-1,
ATACCACGGGCAACTT-1,
ATAGACGAAGAGAAAG-1,
ATAGAGTACTGGGACA-1,
ATAGGCGGCTATAGAA-1,
ATAGTGAAGCGTTCTC-1,
ATATTCAGTTAAACCT-1,
ATATTTAACCCTCAAG-1,
ATCACGTGCTAATTAA-1,
ATCAGACGGCACGCCG-1,
ATCATCCAATATTTGT-1,
ATCCAGAGCAACAACC-1,
ATCCAGGATTCGTGAA-1,
ATCCTACCTAAGCTCT-1,
ATCCTGAATCGCTGCG-1,
ATCCTGCGTGGAATGG-1,
ATCGACCCAATACAGA-1,
ATCTTGACCTGCAACG-1,
ATGATGCAATGGTACA-1,
ATGCACTACCGCATTG-1,
ATTAAACATGCGGACC-1,
ATTACGCGCTGGCAGG-1,
ATTCAGTAGCAGGGTC-1,
ATTCATATACTGTCCA-1,
ATTCGACGCCGGGCCT-1,
ATTGAAGATCTTAGTG-1,
ATTGCTGCTCCTCCAT-1,
ATTTACAGTTTACTGG-1,
CAAACGAGTATCGCAG-1,
CAAACGGTCGCACTTT-1,
CAAATGTCCTTCCGTG-1,
CAAGCAACGTCGGAGT-1,
CACAATGAGCTGCTAT-1,
CACGAAAGTTAGTCCC-1,
CACGCAGCGAGGCTTT-1,
CACTAAAGTTGCCTAT-1,
CACTCAAGAGCTATGG-1,
CACTTAATCAGACGGA-1,1
CAGACGAACCTGATAC-1,
CAGATACTAACATAGT-1,
CAGCTCACTGAGACAT-1,
CAGCTTAGTAGGTAGC-1,
CAGGATATATCGTTGT-1,
CAGGCCGTTTGGGTGT-1,
CAGTTCAAATTGACAC-1,
CATACCCGTACCCAGT-1,
CATACGGCGTCTGGGC-1,
CATACTATGTAATTGT-1,
CATATAGGTACAGTCA-1,
CATCGGACGGGTTAAT-1,
CATTTGAGTGGTACGT-1,
CCAACGATGCACTGAT-1,
CCAAGAAAGTGGGCGA-1,
CCAATAGTGCCGTCGA-1,
CCAATGTCACAGCAAG-1,
CCACACTGAGATATTA-1,
CCAGCTGATGGTACTT-1,
CCAGGGACGTGGCCTC-1,
CCATGCCTGTTTAGTA-1,
CCATGGCCCTTGTACC-1,
CCATTAGCGATAATCC-1,
CCATTCCCTGCCCACA-1,
CCCAACATACGTCGCG-1,
CCCAATTTCACAACTT-1,
CCCGTAAGTCTAGGCC-1,
CCCTGAAATGAGTTGA-1,
CCCTGCGCTACGCATA-1,
CCCTTTGACAGGTCTT-1,
CCGACAAAGGGAGTGC-1,
CCGCACGTGACCTCGG-1,
CCGCGGAATGCGTCAC-1,
CCGCGGGTACGAAGAA-1,
CCGCTATCAGCACCAG-1,
CCGGGTTCGAGGTTAC-1,
CCGTGTTAAATTCCAT-1,
CCTACTGCTTACACTT-1,
CCTCCGACAATTCAAG-1,
CCTCTCTCCCATCTAG-1,
CCTGACCACCGATGGT-1,
CCTGCTATTTGAGAAG-1,
CCTGGCTAGACCCGCC-1,
CCTGTAAGACATGATA-1,
CGAAACGCAATTCATG-1,
CGAACCCGCATGCGTC-1,
CGAAGTTGCTCTGTGT-1,
CGACAGTTCGCGTTAT-1,
CGAGACCCTAGAGTGT-1,
CGATACCTCGCGGACA-1,
CGATCCGACCCAGTGC-1,
CGCAAACACGAGTTAC-1,
CGCAATTAGGGTAATA-1,
CGCAATTCTACAATAA-1,
CGCGCATGTTTGATTG-1,
CGCGTTCATGAAATAC-1,
CGCTACGGGACATTTA-1,
CGCTATTCTTAGGCTC-1,
CGCTCTCCGTAGATTA-1,
CGGAACGTAAACATAG-1,
CGGAGTTTGAGAGACA-1,
CGGCCACGCACAAAGT-1,
CGGGAATTTATGTAAA-1,
CGGGCAGCTAAACCGC-1,
CGGGCCTTCTTTGTAA-1,
CGGTGAAGACTAAAGT-1,
CGGTGCAGATAGAACG-1,
CGGTGCGCGTTGGTCC-1,
CGTATTAAGAGATCTA-1,
CGTCACGTCCATTGGT-1,
CGTGAAGTTAATTCAC-1,
CGTGCATTGTCGACGC-1,
CGTGTCCCATTCGCGA-1,
CGTTGTTTCAATTCCC-1,
CGTTTCGCTCATTACA-1,1
CTAAAGAATGCCTACT-1,1
CTAAAGGGAAATAGGA-1,
CTAACCGCGCGCCCGT-1,
CTAATTCGCACGCGCT-1,
CTACGACTAGCTATAA-1,
CTACGCACGGAGTACC-1,
CTACTCTAGGCCCGGC-1,
CTAGTGAAGGACAGGA-1,
CTCCGCCCACATGAGG-1,
CTGAATCCGAGACCTC-1,
CTGCCATGCATCACAT-1,
CTGCGGGTGAAATGTT-1,
CTGGAAATGGATGCTT-1,
CTGGATTTACACTTGA-1,
CTGTACTTCTTAGCAT-1,
CTGTTACCCAATCTAG-1,
CTTACACGGTATTCCA-1,
CTTCATTGTCAGTGGA-1,
CTTCGTAGATAGGTGA-1,
CTTCTATTAATGCTAG-1,
CTTGCCCAGGCTCTAC-1,
CTTTAGTGCTATTATT-1,
CTTTGGCTTTAGTAAA-1,
GAAACCGAATTACCTT-1,
GAAACTCGTGCGATGC-1,
GAAAGCCCTTTGGACC-1,
GAAATATCACCATCAG-1,
GAAATGGCGGTGTTAG-1,
GAAATTGTCTCTATAA-1,
GAAGCGTGAGGAATTT-1,
GAAGCTTGCTGACCGC-1,
GAAGTGATTTATCGTG-1,
GAAGTTTCCACTCAAT-1,
GAATCTGAACATTCTC-1,
GAATTCACCCGGGTGT-1,
GAATTTCTCGCTGCAG-1,
GACACTGAGTTCAGTG-1,
GACAGGCACACACTAT-1,
GACATCGATTTATAAC-1,
GACCAGAGCCCTGTAG-1,
GACCGACTGAAGCGTC-1,
GACCGTGCTGACGGTG-1,
GACGCTTGCTTCTAAA-1,
GACGTGTAGGGATTAT-1,
GACTAAGTAGGCTCAC-1,
GAGACTGATGGGTAGA-1,
GAGAGGGCGCGAGGTT-1,
GAGATCTGCTTGGCAT-1,
GAGGAATGGAGAGGTT-1,
GAGGCTATCAAAGTCG-1,
GAGTATGCCCGCCTTG-1,
GAGTCCGCTTACCGGA-1,
GATACGATGGGAGTCA-1,
GATAGGTAACGTTGAC-1,
GATCATTCCAAACATT-1,
GATCGACACTATCTGA-1,
GATCGCGGGCTCTCCA-1,1
GATCTTTGCAGGGTAT-1,
GATGCGTCCTGCATTC-1,
GATGTTCAATCCACGA-1,
GATTACTGAATTTGGG-1,
GCAAATATTACGCTTT-1,
GCAAGAATTCCTTGGC-1,
GCAGATTAGGGATATC-1,
GCAGCACACAGCCCAG-1,
GCAGGACTATAGAATA-1,
GCATAGAGCACTCAGG-1,
GCCACAATTTAAGGAC-1,
GCCCGCGCGTAAACGG-1,
GCCGAAATTCCTACGT-1,
GCCGATTGGCCAAGCT-1,
GCCGCTTGTGAGAAAC-1,
GCCGGGTTAGGGTCGC-1,
GCGACGATAGTTGTAC-1,
GCGAGGCCCGAGCAGA-1,
GCGCCGTTCCACGATA-1,
GCGCTATGCCGAGGCA-1,
GCGGACCGCGTTGTGG-1,
GCGGCTCTGACGTACC-1,
GCGGTTCCCTATCATG-1,
GCGTCTCTGCATTGGG-1,
GCTAGCTTGAATAGCT-1,
GCTGAGGCGTGAGTAT-1,
GCTGGCATATTCACCT-1,
GCTGTATTACTGGCCC-1,
GGAACCGTGTAAATTG-1,
GGATGACGCGAGTTTA-1,
GGCAAATTACTTTACT-1,
GGCACTCCACTGGGCA-1,
GGCATACAGGTAGCGG-1,
GGCCCTCACCCACTTA-1,
GGCGCAGGACATCTTC-1,
GGCGCATGAATTGATG-1,
GGCGCGTTCGAGTTTA-1,
GGCGGAGTAATATTAG-1,1
GGCGTCCTATCCGCTG-1,
GGCTATTAAGTTGTAT-1,
GGGAACGGGAGGTTAG-1,
GGGAGGATGCCCGAAA-1,
GGGATGGTCGTAACCG-1,
GGGCCCGTCTTAAACA-1,
GGGCGGCAAATGAATT-1,
GGGCGGGTTCCCTACG-1,
GGGCGTCACCACGTAA-1,
GGGCTGGTTAGTCGCG-1,
GGGTACTTCATGAACT-1,
GGGTATGTATGCACTT-1,
GGGTCACCGTGACGGT-1,
GGGTGACACCTTAACT-1,
GGTACAAACATGCTAT-1,
GGTATTGCCGAGTTTA-1,
GGTCAGTGGGTCCCAC-1,
GGTGAAGTACAGGGAT-1,
GGTGCTGGTACACATT-1,
GGTTAGGCTTGGAGAA-1,
GTAATCTGATTCTTCG-1,
GTACTAAGATTTGGAG-1,
GTACTCCCTTATCGCT-1,
GTATCTTTCATAACCA-1,
GTATTCTGAGAAACGA-1,
GTCAGAATAGTCTATG-1,
GTCCGGCTGAATTGCG-1,
GTCGGATATCTCAGAC-1,
GTCGTACCATCTCGGG-1,
GTCTATCTGAGTTTCT-1,
GTCTGGGCGGTCGAGA-1,
GTGACTTCAGTAGTGC-1,
GTGAGCGTGCTGCACT-1,
GTGATCATAGATCTGC-1,
GTGATTCGCCGCTCAA-1,
GTGCCATCACACGGTG-1,
GTGCCGCTTCAAAGGT-1,
GTGCGAAATCGAACAC-1,
GTGCTCAAGTACTGTC-1,
GTGGGCTTAGACACAC-1,
GTGGTTTCCGCCTTTC-1,
GTTACAATTGGTGACG-1,
GTTACTTTGGGCCTAG-1,
GTTATATTATCTCCCT-1,
GTTCACAGGAGTCTAG-1,
GTTCGCCATAAGTGCC-1,1
GTTGAACCGGTTCCAT-1,
GTTGGATTTGCGTTGG-1,1
GTTTCATATCGTCGCT-1,
TAACGCTTTGAGAGCG-1,
TAACTCATCCGCGCGG-1,
TAAGTAACATCTTGAC-1,
TACAACGCACAACTCA-1,
TACAAGTCTCGTGCAT-1,
TACATAGGCATACACC-1,
TACATTTCTAACGTGC-1,
TACCAGAAGTAGGTTC-1,
TACCGGTCGTTTCCAT-1,
TACCTGCTGCACTGTG-1,
TACGAACACGACTTCA-1,
TACGACGCTTGCTGCG-1,
TACGAGAACTTCACGT-1,
TACGATGTTGATCATC-1,
TACGCAGTTCTTTCCT-1,
TACGCCATATTCTAAT-1,
TACGTTTACCGGCAAT-1,
TACTGGACAGCTCGGC-1,
TAGAGTCTAAGCGAAC-1,
TAGATATGGACTGGAA-1,
TAGCTAGAAGGCATGA-1,
TAGGTCCAAGTAAGGA-1,
TAGGTGAGCCCTACTC-1,
TAGTCCGCAGAGAATG-1,
TAGTCTAACAACGAGA-1,
TAGTGCCCTCCAGAGT-1,
TATCTACAGAGGTAAT-1,
TATCTACCACAGCGGG-1,
TATGGATGTGCTACGC-1,
TATGGCCCGGCCTCGC-1,
TATGGGACCGAGCAGG-1,
TATGGGTACGTATCGT-1,
TATGGTCTGAGTAACA-1,
TATTCCACTCAGCTCG-1,
TCAACGAGGAGACAAA-1,
TCACAGCAAACTCGAA-1,
TCACAGGTTATTGGGC-1,
TCACCCTCTTAAGATT-1,
TCACGCATTGTAGATC-1,
TCACGTGCCCGATTCA-1,
TCAGGTTCTTTGAGAA-1,1
TCAGTAGGGACTATAA-1,
TCCAACTTTAAATTCT-1,
TCCACAATGGTTTACG-1,
TCCAGGCGAGTACGGT-1,
TCCCAGCTTTAGTCTG-1,
TCCCAGGCTTAGCTAA-1,
TCCCGGGTGTGCTGCT-1,
TCCCTGGCTCGCTGGA-1,
TCCGATTACATTGCCG-1,
TCCGGTTCGTCCGGTC-1,
TCCTAGCAAAGAAGCT-1,
TCCTCTACGAGATGGC-1,
TCCTGCGTTGATACTC-1,
TCGAAATTTAGGACCA-1,
TCGAGACCAACACCGT-1,
TCGCCGAAGTTGCGTC-1,
TCGCGTCCAGAAGGTC-1,
TCGGAATGCGCTCTGA-1,
TCGTATTACCCATTGC-1,
TCTAGTTATCAGAAGA-1,
TCTGGGTAGCGCTCAT-1,
TGACCCACGTTAGACA-1,1
TGAGCCATACAGTCTC-1,
TGAGTAAATTAGCGTA-1,
TGAGTGCCTCTTAAAT-1,
TGATCGGTTTGACCCT-1,
TGATCTCCGGCGCCAG-1,
TGATTCGTCTATCACT-1,
TGATTCTGTCGCCGGT-1,
TGATTTATTAGCTGTG-1,
TGCAGAGTACCGAGCA-1,
TGCGACACCCTAGTGC-1,
TGCGAGAATATTACCC-1,
TGCGCGATTAACGGAG-1,
TGCGTAAGAACCTGAT-1,
TGGAAGAAGGGAACGT-1,
TGGAGTGATGCGATGA-1,1
TGGCAGATTACGATCA-1,
TGGCAGCAGTAATAGT-1,
TGGCGATCAAGTTATG-1,
TGGTCTGTTGGGCGTA-1,
TGTACGAACAAATCCG-1,
TGTAGTGATCTATAAT-1,
TGTCCTAAGTCACCGC-1,
TGTTCCGCTTCCATGA-1,
TGTTCTTCCATTGACT-1,
TTAAGCGCCTGACCCA-1,
TTACCATTGATTACCC-1,
TTACTGGGATATTTCA-1,
TTAGTAGGGCGGCGGG-1,
TTATGAATGAAAGGGA-1,
TTATGACAAACTGGAT-1,
TTCACGAAAGGATCAC-1,
TTCCAATCTGGCTATC-1,
TTCCACACAGATTTGA-1,
TTCCGCGTGAGGCGAT-1,
TTCGTACTCCAGAACG-1,
TTCTTGAGCCGCGCTA-1,
TTGAAGAATTCCCAGG-1,
TTGACTACCATATGGT-1,
TTGAGAGTACTGCTAA-1,
TTGATCTAACTTTGTC-1,
TTGATTATGCAGATGA-1,
TTGCACAATTCAGAAA-1,
TTGCATGCTGATCACG-1,
TTGCCCTGATCACGGG-1,
TTGCGGCATCAGAAAG-1,
TTGCGTCGGCCAACCG-1,
TTGCTGATCATGTTCG-1,
TTGGATATCGTCTACG-1,
TTGGTCACACTCGTAA-1,
TTGTAATCCGTACTCG-1,
