Barcode,iBALT
AAACAGGGTCTATATT-1,
AAACCGTTCGTCCAGG-1,
AAACCTCATGAAGTTG-1,
AAACGAGACGGTTGAT-1,
AAACTGCTGGCTCCAA-1,
AAACTTGCAAACGTAT-1,
AAAGGCTCTCGCGCCG-1,
AAAGTAGCATTGCTCA-1,
AAAGTCGACCCTCAGT-1,
AAATACCTATAAGCAT-1,
AAATAGGGTGCTATTG-1,
AAATGGCCCGTGCCCT-1,
AAATGGTCAATGTGCC-1,
AAATTAACGGGTAGCT-1,
AAATTGATAGTCCTTT-1,
AAATTTGCGGGTGTGG-1,
AACAACTGGTAGTTGC-1,
AACAATTACTCTACGC-1,
AACACGAGACGCGGCC-1,
AACAGGATGGGCCGCG-1,
AACCAAGACTTCTCTG-1,
AACCTTTAAATACGGT-1,
AACGATAATGCCGTAG-1,
AACGGCCATCTCCGGT-1,
AACGTACTGTGGGTAC-1,
AACGTCAGACTAGTGG-1,
AACGTGCGAAAGTCTC-1,
AACTAGGCTTGGGTGT-1,
AACTCTCAGTGTGCTC-1,
AACTTGCCCGTATGCA-1,
AAGACTGCAAGCTACT-1,
AAGAGATGAATCGGTA-1,
AAGAGCTCTTTATCGG-1,
AAGAGGCATGGATCGC-1,
AAGATGGCACCGGACC-1,
AAGCACCCTGCGTATC-1,
AAGCATACTCTCCTGA-1,
AAGCGTCCCTCATCGA-1,
AAGCTAGATCGAGTAA-1,
AAGCTCGTGCCAAGTC-1,
AAGGAGCGGTTGGTGC-1,
AAGGCGCGTAAAGCTT-1,
AAGGCTGTGCTCATCG-1,
AAGTAGTGACGCGAGG-1,
AAGTGAGTCGGGTTTA-1,
AAGTGCGTTAGAATCT-1,
AAGTGTTTGGAGACGG-1,
AAGTTCGGCCAACAGG-1,
AATAACAACGCTCGGC-1,
AATAACACTAGAACAA-1,
AATAGAACAGAGTGGC-1,
AATAGAATCTGTTTCA-1,
AATAGTCCGTCCCGAC-1,
AATATTGGAGTATTGA-1,
AATCGCCTCAGCGCCA-1,
AATCTAGGTTTACTTG-1,
AATCTGGCTTTCTAGT-1,
AATGACAGCAATGTCT-1,
AATGACGTAGGATGTC-1,
AATGACTGTCAGCCGG-1,
AATGCAACCGGGTACC-1,1
AATGGTTCTCACAAGC-1,
AATGTGCCCGAGGTGT-1,
AATTAACGGATTTCCA-1,
AATTAGCGCTGCAGCG-1,
AATTCTAGAGTTAGGC-1,
AATTGAACGCTCTGGT-1,
ACAAATCGCACCGAAT-1,
ACAAATGGTAGTGTTT-1,
ACAACAGCATGAGCTA-1,
ACAACGGTCCCTGCGA-1,
ACAAGCAGTGCCTAGC-1,
ACAAGGAAATCCGCCC-1,
ACAAGGACAAGAGGTT-1,
ACAAGGGCAGGCTCTG-1,
ACAATAGTCGTACGTT-1,
ACAATCCATTTAAACC-1,
ACAATGAATACGGAGA-1,
ACACAAAGACGGGTGG-1,
ACACACCAGGACCAGT-1,
ACACCCAGCATGCAGC-1,
ACACCCGAGAAATCCG-1,
ACACCTTAAGTAGGGC-1,
ACACGAGACTCCTTCT-1,
ACACTGATCAAGGTGT-1,
ACAGAACTGAGAACAA-1,
ACAGGTGGAGGTGAGG-1,
ACAGTAATACAACTTG-1,
ACATCCCGGCCATACG-1,
ACATCGATCGTTTACC-1,
ACATCGTATGCAATGG-1,
ACATTAGTTTATATCC-1,
ACCAACGCTTATTTAT-1,
ACCACAAGTTTCTATC-1,
ACCACGTGCAGCTATA-1,
ACCATCCGCCAACTAG-1,
ACCCGGAAACTCCCAG-1,
ACCCGTGTCATCAGTA-1,
ACCCTATGCCATATCG-1,
ACCCTCCCTTGCTATT-1,
ACCGACTGAGTCCCAC-1,
ACCGCAATAACTGCCT-1,
ACCTAAGTACCTTTCA-1,
ACCTAATCGACTTCCT-1,
ACCTGCGTGTCATGTT-1,
ACGAAATGGGCGGCAC-1,
ACGAGGATACCACTCT-1,
ACGCAAACTAATAGAT-1,
ACGCATTCGTGAGTAC-1,
ACGCCGCTAGACGACC-1,
ACGCGAAGTCAGACGA-1,
ACGCGGGCCAAGGACA-1,
ACGGCACTTGCTTGGG-1,
ACGGCCAACATGGACT-1,
ACGGCGACGATGGGAA-1,
ACGGGAGTGTCGGCCC-1,
ACGTAGATTGCTGATG-1,
ACGTTAATGTCGAAGA-1,
ACGTTCGTTCAGGAAA-1,
ACTACCAGCTCTCTGG-1,
ACTATTTCCGGGCCCA-1,
ACTCCCATTCCTAAAG-1,
ACTCCCTAATGCTAAA-1,
ACTCCCTAGAATAGTA-1,
ACTCGTAACCCGTCCT-1,
ACTCGTCAGTAATCCC-1,
ACTCTCTGACTTAGGT-1,
ACTCTTGTATAGTAAC-1,
ACTGAATGGCGAAAGT-1,
ACTGTACGATACACAT-1,
ACTGTAGCACTTTGGA-1,
ACTGTCCAGGATTATA-1,
ACTGTCTTCTTTAGAA-1,
ACTTCAGGCTGATCCC-1,
ACTTCGCCATACGCAC-1,
ACTTGACTCCCTCTTT-1,
ACTTGGGACCCGGTGG-1,
ACTTTCCTATAGCTTC-1,1
AGAAGAGCGCCGTTCC-1,
AGAAGTGATTCGTGAT-1,
AGACCCACCGCTGATC-1,
AGACCCGCCCTCCTCG-1,
AGACCGGGAAACCCTG-1,
AGACGACGATGCCGCT-1,
AGACTAGCCTTCCAGA-1,
AGACTGTTACCGGGTC-1,
AGAGAAGGAGTACAAT-1,
AGAGATCTCTAAAGCG-1,
AGATAACTTCAGGGCC-1,
AGATACTCAAGATCGA-1,
AGATCTCAGGTGTGAT-1,
AGCACCAGTACTCACG-1,
AGCACTACCGGCCTGT-1,
AGCACTACCTCACCAG-1,
AGCACTTAAGGACGCC-1,
AGCAGCCAGATGAATA-1,
AGCATCATTTCGAAAG-1,
AGCCGTGGCTAAATGT-1,
AGCGACAGGAACGGTC-1,
AGCGACCAACGATATT-1,
AGCGCATAATGAATCG-1,
AGCGTGGTATTCTACT-1,
AGCTCTAGACGTTCCA-1,
AGCTGTAACCTCAATC-1,
AGCTTGATCTTAACTT-1,
AGGACAGTCGAATCCC-1,
AGGATAAAGTCGGGAT-1,
AGGATCACGCGATCTG-1,
AGGCCACCCGTTATGA-1,
AGGCCCTAGAACGCCA-1,
AGGCTATGGTTAGCTT-1,
AGGCTTCCCGAAGAAG-1,
AGGGACTCTACGCGAC-1,
AGGGCGAGCAGCTGAT-1,
AGGGCTGCAGTTACAG-1,
AGGGTTTAGTTCGGGA-1,
AGGTAGGTACAAAGCT-1,
AGGTCAGGTGAGAGTG-1,
AGGTGTATCGCCATGA-1,
AGGTTTCACACACCTT-1,
AGTATAATACTAGGCA-1,
AGTATTTGGCACGACC-1,
AGTCAAGATGACACTT-1,
AGTCGACGGTCTCAAG-1,
AGTCGGCCCAAACGAC-1,
AGTCGGCTCAACTTTA-1,
AGTCGTGGGCATTACG-1,
AGTCTCACAAGACTAC-1,
AGTGCTTGCACGAATA-1,
AGTTAAGTCAACCGCT-1,
AGTTCCTACAGAATTA-1,
AGTTCCTATTTATGTT-1,
AGTTTGCACCTGCCTC-1,
AGTTTGGCCAGACCTA-1,
ATAAACGGACCCGTAA-1,
ATAACGCCGGAGGGTC-1,
ATAACGGAGTCCAACG-1,
ATAAGGTGGAGAACAT-1,
ATAAGTTACCGCGACG-1,
ATAATAGCTGTTGAAT-1,
ATACAGGCCCTCCAAT-1,
ATACCACGGGCAACTT-1,
ATACCTAACCAAGAAA-1,
ATACGCCGGCGAAACC-1,
ATAGACGAAGAGAAAG-1,
ATAGAGTACTGGGACA-1,
ATAGGTTGGGCAGATG-1,
ATATAAAGCGCTCGTG-1,
ATATAAATGTAGCTGC-1,
ATATCTTAGGGCCTTC-1,
ATATTCCACATAGTGA-1,
ATATTTAACCCTCAAG-1,
ATCAAACGAAGGTTTG-1,
ATCAATCTGGGCTGCA-1,
ATCACGTGCTAATTAA-1,
ATCAGCTCGTCCACTA-1,
ATCCAACGCAGTCATA-1,
ATCCAGAGCAACAACC-1,
ATCCTGAATCGCTGCG-1,
ATCGACCCAATACAGA-1,
ATCGCACGCCGGGAGA-1,
ATCGGAGACAGACGGC-1,
ATCTAATATCCTACGG-1,
ATCTGACATGGAAGGA-1,
ATCTTGACCTGCAACG-1,
ATGACGCGTTCTATCC-1,
ATGACTATCAGCTGTG-1,
ATGACTATGCGACATT-1,
ATGAGGAGTGTTAATC-1,
ATGCACTACCGCATTG-1,
ATGCCATTTGCGACCA-1,
ATGCCGGTCTTGCATA-1,
ATGCGACAGTCCCATT-1,
ATGGAGCAGGCCGTGA-1,
ATGGATTGACCAAACG-1,1
ATGGGCCTCGGCCTCT-1,
ATGGTCGCGTGGTTTC-1,
ATGTGAAAGCCTAATG-1,
ATGTGGACATCTTGAT-1,
ATTAAACATGCGGACC-1,
ATTACTAGCCTCTTGC-1,
ATTAGGCGATGCTTTC-1,
ATTATTATGTCCGTCA-1,
ATTCACTGATGTTGGA-1,
ATTCAGTAGCAGGGTC-1,
ATTCATATACTGTCCA-1,
ATTCCTCCGCCAGTGC-1,
ATTCGACGCCGGGCCT-1,
ATTGAAGATCTTAGTG-1,
ATTGCTGCTCCTCCAT-1,
ATTTACAGTTTACTGG-1,
ATTTCCGGGTTCTGCG-1,
ATTTGCGCGAGTAGCT-1,
ATTTGTCTTGGGAGCT-1,
CAAACGAGTATCGCAG-1,
CAAACGGTCGCACTTT-1,
CAAAGATTATTGGGCC-1,
CAAATCTCTCACAAGG-1,
CAAATGTCCTTCCGTG-1,
CAACGGTTCTTGATAC-1,
CAAGAGGGCGGAGTAC-1,
CAAGATATTATAACGT-1,
CAAGCAACGTCGGAGT-1,
CAAGCGGCACATAATT-1,
CAAGGATCGCATGTTC-1,
CAATAAACCTTGGCCC-1,
CAATATTCTTGACCTA-1,
CAATGCGAGAAGTATC-1,
CAATTAAGGGTGATGA-1,
CAATTTCGTATAAGGG-1,
CACAGCACCCACGGCA-1,
CACATATTAGCAGGAT-1,
CACATCGTGCACGCGC-1,
CACATGATTCAGCAAC-1,
CACCCACACGTCACCC-1,
CACCCGGTTTGTGACT-1,
CACCCTTGGTGAGACC-1,
CACCGCCAGAAGGTTT-1,1
CACCGTTAGGGATCAC-1,
CACCGTTGCGCGATAT-1,
CACGAAAGTTAGTCCC-1,
CACGCAGCGAGGCTTT-1,
CACGTCGGCAACCTCT-1,
CACGTTCGTGCTCTAG-1,
CACTCCTATGTAAGAT-1,
CACTCGAGCTGAACAA-1,
CACTGTCCAAGTGAGA-1,
CACTTCGCCACAGGCT-1,
CAGACACCGATCGCTG-1,
CAGACGAACCTGATAC-1,
CAGAGACGGTCACCCA-1,
CAGAGGCGATGCATGA-1,
CAGATACTAACATAGT-1,
CAGCAGCCCGTTCCTT-1,
CAGCGATTCCCTTCAA-1,
CAGCTCACTGAGACAT-1,
CAGCTGGCGTAACCGT-1,
CAGCTTAGTAGGTAGC-1,
CAGGATATATCGTTGT-1,
CAGGCGCACGGTGGTC-1,
CAGGCGCCATGCTAGG-1,
CAGTACCAGTTTACGT-1,
CAGTCTGTATACTGGG-1,
CAGTTCAAATTGACAC-1,
CAGTTCCGCGGGTCGA-1,
CATAAGAAGCTTGGCT-1,
CATAAGCTCTCCGTCT-1,
CATACCCGTACCCAGT-1,
CATACGGCGTCTGGGC-1,
CATAGCGTTGCCCACC-1,
CATAGTCCACAAGAAC-1,
CATATGTCAGGCTACG-1,
CATGAGATGCACTCTC-1,
CATGCCAACTCGCAAA-1,
CATGGTAAGTAGCGTT-1,
CATGGTCTAGATACCG-1,
CATGTCTCATTTATGG-1,
CATTATGCTTGTTGTG-1,
CATTTGAGTGGTACGT-1,
CCAACGATGCACTGAT-1,
CCAAGAAAGTGGGCGA-1,
CCAAGCGTAACTCGTA-1,
CCACCAACTTTACTGT-1,
CCACCCAAGGAAAGTG-1,
CCACGGAGCCATAAGA-1,
CCACTGGTGGCTGGTT-1,
CCAGAAAGCAACTCAT-1,
CCAGCCTGGACCAATA-1,
CCAGCTGATGGTACTT-1,
CCAGGGACGTGGCCTC-1,
CCAGTCTTGTCATAGA-1,
CCATCGCAGTTAAACT-1,
CCATGCTCTGCAGGAA-1,
CCATGGCCCTTGTACC-1,
CCATTAGCGATAATCC-1,
CCATTCCCTGCCCACA-1,
CCATTTCTACCTATTA-1,
CCCAATGAGATTTGCA-1,
CCCAGTTAAGGCGCCG-1,
CCCGAAGTTTCGCGAA-1,
CCCGCAGCGCGAACTA-1,
CCCGCCATGCTCCCGT-1,
CCCGTAGCTGGGAAGA-1,
CCCGTCAGCGTCTGAC-1,
CCCGTGAGGGCGGTGA-1,
CCCTGAAATGAGTTGA-1,
CCCTGCCCAATCCGCT-1,
CCCTGCGCTACGCATA-1,
CCCTTTGACAGGTCTT-1,
CCGAACACTGGGCCTC-1,
CCGAACCTTCCCGGCC-1,
CCGACAAAGGGAGTGC-1,
CCGACGGGCATGAGGT-1,
CCGATTCGAGGGACCC-1,
CCGCACAAAGACCAAC-1,
CCGCACGTGACCTCGG-1,
CCGCATGTGGTACGAT-1,
CCGCGATTTGGTAGGT-1,
CCGCGGAATGCGTCAC-1,
CCGCGGGTACGAAGAA-1,
CCGCGTAGGTAAGGGC-1,
CCGCTATCAGCACCAG-1,
CCGCTTACCTCACTCT-1,
CCGGAATGGTTTCAGT-1,
CCGGAGCGTACTTTCT-1,
CCGGGCGGTCTCGTCA-1,
CCGGGCTGCTCCATAC-1,
CCGGTTTGTAATTGTG-1,
CCGTAAGTTGGTCCCA-1,
CCGTATCTCGTCGTAG-1,
CCGTGTTAAATTCCAT-1,
CCGTTCCGAATCTCGG-1,
CCTAAATTAACGGTTC-1,
CCTAACCCAAACAAGT-1,
CCTACATTCACAGACG-1,
CCTACTGCTTACACTT-1,
CCTATACCGTCCTGTC-1,
CCTATGGGTTACCGTC-1,
CCTCCGACAATTCAAG-1,
CCTCGCGCTGTGCGAT-1,
CCTCGGACCGGGATAG-1,
CCTCTATCGATTAGCA-1,
CCTCTGTACTATTCTA-1,
CCTGAACGATATATTC-1,
CCTGACCACCGATGGT-1,
CCTGCTATTTGAGAAG-1,
CCTGGCTAGACCCGCC-1,
CCTGGTCGAATGTGGG-1,
CCTGTACTCACGCCCA-1,
CCTGTCACCCGGGCTC-1,
CCTGTCGCCCGTAAAT-1,
CCTTCTCAGCGTTCCT-1,
CCTTTAAGGGAGCACT-1,
CGAACCCGCATGCGTC-1,
CGAACGGCCGGACAAC-1,
CGAAGTTGCTCTGTGT-1,
CGACCCTTAACGCCGG-1,
CGAGACCCTAGAGTGT-1,
CGAGGCTAAATATGGC-1,
CGAGGGACTGCGGTCG-1,
CGAGTACTAAAGAGGA-1,
CGAGTGAAGGTACCAG-1,
CGATCTGTTGGAGGAC-1,
CGATTAAATATCTCCT-1,
CGCAAACACGAGTTAC-1,
CGCAATTACTTTCGGT-1,
CGCAATTAGGGTAATA-1,
CGCAATTCTACAATAA-1,
CGCACATGTCCACTAC-1,
CGCATGGTGCGATGCT-1,
CGCATTAGCTAATAGG-1,
CGCCAAGAAGCCGAGT-1,
CGCCCAGCACGCCTAG-1,
CGCCGCCCATGCCTGT-1,
CGCCTCCCTCCTCTAT-1,
CGCGAGTCTGCCGGGT-1,
CGCGCATGTTTGATTG-1,
CGCGTTCATGAAATAC-1,
CGCTCGACATAATGAT-1,
CGCTCTCCGTAGATTA-1,
CGCTGTGACGCCGCAC-1,
CGCTGTGTGGATGTTG-1,
CGCTTCCACTGAAATC-1,
CGGAAAGAATCAAACG-1,
CGGAACGTAAACATAG-1,
CGGAGCAATTTAATCG-1,
CGGAGCATGGCGATCC-1,
CGGAGTTTGAGAGACA-1,
CGGCAAACATCGTGCG-1,
CGGCCACGCACAAAGT-1,
CGGGAATTTATGTAAA-1,
CGGGCAGCTAAACCGC-1,
CGGTACTAGAATCAAA-1,
CGGTGAAGACTAAAGT-1,
CGGTGCGCGTTGGTCC-1,
CGGTTGACCTGGCATA-1,
CGTATTAAGAGATCTA-1,
CGTCACGTCCATTGGT-1,
CGTCGGGTCTAAGCGC-1,
CGTGCAGACTGGGACA-1,
CGTGCCCTCCCGAAGA-1,
CGTGTCCCATTCGCGA-1,
CGTTCATGGTGCGCGT-1,
CGTTGAGCGACCGTCG-1,
CGTTTGTGTAGAGGGT-1,
CTAAAGGGAAATAGGA-1,
CTAACTGGTCCGGTTC-1,
CTAAGGGAATGATTGG-1,
CTAATTCGCACGCGCT-1,
CTACAAGAAATAACCC-1,
CTACGACTAGCTATAA-1,
CTACGCACGGAGTACC-1,
CTACTATCATAGGTTT-1,
CTACTCAAGGTATAGT-1,
CTACTCTAGGCCCGGC-1,
CTACTGCCACCTGACC-1,1
CTAGATTTACGACGGC-1,
CTAGCATAGTATAATG-1,
CTAGGTTCGGACGTGA-1,
CTAGTCACGTCTTAAG-1,
CTAGTTACAACCCGGT-1,
CTATCGGGTCTCAACA-1,
CTATGTCACTAGCCCA-1,
CTATGTGAGTCACGGC-1,
CTATTCATGTGTCCCA-1,
CTATTTGGTTACGGAT-1,
CTCACTTGGCTGGTAA-1,
CTCATGGTAATTTGCG-1,
CTCCCTCCTTTCGATC-1,
CTCGAGGTCGAACAGT-1,
CTCGGTACCACTGCTC-1,
CTCGGTTGTCGGCCCT-1,
CTCTACACTGGCGATT-1,
CTCTAGCCCTCGGAAA-1,
CTCTATTTGGCTGCAG-1,
CTCTCACAATCGATGA-1,
CTCTGGACGCCTGGTG-1,
CTCTTGTCCCGCTTGG-1,
CTGAATCCGAGACCTC-1,
CTGCACAACTACATAT-1,
CTGCACTCCAGTACAG-1,
CTGCCATGCATCACAT-1,
CTGCGGGTGAAATGTT-1,
CTGCTGAGGCCACGAA-1,
CTGCTTGGCGATAGCT-1,
CTGGAAATGGATGCTT-1,
CTGGAAGACACGGTGG-1,
CTGGATTTACACTTGA-1,
CTGGCATCCGAATGAG-1,
CTGGCTGGTTGTCAGT-1,
CTGGGATAAATAATGG-1,
CTGGGTAGGCAGTTAA-1,
CTGGTAACACATAGAA-1,
CTGTAGCCATCTCACT-1,
CTGTATGGTGTAGAAA-1,
CTGTGCAGGGTAGGTC-1,
CTGTTACCCAATCTAG-1,
CTGTTCATCTCACGGG-1,
CTTACACGGTATTCCA-1,
CTTATGCGCTCAGGGC-1,
CTTCAACTCCACTTGG-1,
CTTCATAGCTCAAGAA-1,
CTTCATTGTCAGTGGA-1,
CTTCCGCTCCGTGAAG-1,
CTTCTATTAATGCTAG-1,
CTTGCAACCGCCTCCT-1,
CTTGCCCAGGCTCTAC-1,
CTTGTCAACATTCGAG-1,
CTTGTTGCTGAGTCAA-1,
CTTTAATATTGGTCGA-1,
CTTTACCGAATAGTAG-1,
CTTTAGGAACACTGTT-1,
CTTTAGTGCTATTATT-1,
CTTTCTGTGCGGGCTT-1,
CTTTGGCGCTTTATAC-1,
CTTTGGCTTTAGTAAA-1,
CTTTGGGATTGTTGCA-1,
GAAACCGAATTACCTT-1,
GAAACTCGTGCGATGC-1,
GAAAGCAGTGCACTTT-1,
GAAAGCCCTTTGGACC-1,
GAAAGTGACTAACTGC-1,
GAAATATCACCATCAG-1,
GAAATGGCGGTGTTAG-1,
GAACAGATTACTAAAT-1,
GAACCCTCTGTGTTCT-1,
GAAGCGTGAGGAATTT-1,
GAAGCTTGCTGACCGC-1,
GAAGTCAGTTGCACTA-1,
GAATCGACATGGTCAC-1,
GAATCTGAACATTCTC-1,
GAATGTGGTCCGGATT-1,
GAATTATAGTGAAAGG-1,
GAATTCACCCGGGTGT-1,
GAATTTCTCGCTGCAG-1,
GACACAAGGGAAGAAA-1,
GACAGCCAGACCTGAC-1,
GACAGGCACACACTAT-1,
GACATCGATTTATAAC-1,
GACCAGAGCCCTGTAG-1,
GACCGACTGAAGCGTC-1,
GACGACGATCCGCGTT-1,
GACGCCGTAAAGGCTA-1,
GACGTGTAGGGATTAT-1,
GACTAAGATCATGCAC-1,
GACTAAGTAGGCTCAC-1,
GACTACAAAGCGGTGG-1,
GACTGCAAATCGAGCT-1,
GACTGCACCAGCCCAG-1,
GAGACTGATGGGTAGA-1,
GAGACTTCGCGACCGA-1,
GAGATCTGCTTGGCAT-1,
GAGATCTGTCACTCCG-1,
GAGATCTTCCATGACA-1,
GAGATGGGAGTCGACA-1,
GAGCTAAGGGCATATC-1,
GAGGAATGGAGAGGTT-1,
GAGGCCCGACTCCGCA-1,
GAGGCTATCAAAGTCG-1,
GAGTAAGGCCACGGGA-1,
GAGTATGCCCGCCTTG-1,
GAGTCAGACCAGAATC-1,
GAGTCCGCTTACCGGA-1,
GAGTGTGCGGTACCCA-1,
GAGTTGATGGCAATTT-1,
GATAACTCGCACTGTG-1,
GATAGGTAACGTTGAC-1,
GATATGAGACACTAAC-1,
GATCATTCCAAACATT-1,
GATCCCTTTATACTGC-1,1
GATCCGGGAATTAACA-1,
GATCCTCGACACTGGC-1,
GATCGACACTATCTGA-1,
GATCGGATAGAACCAT-1,
GATCGGTGGCCATAAC-1,
GATCGTGACTGATATC-1,
GATCTTGGAGGGCATA-1,
GATGACAAGTAGGGCA-1,
GATGCTGTATTTCATC-1,
GATGTAACGAACCACC-1,
GATTCGACGGTTCACG-1,
GCAAACCCTACATTAT-1,
GCAAACCTTGGCCATA-1,
GCAACACACTAGAACT-1,
GCAAGTGCACAGAGAA-1,
GCACGCCTACTTAGAT-1,
GCAGATCCATAAGACT-1,
GCAGATTAGGGATATC-1,
GCATACGAGGTCTTTA-1,
GCATTGTAATTCATAT-1,
GCCATCGAGCTGCGTG-1,
GCCCAGTTGGTATGCC-1,
GCCCGACTTCTTCCCG-1,
GCCCGATCTGTGGTCG-1,
GCCCGCGCGTAAACGG-1,
GCCCGCGCGTTTGACA-1,
GCCGAAATTCCTACGT-1,
GCCGATTGGCCAAGCT-1,
GCCGCATTAGTCCGGC-1,
GCCGGGTTAGGGTCGC-1,
GCCTAGCGATCTGACC-1,
GCCTATTCCGATATAG-1,
GCGAAACTTAACTGGA-1,
GCGAAGCCATACCCGT-1,
GCGACCCAACCATCTG-1,
GCGACGATAGTTGTAC-1,
GCGAGTTCTGCAAAGA-1,
GCGATTGTTAACGTTA-1,
GCGCCGTTCCACGATA-1,
GCGCTAATTGAATAGA-1,
GCGGACCGCGTTGTGG-1,
GCGGAGAAACTTCGCA-1,
GCGGAGAGGGAGAACG-1,
GCGGGCGAGCCTTACC-1,
GCGGTTCCCTATCATG-1,
GCGTCCCTAAGACATA-1,
GCGTCGCCAGGGTGAT-1,
GCTAAGTAGTTTCTCT-1,
GCTACAGTACGGACCG-1,
GCTACGACTTATTGGG-1,
GCTAGCTTGAATAGCT-1,
GCTAGGCACCACGGAG-1,
GCTAGTAGAGCTTGTA-1,
GCTAGTTTCATTGAGG-1,
GCTATACGTCTCGGAC-1,
GCTCAATCCGTTTATT-1,
GCTCCTGACATACTGG-1,
GCTCTAAACCCTGACG-1,
GCTCTATGTTACGTGC-1,
GCTCTCGGGTACCGAA-1,
GCTGAGGCGTGAGTAT-1,
GCTGCACGGTTTCTTA-1,
GCTGCTAAGTAGTCGA-1,
GCTGCTACTGCGTAGC-1,
GCTGCTCTCCGGACAC-1,
GCTGGCATATTCACCT-1,
GCTGGCGGCGCATGCT-1,
GCTTAATGTAACTAAC-1,
GCTTCCGTCCCTAGAC-1,
GCTTGATGATAATCAG-1,
GGAACCGTGTAAATTG-1,
GGAATGCGCTAGCGTG-1,
GGACCAACAGGATAAC-1,
GGAGAAGTCATTGGCA-1,
GGAGACGACACCTTTG-1,
GGAGGGCTTGGTTGGC-1,
GGATCCGGAATATACT-1,
GGATCTTGACTCAACC-1,
GGATGCTGGCGTTCCT-1,
GGCAAAGGCGCCAATA-1,
GGCAAGGCGAAATAGC-1,
GGCAATAGTCAATGAG-1,
GGCACTCCACTGGGCA-1,
GGCATACAGGTAGCGG-1,
GGCCCTCACCCACTTA-1,
GGCGAAATCTAACTTG-1,
GGCGCAGGACATCTTC-1,
GGCGCGTTCGAGTTTA-1,
GGCGGAGTAATATTAG-1,
GGCGGTAGGATCATTG-1,
GGCGTCCTATCCGCTG-1,
GGCTACTATACACTCC-1,
GGCTATTAAGTTGTAT-1,
GGCTCCTCCACCTGTT-1,
GGCTCGTGCCACCAGC-1,
GGCTGAAATAGCAAAG-1,
GGGACCCGTATATCTT-1,
GGGACTGCATAGATAG-1,
GGGAGAACTCACAGTA-1,
GGGAGTTAATGAGGCG-1,
GGGATGGTCGTAACCG-1,
GGGATTTACCGCACCT-1,
GGGCAGAGCAATCGTT-1,
GGGCCCTACGAAAGGG-1,
GGGCCGGCCGAAGTAC-1,
GGGCGATATGTGTGAA-1,
GGGCGGCAAATGAATT-1,
GGGCGTACATTTATAT-1,
GGGCGTCACCACGTAA-1,
GGGCTATGATCGATGG-1,
GGGCTGCCTAGGGCGA-1,
GGGCTGGTTAGTCGCG-1,
GGGTATGTATGCACTT-1,
GGGTCACCGTGACGGT-1,
GGGTGACACCTTAACT-1,
GGGTTAACATTTGAGT-1,
GGTACATCTGGGACGA-1,
GGTAGAAGACCGCCTG-1,
GGTAGACCGTTGGGCG-1,
GGTAGTGCTCGCACCA-1,
GGTATTGCCGAGTTTA-1,
GGTCAGTGGGTCCCAC-1,
GGTCGGCCAGGAGCTT-1,
GGTCGGTCGTCCACAG-1,
GGTCGTAAGCTCGCAC-1,
GGTCTCTGAATGGACT-1,
GGTCTGAGAATCTGGA-1,
GGTGAAGTACAGGGAT-1,
GGTGATAAGGAGCAGT-1,
GGTGGACTGCTCTGGC-1,
GGTTACCACCCTCGGG-1,
GGTTAGCTATATGTCT-1,
GGTTAGGCTTGGAGAA-1,
GGTTAGTTACGGCGCC-1,
GTAAGTAACAGTCTGG-1,
GTAAGTAGGGTATACC-1,
GTAATCTGATTCTTCG-1,
GTACACTTACCTGAAG-1,
GTACAGAGGCAAGGGT-1,
GTACGCTTCATTGCAC-1,
GTACGTTTGCCCGTCA-1,
GTACTAAGATTTGGAG-1,
GTACTCCCTTATCGCT-1,
GTACTGGAGTTAGACC-1,
GTAGAGGGAGACAAGT-1,
GTAGCCAAACATGGGA-1,
GTAGCGGCTATACACT-1,
GTAGTCGCGGGAATCA-1,
GTATCAGCTTGGGTTC-1,
GTATCTTTCATAACCA-1,
GTATGAAATTTCACTC-1,
GTATTCTGAGAAACGA-1,
GTCAAGCGGACTCGGG-1,
GTCACTCTCCAAATCT-1,
GTCAGAATAGTCTATG-1,
GTCATGCACCTCCGTT-1,
GTCATGGACATGACTA-1,1
GTCATTAGAGCGAACG-1,
GTCCCAACGTAAAGTA-1,
GTCCCGCGACGTTATG-1,
GTCCGGCTGAATTGCG-1,
GTCGCCGTTGTGTGTT-1,
GTCGCGTAACCCGTTG-1,
GTCGGATATCTCAGAC-1,
GTCGGGAAGCAGAAAC-1,
GTCGTACCATCTCGGG-1,
GTCGTTATTCGCTTAT-1,
GTCTACTCAATTACAA-1,
GTCTATTGGTTCCGGT-1,
GTGACTTCAGTAGTGC-1,
GTGAGCGTGCTGCACT-1,
GTGAGGACACTTAAGG-1,
GTGAGTGGTACAACGC-1,
GTGATCATAGATCTGC-1,
GTGATTCGCCGCTCAA-1,
GTGCCCGTTCGGATTC-1,
GTGCGTGTATATGAGC-1,
GTGCTCAAGTACTGTC-1,
GTGGACGCATTTGTCC-1,
GTGGAGTCGGCGGTTG-1,
GTGGCAAACAGCGGCA-1,
GTGGCGGTCCCAGCGT-1,
GTGGGAAGACTGAATC-1,
GTGGGCTTAGACACAC-1,
GTGGTATAGTCTGCCG-1,
GTGGTGGCCAAGTGAA-1,
GTGTATATCAGCGGGC-1,
GTGTCGTATAGCGTTC-1,
GTGTGAATAACTTAGG-1,
GTGTTACTATGCGTCC-1,
GTTAAAGTAGGACTGG-1,
GTTAACATCACTTAAA-1,
GTTACAATTGGTGACG-1,
GTTACCTACAACTTGC-1,
GTTATATTATCTCCCT-1,
GTTCACAGGAGTCTAG-1,
GTTGAGTCCCGCCGGT-1,
GTTGCACGGAGTTTCG-1,
GTTGGTCATGCTATCC-1,
GTTTACGTTCCATCTG-1,
GTTTCATATCGTCGCT-1,
GTTTCCTGGAGGGTGA-1,
GTTTCTGCAGTCTCCC-1,
GTTTGACCAAATCCTA-1,
GTTTGGCCCAAGTTAT-1,
GTTTGGGCTTGTGAGC-1,
GTTTGGTAGGGTCAAC-1,
TAAACCCAGGAGGGCA-1,
TAAATGAATCCGTTTC-1,
TAACAAAGGGAGAAGC-1,
TAACATACAATGTGGG-1,
TAACATACACGCGATC-1,
TAACGCTTTGAGAGCG-1,
TAACTATCGAAGGTCC-1,
TAAGCAGGCGACACGC-1,
TAAGGCATAACATCAA-1,
TAAGGGCTGGGAGAGG-1,
TAAGTCGCCGAGTATC-1,
TAATAGAACAGAGTTA-1,
TACAAGTCTCGTGCAT-1,
TACATAGGCATACACC-1,
TACATCCCTATCCCTG-1,
TACCAAATAGCCCAGA-1,
TACCAATAAAGTACCA-1,
TACCAGAAGTAGGTTC-1,
TACCGGCTCACTGCCC-1,
TACCGGTCGTTTCCAT-1,
TACCGTGCCTCGGACC-1,
TACCTACTCCCAGTAT-1,
TACCTGCTGCACTGTG-1,
TACCTTAAGATTTCCC-1,
TACGAACACGACTTCA-1,
TACGACGCTTGCTGCG-1,
TACGACTGCCTCTTAG-1,
TACGCCGAGGGTACCC-1,
TACGCCTCCATTCCGA-1,
TACGTACTAGTGCTGA-1,
TACGTGCACTATGCTG-1,
TACTATGGTTCCTCAG-1,
TACTCGGCACGCCGGG-1,
TACTCTTTCGTCTTCA-1,
TACTGAACAGATTTAG-1,
TACTGGACAGCTCGGC-1,
TACTTGTTAGTAGTCC-1,
TACTTTCCGCACGCCA-1,
TAGAAAGGTGGCGCTA-1,
TAGAGTCTAAGCGAAC-1,
TAGATATGGACTGGAA-1,
TAGATTCCTGGTTATT-1,
TAGCCATTTCAAAGTC-1,
TAGCCGGCGGTCAGCG-1,
TAGCGTTGGGTCTTAC-1,
TAGCTAAGTCCGGGAG-1,
TAGCTAGAAGGCATGA-1,
TAGCTCGCCTGATAAC-1,
TAGGTCCAAGTAAGGA-1,
TAGGTGAGCCCTACTC-1,
TAGGTGCTCGCCTAGC-1,
TAGGTTCGAGTTCGTC-1,
TAGTAGCTTATACCAG-1,
TAGTGCCCTCCAGAGT-1,
TATAAATCCACAAGCT-1,
TATAAGTGAGGATAGC-1,
TATACACAGACGCCTT-1,
TATACACGCAAAGTAT-1,
TATAGGGTACTCATGA-1,
TATCCGCACCGTCGGG-1,
TATCGATGATTAAACG-1,
TATCTACAGAGGTAAT-1,
TATCTACCACAGCGGG-1,
TATGAAGACAGGTGCG-1,
TATGCTCCCTACTTAC-1,1
TATGGATGTGCTACGC-1,
TATGGCCCGGCCTCGC-1,
TATGGGTACGTATCGT-1,
TATTAACCTGACCGCG-1,
TATTCAATTCTAATCC-1,
TATTCCACTCAGCTCG-1,
TATTCCTCCGCCCACT-1,
TATTCGTGCCAGAATA-1,
TATTTGTTACCCTTTA-1,
TCAAACAACCGCGTCG-1,
TCAAACTTAGATTGTT-1,
TCAACAAAGATAATTC-1,
TCAACATAGCGCCCTA-1,
TCAACATCGACCGAGA-1,
TCAACCATGTTCGGGC-1,
TCAACGCAGGAAATAA-1,
TCAACGCGACCGGCAG-1,
TCAACTAACGTATAAC-1,
TCACAGCAAACTCGAA-1,
TCACAGGAGAATAAGA-1,
TCACAGGGAATCGCAA-1,
TCACAGGTTATTGGGC-1,
TCACATCTTATCTGAT-1,
TCACCCTCTTAAGATT-1,
TCACGATGTCCGTGGA-1,
TCACGCATTGTAGATC-1,
TCACGGTCATCGCACA-1,
TCACGTGCCCGATTCA-1,
TCAGACGCTATAGAAG-1,
TCAGCAAATGCATCTC-1,
TCAGGGTGTAACGTAA-1,
TCAGGTTCTTTGAGAA-1,
TCAGTACTGACCCGCG-1,
TCAGTAGGGACTATAA-1,
TCAGTGTATACGTCAT-1,
TCATCGATGGTCCCAA-1,
TCCAACTCAGCTATCT-1,
TCCACAATGGTTTACG-1,
TCCACTTTATCTAGGT-1,
TCCAGAGCACCGGTTC-1,
TCCAGGCGAGTACGGT-1,
TCCCAAAGACGAAGGA-1,1
TCCCAGCTTTAGTCTG-1,
TCCCAGGCTTAGCTAA-1,
TCCCGCGTACTCCTGG-1,
TCCCGTGTGCAATTTG-1,
TCCCTGGCTCGCTGGA-1,
TCCGAACTTGGCTTAC-1,
TCCGATGGTGCGACAT-1,
TCCGATTACATTGCCG-1,
TCCGCGGCAGCATCTG-1,
TCCGCTGTCATCCCGG-1,
TCCGCTTATCCCATTA-1,
TCCGGTTCGTCCGGTC-1,
TCCTAAATTGGGAAGC-1,
TCCTAACCGTCGGGCA-1,
TCCTACATCCACGGCC-1,
TCCTCCTAAGACATTC-1,
TCCTCGGGCTGGGCTT-1,
TCCTCTACGAGATGGC-1,
TCCTCTCCAGTTGTCC-1,
TCCTTTCTTACGCTTA-1,
TCGAAATTTAGGACCA-1,
TCGAATATCCCGCAGG-1,
TCGAGCCAGGCAGGCC-1,
TCGCAAAGATGCATTT-1,
TCGCACCAGGAGGCAG-1,
TCGCGTCCAGAAGGTC-1,
TCGCTCGATATATTCC-1,
TCGGAATGCGCTCTGA-1,
TCGGACGCCCAGCCCA-1,
TCGGAGAGTATCGGGA-1,
TCGGAGTACATGAGTA-1,
TCGGCGTACTGCACAA-1,
TCGGGAGACAGCGTAC-1,
TCGGGATTCAAACATA-1,
TCGGGCCGTCGTGGTA-1,
TCGTATTACCCATTGC-1,
TCGTCAAGTACGCGCA-1,
TCGTCACACTGTTAGC-1,
TCGTCCGCTGGCGTCT-1,
TCGTCTTAGGCGTTAA-1,
TCGTGTACTATGGATG-1,
TCGTGTCACGCTGACA-1,
TCGTTAGGAGTCCCTA-1,
TCGTTGCTATCCGGTC-1,
TCTACCGTCCACAAGC-1,
TCTAGCAATCTCCGCC-1,
TCTAGCATCTTCGATG-1,
TCTAGCATGCCCAGAA-1,
TCTAGTTATCAGAAGA-1,
TCTATTACTAGAGGAT-1,
TCTCATGAGATAGGGT-1,
TCTGAACCGGTCGGCT-1,
TCTGATGTATTCTGTC-1,
TCTGCCAGAAACTGCA-1,
TCTGTGCCATCATAGT-1,
TCTGTTACCCAGCATA-1,
TCTTACGGCATCCGAC-1,
TCTTCGAATAGACGTT-1,
TCTTCGATACCAATAA-1,
TCTTGATGCGTAGCGA-1,
TGAAAGGACCTGACTC-1,
TGACCCACGTTAGACA-1,
TGACGAATATTTCCCT-1,
TGACTATAATCCTTTC-1,
TGAGCGGAAAGTGTTC-1,
TGAGGAGTGCCAGCTT-1,
TGAGTAAATTAGCGTA-1,
TGATACATTTAGCCGT-1,
TGATCAGGGAACTGCT-1,
TGATCGGTTTGACCCT-1,
TGATCTCCGGCGCCAG-1,
TGATTCGTCTATCACT-1,
TGATTCTGTCGCCGGT-1,
TGATTTATTAGCTGTG-1,
TGCAAGAATGACGTAA-1,
TGCAGAACTATATCGT-1,
TGCAGATCGTCCTAGG-1,
TGCAGCTACGTACTTC-1,
TGCATGTGGTAATCTA-1,
TGCCAAAGTCAGACTT-1,
TGCCAATGGGTACTCT-1,
TGCCAGTACGTGGAGA-1,
TGCCCGTACCGTTAAA-1,
TGCCGTGGATCGTCCT-1,
TGCCTTGGCCAGGCAA-1,
TGCGAATATGGGATTT-1,
TGCGACACCCTAGTGC-1,
TGCGAGAATATTACCC-1,
TGCGCAAAGCATTTGG-1,
TGCGCGATTAACGGAG-1,
TGCGTCATGACTGAGC-1,
TGCGTTTGTTGACACT-1,
TGCTCGGCGAAACCCA-1,
TGCTGGTTGGACAATT-1,
TGCTGTTGAAGAACTC-1,
TGGACTGTTCGCTCAA-1,
TGGAGTGATGCGATGA-1,
TGGCAAACTAAATTAC-1,
TGGCAGATTACGATCA-1,
TGGCAGCAGTAATAGT-1,
TGGCCAAACTGAAGTA-1,
TGGCCGTATATTGACC-1,
TGGCGACTGCTCCAAA-1,
TGGCGATCAAGTTATG-1,
TGGCTATGTGACATAC-1,
TGGCTCTTGTCGCGTA-1,
TGGGCCCATACTAATT-1,
TGGTCCCACGCTACGG-1,
TGGTCTGTTGGGCGTA-1,
TGGTTCAACGGGTAAT-1,
TGTAATGACCACAATA-1,
TGTAGTGATCTATAAT-1,
TGTATAACAGATCCTG-1,
TGTCCTAAGTCACCGC-1,
TGTGAGACTAGCCCAA-1,
TGTGCTTTACGTAAGA-1,
TGTGTCGCGAGTTGCA-1,
TGTGTTCGTATCCAAG-1,
TGTTATTGTATGTGGC-1,
TGTTCGTATTGCGGTG-1,
TGTTCTTCCATTGACT-1,
TTAACTTCAGGTAGGA-1,
TTAAGCGCCTGACCCA-1,
TTAATGTAGACCAGGT-1,
TTACAACTACGCATCC-1,
TTACATCGTGGCCTGG-1,
TTACCATTGATTACCC-1,
TTACTAAAGGACTTTA-1,
TTACTATCGGCTTCTC-1,
TTACTCCGGCCGGGAA-1,
TTAGAAGAACATGACT-1,
TTAGAATAAGGGTCGG-1,
TTAGACGAGTCACCTC-1,
TTAGAGTTTAGAAGGA-1,
TTAGGTCATAACCGAC-1,
TTAGTAGGGCGGCGGG-1,
TTATATACGCTGTCAC-1,
TTATATTTGGCAATCC-1,
TTATCCGGGATCTATA-1,
TTATCCTCAAGGAATA-1,
TTATCTGACATTAGGA-1,
TTATGAATGAAAGGGA-1,
TTATGACAAACTGGAT-1,
TTATGATCTTAACGAA-1,
TTATTAGAGCGTGTTC-1,
TTCAAAGTCTCTAGCC-1,
TTCAATACTCTGAATC-1,
TTCACTCGAGCACCTA-1,
TTCAGCCCTGGTCCAC-1,
TTCAGGCGTCAAAGCC-1,
TTCCAATCTGGCTATC-1,
TTCCACACAGATTTGA-1,
TTCCCGGCGCCAATAG-1,
TTCCGCGTGAGGCGAT-1,
TTCCGGCCTTGAGGCT-1,
TTCCGGTTACCCACTT-1,
TTCCTCGGACTAACCA-1,
TTCCTCTGCCCGAATA-1,
TTCGACAGAGCCCGTG-1,
TTCGACGGGAAGGGCG-1,
TTCGCACTCGCGTGCT-1,
TTCGGGACTAATCGCG-1,
TTCGGGCGCTAGTCTT-1,
TTCGTACTCCAGAACG-1,
TTCTACTTGCGAGGGC-1,
TTCTAGGCCAATTGTG-1,
TTCTGACCGGGCTCAA-1,
TTCTGCCGCGCCTAGA-1,
TTCTGCGAGCGCCCTT-1,
TTCTGCGGGTTAGCGG-1,
TTCTTGAGCCGCGCTA-1,
TTCTTGGACGATCTGC-1,
TTCTTGTAACCTAATG-1,
TTGAACGACGTGCTGA-1,
TTGAAGAATTCCCAGG-1,
TTGAATATGGACTTTC-1,
TTGACATGAACGTGGA-1,
TTGACCGTGTTAATGA-1,
TTGATCTAACTTTGTC-1,
TTGATTAGCTGTTTCT-1,
TTGATTATGCAGATGA-1,
TTGCCATAGCCCGCTC-1,
TTGCGGCATCAGAAAG-1,
TTGCGTCGGCCAACCG-1,
TTGCTGATCATGTTCG-1,
TTGGAAGAATACAGTC-1,
TTGGATATCGTCTACG-1,
TTGGCTCGCATGAGAC-1,
TTGGGACACTGCCCGC-1,
TTGGGCGGCGGTTGCC-1,
TTGGTCACACTCGTAA-1,
TTGGTTGCGGTGCGCG-1,
TTGTAAGGACCTAAGT-1,
TTGTGAGGCATGACGC-1,
TTGTGGTAGGAGGGAT-1,
TTGTGTATGCCACCAA-1,
TTGTGTTTCCCGAAAG-1,
TTGTTAGCAAATTCGA-1,
TTGTTGTGTGTCAAGA-1,
TTGTTTCACATCCAGG-1,
