Barcode,Cartilage
AAACAAGTATCTCCCA-1,1
AAACATTTCCCGGATT-1,
AAACCCGAACGAAATC-1,1
AAACCGGGTAGGTACC-1,
AAACCGTTCGTCCAGG-1,
AAACCTCATGAAGTTG-1,
AAACGAGACGGTTGAT-1,
AAACTGCTGGCTCCAA-1,1
AAAGACTGGGCGCTTT-1,
AAAGGGCAGCTTGAAT-1,
AAAGTCGACCCTCAGT-1,
AAAGTGTGATTTATCT-1,1
AAAGTTGACTCCCGTA-1,
AAATACCTATAAGCAT-1,
AAATAGCTTAGACTTT-1,
AAATAGGGTGCTATTG-1,
AAATCGTGTACCACAA-1,1
AAATCTAGCCCTGCTA-1,
AAATGCTCGTTACGTT-1,
AAATGGTCAATGTGCC-1,
AAATGTATCTTATCCC-1,
AAATTAACGGGTAGCT-1,
AAATTGCGGCGGTTCT-1,
AAATTTGCGGGTGTGG-1,
AACAACTGGTAGTTGC-1,
AACAATTACTCTACGC-1,
AACACACGCTCGCCGC-1,
AACAGGATGGGCCGCG-1,
AACAGGTAGTATGGAT-1,1
AACATTGGTCAGCCGT-1,
AACCAAGACTTCTCTG-1,1
AACCCTACTGTCAATA-1,
AACCGCTAAGGGATGC-1,1
AACCTCGCTTTAGCCC-1,
AACCTGTCACGGAATT-1,
AACCTTTAAATACGGT-1,
AACGATAATGCCGTAG-1,
AACGCTGTTGCTGAAA-1,
AACGGACGTACGTATA-1,
AACGGCCATCTCCGGT-1,
AACGTACTGTGGGTAC-1,
AACGTGCGAAAGTCTC-1,
AACGTTATCAGCACCT-1,
AACTACCCGTTTGTCA-1,1
AACTAGGCTTGGGTGT-1,
AACTCAAGTTAATTGC-1,1
AACTCCAGAGCGTGTT-1,
AACTCGATAAACACGT-1,
AACTCTCAATAGAGCG-1,
AACTCTCAGTGTGCTC-1,
AACTTCTGCGTCTATC-1,
AACTTGCCCGTATGCA-1,
AACTTGCGTTCTCGCG-1,
AACTTTACGGGAGCTT-1,
AAGACTGCAAGCTACT-1,
AAGAGATGAATCGGTA-1,
AAGAGCTCTTTATCGG-1,
AAGAGGATGTACGCGA-1,
AAGAGGCATGGATCGC-1,
AAGAGGCCCTTTGGAA-1,
AAGCACCCTGCGTATC-1,
AAGCATACTCTCCTGA-1,
AAGCCGAAGCGGTTTA-1,1
AAGCTAGATCGAGTAA-1,
AAGCTCGTGCCAAGTC-1,
AAGCTCTTTCATGGTG-1,
AAGGAGCGGTTGGTGC-1,
AAGGATCGATCGCTTG-1,
AAGGCAGGCTGTCTCC-1,
AAGGCGCGTAAAGCTT-1,
AAGGCTGTGCTCATCG-1,
AAGGTGATAAACCAGC-1,1
AAGTAGTGACGCGAGG-1,1
AAGTCAATTGTCGTCA-1,1
AAGTGACGACCGAATT-1,
AAGTGCAAAGGTAGAC-1,
AAGTGCCTTGACTGTA-1,1
AAGTGTTTGGAGACGG-1,
AAGTTCACTCCAAGCT-1,
AAGTTCGGCCAACAGG-1,
AAGTTGTGATGTTATA-1,
AATAACAACGCTCGGC-1,1
AATAATCTTCGTATCG-1,1
AATACAATGTTTCAGG-1,
AATAGAACAGAGTGGC-1,
AATAGAATCTGTTTCA-1,1
AATAGTCGCGAGTCGG-1,
AATATCGAATCAATGC-1,1
AATATTGGAGTATTGA-1,
AATCATGTAAAGACTC-1,
AATCGCCTCAGCGCCA-1,
AATCGCGCAGAGGACT-1,
AATCTCTACTGTGGTT-1,
AATCTGCGTTGGGACG-1,
AATGACAGCAATGTCT-1,
AATGACGTAGGATGTC-1,1
AATGAGTTCGCATATG-1,
AATGGTCCACCGTTCA-1,
AATGTTGTCGTGAGAC-1,
AATTAAAGGTCGGCGT-1,1
AATTAACGGATTTCCA-1,
AATTACTCGTACGCTC-1,
AATTAGCGCTGCAGCG-1,
AATTCCAACTTGGTGA-1,
AATTCTAGAGTTAGGC-1,
AATTGAACGCTCTGGT-1,1
AATTGCAGCAATCGAC-1,
ACAAAGCATGACCTAG-1,
ACAAATCGCACCGAAT-1,
ACAAATGGTAGTGTTT-1,1
ACAACAGCATGAGCTA-1,
ACAACGGTCCCTGCGA-1,
ACAAGCAGTGCCTAGC-1,
ACAAGGAAATCCGCCC-1,
ACAAGGACAAGAGGTT-1,
ACAAGGATGCTTTAGG-1,
ACAAGGGCAGGCTCTG-1,1
ACAATAGTCGTACGTT-1,
ACAATCCATTTAAACC-1,1
ACAATTGTGTCTCTTT-1,
ACAATTTAGGAGGCTC-1,
ACAATTTGGCCATATT-1,1
ACACACCAGGACCAGT-1,1
ACACATTGACGCAACA-1,
ACACCGAGCGCTCTTT-1,
ACACCTTACTACTTGC-1,
ACACGAGACTCCTTCT-1,
ACACGTAGGCCACAAG-1,
ACACTCCAATGTCACT-1,
ACACTGATCAAGGTGT-1,
ACAGCGACATTCTCAT-1,
ACAGGAGGCGCAGCCG-1,
ACAGGCTTGCCCGACT-1,
ACAGGTGGAGGTGAGG-1,
ACATCAGCTGGGACGC-1,
ACATCCCGGCCATACG-1,
ACATCCTGGTAACTGT-1,
ACATCGATCGTTTACC-1,1
ACATCGGTCAGCCGCG-1,
ACATCGTATGCAATGG-1,1
ACATGGCGCCAAAGTA-1,
ACATGGCTCAATTTAG-1,
ACATTAGTTTATATCC-1,
ACCAACCGCACTCCAC-1,
ACCAACGCTTATTTAT-1,
ACCAATATGCAAGTTA-1,
ACCACAAGTTTCTATC-1,
ACCACCAATGTAACAA-1,
ACCACGTGCAGCTATA-1,
ACCACTGTTCAAGAAG-1,
ACCAGTGCGGGAGACG-1,1
ACCATATCCGCAATAA-1,1
ACCATCGTATATGGTA-1,
ACCATTAAGGGTGTCA-1,
ACCCACCTACATGCTC-1,
ACCCATCTTGAGGGTA-1,1
ACCCATTTGTCCCTCT-1,
ACCCGGAAACTCCCAG-1,
ACCCGGATGACGCATC-1,
ACCCGGTTACACTTCC-1,1
ACCCTATAGGACTGAG-1,
ACCCTCCCTTGCTATT-1,1
ACCGATGGTAGCATCG-1,
ACCGCAATAACTGCCT-1,
ACCGCGGTGGAAGTCG-1,1
ACCGGGCCTTTGTTGA-1,1
ACCTAATCGACTTCCT-1,
ACCTACAGTATGTGGT-1,
ACCTCCGCCCTCGCTG-1,
ACCTCCGTTATTCACC-1,
ACGAAATGGGCGGCAC-1,1
ACGAGTCGCCGGCGTT-1,
ACGATCATCTTGTAAA-1,
ACGATGCATATGTTAT-1,1
ACGCATACGTTTACTA-1,
ACGCATTCGTGAGTAC-1,
ACGCCGCTAGACGACC-1,1
ACGCCTGACACGCGCT-1,
ACGCGAAGTCAGACGA-1,
ACGCGCTACACAGGGT-1,
ACGCGGGCCAAGGACA-1,
ACGCGTTTCTTAAGAG-1,
ACGCTGTGAGGCGTAG-1,
ACGGAATTTAGCAAAT-1,
ACGGATGGTGCGGATA-1,
ACGGCACTTGCTTGGG-1,
ACGGCCAACATGGACT-1,
ACGGCGACGATGGGAA-1,
ACGGGTCATGTGACTT-1,
ACGTAGATTGCTGATG-1,
ACGTATTACTCCGATC-1,
ACGTTAATGTCGAAGA-1,1
ACGTTAGATTTGCCCG-1,1
ACGTTATTGGTCACTC-1,
ACTACCAGCTCTCTGG-1,
ACTAGTTGCGATCGTC-1,1
ACTATCCAGGGCATGG-1,
ACTATCGCCGGCTAAA-1,
ACTATCTGCCCGCGTA-1,
ACTCAAGTGCAAGGCT-1,
ACTCCCGAATTCGTTT-1,
ACTCCCTAATGCTAAA-1,
ACTCCCTAGAATAGTA-1,
ACTCGATGTATTTCAT-1,
ACTCGTCAGTAATCCC-1,
ACTCTAAACCTGGGAT-1,
ACTCTCTGACTTAGGT-1,1
ACTCTTCAGCTCCCGC-1,
ACTCTTGTATAGTAAC-1,
ACTGAAACGCCGTTAG-1,
ACTGAATGGCGAAAGT-1,1
ACTGCGGACACACCGT-1,
ACTGTAGCACTTTGGA-1,
ACTGTCCAGGATTATA-1,
ACTGTCTTCTTTAGAA-1,
ACTTACGCATCCACGC-1,
ACTTATACTTACCCGG-1,
ACTTATTAGGATCGGT-1,1
ACTTATTTATGTGCCA-1,1
ACTTCAGGCTGATCCC-1,
ACTTCCATGCGGGACA-1,
ACTTGACTCCCTCTTT-1,1
ACTTGGGACCCGGTGG-1,
ACTTGTGGATGGAACG-1,
ACTTTACCCTCATGAA-1,
ACTTTGACTGCATCCT-1,
AGAAATTATGACTCGC-1,
AGAACCCAGCGTGACA-1,1
AGAAGAGCGCCGTTCC-1,
AGAAGGTTGCCGAATT-1,
AGAATAAATCTTCAGG-1,
AGAATTATGGATTCGA-1,
AGAATTGTTTGACATA-1,
AGACAGCTCAGAATCC-1,
AGACCATGGGATACAA-1,
AGACCCACCGCTGATC-1,
AGACCGCTCCGCGGTT-1,1
AGACCGGGAAACCCTG-1,
AGACGAAGTGCCGGTC-1,1
AGACTAGCCTTCCAGA-1,
AGAGATCTCTAAAGCG-1,
AGAGCAGTTATGAGAC-1,
AGAGCGTACAAGCTCG-1,
AGAGCTACGAAAGCAT-1,
AGAGGCTTCGGAAACC-1,
AGAGTAAACTTCACTA-1,1
AGATAACTTCAGGGCC-1,
AGATACCAATAGAACC-1,
AGATACCGGTGTTCAC-1,1
AGATACTCAAGATCGA-1,1
AGATGATGGAGTCTGG-1,
AGATGCTATAACGAGC-1,
AGATTATAGGACGTTT-1,
AGCAACATATCTTATT-1,
AGCACTACCGGCCTGT-1,
AGCACTACCTCACCAG-1,
AGCACTTAAGGACGCC-1,
AGCAGCCAGATGAATA-1,
AGCATATCAATATGCT-1,
AGCATTACGAGGCAAG-1,
AGCCACAGGTTACCCG-1,
AGCCCATACATGTAAG-1,
AGCCCTGTCGCACCGT-1,
AGCCGCTTGATTAGCG-1,
AGCCTTAAAGCGGAAG-1,
AGCGATGCGCCTAATA-1,
AGCGCTAGAGCGATGT-1,
AGCGTGGTATTCTACT-1,1
AGCTCCATATATGTTC-1,
AGCTCCTTCGCACATC-1,
AGCTCTAGACGTTCCA-1,
AGCTCTTCGTAACCTT-1,
AGCTCTTTACTCAGTT-1,1
AGCTTGATCTTAACTT-1,
AGGAAAGCCTCTGATG-1,
AGGACAGTCGAATCCC-1,1
AGGACGACCCATTAGA-1,
AGGACTTATAGGAGAA-1,
AGGAGGCCTTCGCGCG-1,
AGGATAAAGTCGGGAT-1,
AGGATATAGGGATTTA-1,1
AGGCAATACGGAGGAC-1,
AGGCATTGTCGTAGGG-1,1
AGGCCACCCGTTATGA-1,
AGGCCCAGTGACTGGT-1,
AGGCCCTAGAACGCCA-1,
AGGCCTGAGAATCTCG-1,
AGGCTATGGTTAGCTT-1,
AGGCTTCCCGAAGAAG-1,
AGGCTTGCTAGACACC-1,
AGGGACCGGCTGCGTT-1,
AGGGCGAGCAGCTGAT-1,
AGGGCTGCAGTTACAG-1,
AGGGTCGATGCGAACT-1,
AGGGTGCTCTCGAGGG-1,
AGGGTGGATAGTGCAT-1,
AGGGTTTAGTTCGGGA-1,
AGGTAGGTACAAAGCT-1,1
AGGTATAATTGATAGT-1,
AGGTATGCGGACATTA-1,
AGGTGTATCGCCATGA-1,
AGGTTACACCATGCCG-1,1
AGGTTTCACACACCTT-1,1
AGTACGGCCCGTATCG-1,
AGTACTCTTATGCCCA-1,
AGTATAATACTAGGCA-1,
AGTCAACACCACCATC-1,1
AGTCAAGATGACACTT-1,1
AGTCACTAGCTCTCGA-1,
AGTCAGCCACCGCCTG-1,
AGTCCAGCGGGTACGT-1,
AGTCCATTGGCTGATG-1,
AGTCGACGGTCTCAAG-1,
AGTCGGCCCAAACGAC-1,
AGTCGGTTGCGTGAGA-1,
AGTCGTCGACCACCAA-1,
AGTCTGGACATCCTTG-1,
AGTGAACAAACTTCTC-1,1
AGTGACCTACTTTACG-1,
AGTGAGACTTCCAGTA-1,
AGTGAGTCGAATTAAC-1,
AGTGATAACCTGCGCG-1,
AGTGATATGAGTAGTT-1,
AGTGATTCAAGCAGGA-1,
AGTGCACGCTTAAGAA-1,
AGTGCGTAGCTCGTAA-1,
AGTGCTAAACACAGCA-1,
AGTGCTTGCACGAATA-1,
AGTGGCGTCTGAAGGT-1,
AGTGGGAGTATACACG-1,
AGTGGTTGCGTATAGG-1,
AGTGTGCTAAGATCGC-1,
AGTGTGGTCTATTGTG-1,
AGTTAAACACTTGCGA-1,1
AGTTACCCTTAAGACT-1,
AGTTACCGCACATGGT-1,
AGTTCACCGGTTGGAC-1,
AGTTCCTACAGAATTA-1,
AGTTCCTATTTATGTT-1,1
AGTTCTGCGTTGTATC-1,
AGTTGCTGACTGATAT-1,
AGTTGGCAAGGCTAGA-1,
AGTTTGCACCTGCCTC-1,
AGTTTGGCACGGGTTG-1,1
AGTTTGGCCAGACCTA-1,
ATAAACGGACCCGTAA-1,
ATAAACGTTGCACCAC-1,
ATAAAGGCTCGGTCGT-1,
ATAAATATTAGCAGCT-1,1
ATAACGCCGGAGGGTC-1,
ATAAGGTGGAGAACAT-1,
ATAAGTAGGGCGACTC-1,
ATAAGTTACCGCGACG-1,
ATAATACCGTTAGCCG-1,
ATAATAGCTGTTGAAT-1,
ATACAGGCCCTCCAAT-1,
ATACCACGGGCAACTT-1,1
ATACCCTGGCTCAAAT-1,
ATACCTAACCAAGAAA-1,
ATACGAAGGCTTTCCA-1,
ATACGCCGGCGAAACC-1,
ATACGGTGAAGATGCA-1,
ATACGTACTTAGCCAC-1,
ATACGTCCACTCCTGT-1,1
ATACTACCCGTACCAC-1,
ATACTGCCTTACACCG-1,
ATACTTGTTCTCGAGC-1,
ATAGACGAAGAGAAAG-1,
ATAGCAACTAGGGAAG-1,
ATAGCCTCAGTACCCA-1,
ATAGCTGCTCTTGTTA-1,
ATAGGCGGCTATAGAA-1,
ATAGTGAAGCGTTCTC-1,1
ATAGTTCCACCCACTC-1,
ATATAAAGCGCTCGTG-1,
ATATAAATGTAGCTGC-1,
ATATACGCTCGTGACG-1,
ATATCAACCTACAGAG-1,
ATATCGGTAGGGAGAT-1,
ATATCGTTCCTCGAAC-1,
ATATCTTAGGGCCTTC-1,
ATATGTCTCCCTAGCC-1,
ATATTATCCCGTATTT-1,
ATATTCAGTTAAACCT-1,
ATATTCCACATAGTGA-1,
ATATTTAACCCTCAAG-1,
ATCAAACACTGTTCCA-1,1
ATCAATCTGGGCTGCA-1,
ATCACGTGCTAATTAA-1,
ATCAGACGGCACGCCG-1,
ATCAGCCTCATGCTGC-1,
ATCATAGCCCTATGTA-1,
ATCATCCAATATTTGT-1,1
ATCCAACGCAGTCATA-1,
ATCCAATGGAGGGTCC-1,
ATCCAGAGCAACAACC-1,
ATCCAGGATTCGTGAA-1,1
ATCCTACCTAAGCTCT-1,
ATCCTGAATCGCTGCG-1,
ATCCTGCGTGGAATGG-1,
ATCGACCCAATACAGA-1,1
ATCGCACGATTGTTCA-1,
ATCGCCAGTCAACATT-1,1
ATCGCTTTACGTCTCA-1,
ATCGGAGACAGACGGC-1,
ATCGGTTACCTAGTAA-1,
ATCGTATTCCGAGAAC-1,
ATCGTCCAATCGAGTC-1,
ATCGTTAGCTAGCGGA-1,
ATCTAACGTCCCTATG-1,
ATCTAATATCCTACGG-1,
ATCTATCGATGATCAA-1,
ATCTCCCACGGAATAT-1,
ATCTCGTGAGCGAAAC-1,1
ATCTGATAGTGTCTTA-1,
ATCTTATCGCACACCC-1,
ATGAAGTGGACCCAGC-1,
ATGACTATGCGACATT-1,1
ATGAGGAGTGTTAATC-1,
ATGAGGGCAGCGGCTA-1,
ATGATGCAATGGTACA-1,
ATGCACCTTCCTTAAT-1,
ATGCACTACCGCATTG-1,
ATGCCATTTGCGACCA-1,1
ATGCGACAGTCCCATT-1,
ATGCGAGTCCCACCAC-1,1
ATGCTCAGTGTTGCAT-1,
ATGCTCTGGCGCGGTA-1,
ATGCTTAGGAGTTGAT-1,
ATGGAACCTTTGCACA-1,
ATGGAGCAGGCCGTGA-1,
ATGGCAGCCGAGAAAC-1,
ATGGCGGAATAGTCGC-1,
ATGGGCCTCGGCCTCT-1,1
ATGGTCGCGTGGTTTC-1,1
ATGTCATTTCCCATTG-1,
ATGTGGACATCTTGAT-1,1
ATGTTCCTGCCCACCT-1,
ATGTTCGTCGACCCAC-1,
ATTAAACATGCGGACC-1,1
ATTAAAGCGGACGAGC-1,
ATTAACACCTGAGATA-1,
ATTACATGTCAGTCTT-1,1
ATTACCACACTGCCTG-1,1
ATTACGCGCTGGCAGG-1,
ATTAGGCGATGCTTTC-1,
ATTATAGCTACTTTAC-1,
ATTCAAAGTACCTGTT-1,
ATTCAACCATTTAAGG-1,
ATTCACTGATGTTGGA-1,
ATTCAGTAGCAGGGTC-1,
ATTCATATACTGTCCA-1,
ATTCATCGTTGAGGCA-1,
ATTCCCACATAAACAA-1,
ATTCGACGCCGGGCCT-1,1
ATTCGCGCCTTGAGAG-1,
ATTCGTGCTATCTCTT-1,
ATTGAAGATCTTAGTG-1,
ATTGATGAGTCCTAAC-1,
ATTGCCTTTATGTTTG-1,
ATTGCGATCAGTAACT-1,
ATTGCTGCTCCTCCAT-1,1
ATTGGATTACAGCGTA-1,
ATTGGTAGGATCCGCT-1,
ATTGTACAACTCGGCT-1,
ATTGTTCAACGATCCG-1,
ATTTACAGTTTACTGG-1,
ATTTGTCTTGGGAGCT-1,
CAAACGAGTATCGCAG-1,
CAAACGGTCGCACTTT-1,
CAAACTCGCGACGCCG-1,1
CAAAGGTCATCTGAAA-1,
CAAAGTCAGGTTAGCT-1,
CAAATCTCTCACAAGG-1,
CAAATGTCCTTCCGTG-1,
CAACATGGCCTGATAA-1,
CAACCGCACCTAGACA-1,
CAACCTACCGAGCAGT-1,
CAACGTGGTGGAGTCT-1,
CAAGAGGGCGGAGTAC-1,1
CAAGATATTATAACGT-1,1
CAAGCAACGTCGGAGT-1,
CAAGCGGCACATAATT-1,
CAAGGATCGCATGTTC-1,1
CAAGGCCAGTGGTGCA-1,
CAAGGTCCTATAGGCT-1,
CAAGTGTGGTTGCAAA-1,
CAATACGAGAGTCTGA-1,1
CAATACGCTCTGAGGC-1,
CAATATTGGACTAGTG-1,
CAATCCTGCCGTGGAG-1,
CAATGCGAGAAGTATC-1,
CAATGTGCCAACCCTT-1,
CAATTTCGTATAAGGG-1,
CAATTTGACCGGGAAG-1,
CACAATGAGCTGCTAT-1,1
CACACACGCTAACGAG-1,
CACACAGCTTGCGCTC-1,1
CACACAGGGATAGATT-1,
CACACGCGCTGTCTTA-1,
CACAGCACCCACGGCA-1,
CACAGGGCCATATAGT-1,
CACAGTTCGCTTCCCA-1,
CACATATTAGCAGGAT-1,1
CACATCTCACCGACGA-1,
CACATGATTCAGCAAC-1,1
CACATGTTTGGACATG-1,
CACATTTCTTGTCAGA-1,1
CACCCAAATCTTATGT-1,
CACCCTAACAAGATCT-1,
CACCGTATCCCATCCG-1,
CACCGTTGCGCGATAT-1,
CACCTAATAGAGTCGT-1,
CACCTTGGCGCCTTTG-1,1
CACGAAAGTTAGTCCC-1,1
CACGCAGCGAGGCTTT-1,
CACGCGGAACTGTTGC-1,
CACGGGATTGAGGGTT-1,
CACGTCGGGTTCTAGA-1,
CACGTTCGTGCTCTAG-1,
CACGTTTCGTACACAC-1,
CACTAAAGTTGCCTAT-1,
CACTACGGGAGCTGCC-1,
CACTCAAGAGCTATGG-1,1
CACTCGAGCTGAACAA-1,
CACTCGGTTAGGAGGA-1,
CACTCTTCTGCTAGCC-1,
CACTTAATCAGACGGA-1,
CACTTCGCCACAGGCT-1,
CACTTCGTCTTATCTC-1,
CAGAACTTAGCCCTCT-1,
CAGAATAACACACGGA-1,
CAGAATATTCGTTATC-1,1
CAGACACCGATCGCTG-1,
CAGACGAACCTGATAC-1,
CAGAGACGGTCACCCA-1,
CAGAGGCGATGCATGA-1,
CAGATAATGGGCGGGT-1,
CAGCAGTCCAGACTAT-1,1
CAGCGATTCCCTTCAA-1,
CAGCTCACTGAGACAT-1,
CAGCTTAGTAGGTAGC-1,1
CAGGACAGCTGCCCTT-1,
CAGGATATATCGTTGT-1,1
CAGGCCGTTTGGGTGT-1,1
CAGGCGCCATGCTAGG-1,
CAGGGCTAACGAAACC-1,
CAGTAATCCCTCCCAG-1,
CAGTAGATGATGTCCG-1,
CAGTCTGTATACTGGG-1,1
CAGTGGTTGCACATGA-1,
CAGTGTCGGCTGGCCC-1,
CAGTTCAAATTGACAC-1,
CAGTTCCGCGGGTCGA-1,
CATAACGGACAGTCGT-1,
CATAAGAAGCTTGGCT-1,
CATACCCGTACCCAGT-1,1
CATACGGCGTCTGGGC-1,1
CATACGGGTGCATGAT-1,
CATACTATGTAATTGT-1,1
CATACTTAGGCAATAC-1,
CATAGCCGCCCGGGAT-1,
CATAGCGTTGCCCACC-1,
CATAGTCCACAAGAAC-1,
CATATAGGTACAGTCA-1,1
CATCAACACCTACTAA-1,
CATCATTACCCTGAGG-1,
CATCCGCAGGCCCGAA-1,
CATCCTCTCAAAGATC-1,
CATCGGACGGGTTAAT-1,1
CATCGTCCGGTTACTA-1,
CATCTAGTGAAGGGAA-1,1
CATCTGCAGGATCATT-1,
CATCTTACACCACCTC-1,
CATGACTTCGCTGAAT-1,
CATGAGATGCACTCTC-1,
CATGATGGAAGTTAGC-1,1
CATGCCAACTCGCAAA-1,
CATGGATTGTCTTCCG-1,
CATGGCTCCCTATGTC-1,
CATGGGTATGCCTTAT-1,
CATGGTAAGTAGCGTT-1,1
CATGTAAGAGACATTT-1,
CATGTCTCATTTATGG-1,1
CATTCAGGTCAGTGCG-1,
CATTCCCTAAGTACAA-1,
CATTGCGAAATGGGCG-1,
CATTGTGTGCTAGATC-1,
CATTTCTAGCAGACTA-1,
CATTTGAGTGGTACGT-1,
CCAAAGCAGTTGGTTG-1,
CCAAATAACAAGATTC-1,1
CCAACGATGCACTGAT-1,
CCAACTTGATAGATCC-1,1
CCAAGAAAGTGGGCGA-1,
CCAAGCGTAACTCGTA-1,
CCAAGGTTGCCCTTTC-1,
CCAAGTTTCTACAGAT-1,
CCAATAGATTTCATCT-1,
CCAATAGTGCCGTCGA-1,1
CCAATGTCACAGCAAG-1,1
CCACACTGAGATATTA-1,1
CCACAGTACCCATCCT-1,1
CCACATACTGCACCCA-1,1
CCACCAACTTTACTGT-1,
CCACCCAAGGAAAGTG-1,
CCACGAATTTAACCTC-1,
CCACGGTGCCCGGTAG-1,
CCACTAAACTGAATCG-1,
CCACTGGTGGCTGGTT-1,
CCACTGTTTGGATTAA-1,
CCAGAGACAAAGCCGG-1,
CCAGCCTGGACCAATA-1,
CCAGCTGATGGTACTT-1,
CCAGCTTCCGCCCGCA-1,
CCAGTGAGCTCCTTGT-1,
CCATAGTCAGTAACCC-1,
CCATATGGAAACTATA-1,
CCATATTGGATCATGA-1,
CCATCGCAGTTAAACT-1,
CCATCTCACCAGTGAA-1,
CCATGCCCTAGATTTC-1,
CCATGCCTGTTTAGTA-1,
CCATGGCCCTTGTACC-1,1
CCATTAGCGATAATCC-1,
CCATTCCCTGCCCACA-1,
CCATTTCTACCTATTA-1,
CCCAAACATGCTGCTC-1,
CCCAACATACGTCGCG-1,
CCCAATTTCACAACTT-1,1
CCCAGGTCTGAAGGCT-1,
CCCAGTTAAGGCGCCG-1,1
CCCGAGTTTCTCCGTA-1,1
CCCGCAGCGCGAACTA-1,
CCCGCGCAATGCACCC-1,
CCCGGCTAGGTGAGAA-1,
CCCGGTGGAAGAACCT-1,
CCCGTAAGTCTAGGCC-1,
CCCGTGGGTTAATTGA-1,
CCCGTTTCGCAGATGT-1,
CCCTAGTGTCAGGTGT-1,
CCCTCAAGCTCTTAGT-1,
CCCTCCTCGCTCGTAT-1,1
CCCTGAAATGAGTTGA-1,
CCCTGACTAACAAATT-1,
CCCTGATGTAACTCGT-1,
CCCTGCCCAATCCGCT-1,
CCCTGCGCTACGCATA-1,1
CCCTGTTGGCAAAGAC-1,
CCCTTTAATGGAGTTC-1,
CCCTTTGACAGGTCTT-1,
CCGAAAGTGGTGAGCA-1,
CCGAACCTTCCCGGCC-1,
CCGAAGTATATTGTTC-1,
CCGACAAACACATGAG-1,
CCGACAAAGGGAGTGC-1,1
CCGACAATAGGCCGCC-1,
CCGAGAAGTCGCATAA-1,1
CCGATCTCAACCTTAT-1,
CCGATTCGAGGGACCC-1,
CCGCACAAAGACCAAC-1,
CCGCACACGAACGTGT-1,1
CCGCACGTGACCTCGG-1,
CCGCATGTGGTACGAT-1,
CCGCCGTTGAGGATAA-1,1
CCGCGATTTGGTAGGT-1,
CCGCGGAATGCGTCAC-1,
CCGCGGGTACGAAGAA-1,1
CCGCGTAGGTAAGGGC-1,
CCGCTATCAGCACCAG-1,1
CCGCTCTTCCGAACTA-1,
CCGCTTACCTCACTCT-1,
CCGGAATGGTTTCAGT-1,
CCGGCACGACCGTTTC-1,
CCGGGCGGTCTCGTCA-1,
CCGGGCTGCTCCATAC-1,
CCGGGTTCGAGGTTAC-1,1
CCGGTAATGGCTAGTC-1,
CCGGTGCGAGTGATAG-1,
CCGTAAGTTGGTCCCA-1,
CCGTAGGAAATCCCTG-1,
CCGTAGGGTTGTTTAC-1,
CCGTGAGGCATTCATG-1,
CCGTGTTAAATTCCAT-1,
CCGTTCCGAATCTCGG-1,
CCTAAATTAACGGTTC-1,1
CCTAAATTGTATCCTA-1,1
CCTAACCCAAACAAGT-1,1
CCTAGGCGTAGCGATC-1,
CCTATAATGAGTGCCC-1,
CCTATACCGTCCTGTC-1,
CCTATGAAGTGGTGCC-1,
CCTATGTCCACTCCAC-1,
CCTCCGACAATTCAAG-1,1
CCTCCTGAGCCCACAT-1,
CCTCCTGTTGTGTCGT-1,
CCTCGGACCGGGATAG-1,
CCTCGGATGCTACCTG-1,
CCTCTCTCCCATCTAG-1,1
CCTCTGTACTATTCTA-1,
CCTGAACGATATATTC-1,
CCTGACAAACTCGCGC-1,
CCTGACCACCGATGGT-1,
CCTGCCCGTTGTCTAG-1,
CCTGCGATAGAACTGT-1,
CCTGCGTTCTACGCTT-1,
CCTGGAAACGTTCTGC-1,
CCTGGCTAGACCCGCC-1,
CCTGTAAGACATGATA-1,1
CCTGTACTCACGCCCA-1,
CCTGTCCCTCACGTTA-1,
CCTGTCGCCCGTAAAT-1,
CCTGTGCATAGGAGAC-1,
CCTGTTTGAAGACACG-1,
CCTTGACCACTTTATT-1,
CGAAACGCAATTCATG-1,
CGAACAGTATGGGCGT-1,1
CGAACCCGCATGCGTC-1,
CGAAGTTGCTCTGTGT-1,1
CGACAATTTGATCTAA-1,1
CGACACGCTCCGACAG-1,1
CGACAGTTCGCGTTAT-1,1
CGACTTTGTATAGCCT-1,
CGAGACCCTAGAGTGT-1,1
CGAGAGGGTAGCCGCG-1,
CGAGATTTCGCTCGGG-1,
CGAGCACTTCAAGTTT-1,
CGAGCCGAGCACTCGA-1,
CGAGGCCAGGCATTGG-1,
CGAGGGACTGCGGTCG-1,
CGAGTACTAAAGAGGA-1,
CGAGTTTATCGGACTG-1,
CGATAATACTCAGGTT-1,1
CGATACCTCGCGGACA-1,1
CGATCCGACCCAGTGC-1,1
CGATTAAATATCTCCT-1,
CGATTCGCCTGGCTGC-1,
CGCAAACACGAGTTAC-1,
CGCAATCGATCATTAG-1,
CGCAATTACTTTCGGT-1,
CGCAATTAGGGTAATA-1,
CGCAATTCTACAATAA-1,
CGCACATGTCCACTAC-1,
CGCACGTGCGCTATCA-1,
CGCAGGCGATCCAAAC-1,
CGCATGGTGCGATGCT-1,1
CGCCAAGAAGCCGAGT-1,
CGCCAATTATTGCGTT-1,
CGCCACCCGCATTAAC-1,
CGCCCTTGAAGGCTGA-1,
CGCCGCCCATGCCTGT-1,
CGCCGTCTACCCATCG-1,
CGCCGTTCAGCATAGT-1,
CGCCTCCCTCCTCTAT-1,1
CGCCTGGCCTACGTAA-1,
CGCCTTTAGCATGCTC-1,1
CGCGAAGTGGCATACT-1,
CGCGACACTGCGCAGC-1,
CGCGACCGCGACAGAT-1,
CGCGCATGTTTGATTG-1,
CGCGGCAGTATTACGG-1,
CGCGGCTCAACTTGAA-1,1
CGCTACGGGACATTTA-1,1
CGCTAGAGACCGCTGC-1,
CGCTATTCTTAGGCTC-1,1
CGCTCTCCGTAGATTA-1,1
CGCTGGTGACTACCCT-1,1
CGCTTATTCCCGGTCG-1,
CGCTTCGGTCTAAGAC-1,
CGCTTTCTTGCATTCG-1,
CGGAAAGAATCAAACG-1,
CGGAAAGCAAATGTGC-1,
CGGAACGTAAACATAG-1,
CGGAGCAATTTAATCG-1,
CGGAGCATGGCGATCC-1,1
CGGAGTTTGAGAGACA-1,
CGGATAAGCGGACATG-1,
CGGATCCTCAAGGACT-1,
CGGCAAACATCGTGCG-1,
CGGCAATAAGATCGCC-1,
CGGCAGGGTCGGGTTG-1,
CGGCCACGCACAAAGT-1,
CGGCCCAGGTATATCC-1,1
CGGCGCCATCAATCCC-1,
CGGCTCTAAAGCTGCA-1,1
CGGGAATATAGTATAC-1,1
CGGGAATTTATGTAAA-1,1
CGGGAGCTTCAGTGTA-1,1
CGGGAGTATACCGCCG-1,
CGGGCAGCTAAACCGC-1,
CGGGCCATAGCCGCAC-1,
CGGGCCTTCTTTGTAA-1,1
CGGGTGTACCCATTTA-1,
CGGTAACAAGATACAT-1,
CGGTACTAGAATCAAA-1,1
CGGTGAAGACTAAAGT-1,1
CGGTGCAGATAGAACG-1,
CGGTGCGCGTTGGTCC-1,
CGGTTGACCTGGCATA-1,
CGTAATAATTACGAGT-1,
CGTACCGAAAGTCTAG-1,
CGTATTAAGAGATCTA-1,
CGTCAAGGCTATAAAT-1,
CGTCAATCTTTAACAT-1,
CGTCACGTCCATTGGT-1,
CGTCAGCTATTTACTC-1,
CGTCATACCATATCCA-1,
CGTCCAGATGGCTCCA-1,
CGTCGCGGCGGGATTT-1,
CGTCGGATAGTGTTGA-1,
CGTCGTCCTTCGCGAA-1,
CGTGAAGTTAATTCAC-1,1
CGTGCAGACTGGGACA-1,1
CGTGCATTGTCGACGC-1,1
CGTGCCCTCCCGAAGA-1,1
CGTGCTGGCCTAGTCG-1,
CGTGCTTCTACCTAAA-1,
CGTGGAAGCCTCGTAC-1,1
CGTGGCCGAATATCTA-1,1
CGTGTATGGGAGCTGA-1,
CGTGTCCCATTCGCGA-1,
CGTTAAACTAGTTAGG-1,1
CGTTAATGTCCCGACG-1,
CGTTGAATACCGCGCT-1,
CGTTGAGCGACCGTCG-1,1
CGTTGTAAACGTCAGG-1,
CGTTGTTTCAATTCCC-1,1
CGTTTCGCTCATTACA-1,
CTAAAGAATGCCTACT-1,1
CTAAAGGGAAATAGGA-1,1
CTAACCGCGCGCCCGT-1,1
CTAACTGATAATCGCC-1,
CTAAGGGAATGATTGG-1,1
CTAATGCGCCCAACAA-1,
CTAATTCGCACGCGCT-1,
CTAATTTCAACAACAC-1,
CTACACTCGCAGATGG-1,
CTACGACTAGCTATAA-1,
CTACGCACGGAGTACC-1,
CTACTCTAGGCCCGGC-1,1
CTAGATGTGAGTGTAA-1,
CTAGATTTACGACGGC-1,1
CTAGCATAGTATAATG-1,
CTAGGCGCCCTATCAG-1,
CTAGGTCTGAAGGAAT-1,
CTAGGTTCGGACGTGA-1,
CTAGTAGAAAGGGATT-1,
CTAGTCACGTCTTAAG-1,
CTAGTGAAGGACAGGA-1,1
CTAGTTACAACCCGGT-1,
CTATCGACGAAATACA-1,
CTATCGGGTCTCAACA-1,
CTATGGGAAGCGGAAT-1,
CTATGTCACTAGCCCA-1,
CTATTCATGTGTCCCA-1,
CTATTTGGTTACGGAT-1,
CTCAACTAACCCGGAT-1,
CTCACTTGGCTGGTAA-1,
CTCATTCGTGAACATC-1,
CTCATTGCTCTAACAA-1,
CTCCCAATGAGTCGCG-1,1
CTCCGCCCACATGAGG-1,
CTCCGGCTTGTAGACA-1,
CTCGAGATCCAAAGCA-1,
CTCGAGGTCGAACAGT-1,
CTCGGTACCACTGCTC-1,
CTCTATTTGGCTGCAG-1,
CTCTCACAATCGATGA-1,
CTCTCGCTGTACTATG-1,
CTCTGGACGCCTGGTG-1,
CTCTTCTATTGACTGG-1,1
CTCTTGTCCCGCTTGG-1,
CTGAATCCGAGACCTC-1,
CTGACATAGAAATAGA-1,1
CTGACTGCGCAGCTCG-1,
CTGAGAAAGTTCGGCG-1,1
CTGAGCAAGTAACAAG-1,
CTGATAGTGTATCTCA-1,
CTGCACAACTACATAT-1,
CTGCACTCCAGTACAG-1,
CTGCAGAGAATCAGAG-1,
CTGCAGGTGCTCGGCC-1,
CTGCCATGCATCACAT-1,1
CTGCCCACGAAGCGTT-1,
CTGCCTTTCTAGTAAA-1,
CTGCGGGTGAAATGTT-1,
CTGCTGTCTAACGAGC-1,1
CTGCTTGGCGATAGCT-1,
CTGGAAGACACGGTGG-1,
CTGGATTTACACTTGA-1,
CTGGCGCACAGGTCTG-1,
CTGGCGGGAATAAGTA-1,
CTGGCTGATTCATCCT-1,1
CTGGCTGGTTGTCAGT-1,
CTGGGATAAATAATGG-1,
CTGGGATACGCTACCC-1,
CTGGGCCTGCTATATC-1,
CTGGGTAGGCAGTTAA-1,1
CTGGTAACACATAGAA-1,
CTGGTCATTCCAATCC-1,
CTGGTTCGCGAGCTAC-1,
CTGGTTTCGAGCAAGA-1,1
CTGTACTTCTTAGCAT-1,1
CTGTAGCCATCTCACT-1,
CTGTCTGTGGCTGGCT-1,
CTGTGCAGGGTAGGTC-1,1
CTGTGGTCGGGAGATA-1,
CTGTTACCCAATCTAG-1,
CTGTTGGCTCTTCTGA-1,
CTTAAATAAGACCCAT-1,
CTTACACGGTATTCCA-1,
CTTAGCCCGGATAGTG-1,
CTTAGTAGGCCTACAG-1,
CTTAGTGTAGTAGCAT-1,
CTTCAACTCCACTTGG-1,
CTTCATTGTCAGTGGA-1,
CTTCCGCTCCGTGAAG-1,
CTTCGGCCAATTGTTT-1,1
CTTCGTAGATAGGTGA-1,1
CTTCTATGTTGAAGTA-1,
CTTCTATTAATGCTAG-1,
CTTGAGTTAGGGTAAT-1,
CTTGCAACCGCCTCCT-1,
CTTGCCCAGGCTCTAC-1,
CTTGTCAACATTCGAG-1,
CTTGTGAGGACAGCGG-1,
CTTGTTGCTGAGTCAA-1,
CTTGTTTATGTAGCCA-1,
CTTTAATATTGGTCGA-1,
CTTTACCGAATAGTAG-1,
CTTTAGGAACACTGTT-1,
CTTTAGTGCTATTATT-1,1
CTTTCTGTGCGGGCTT-1,
CTTTGCATCGCTCTTG-1,
CTTTGCTGTCATGGAT-1,1
CTTTGGCGCTTTATAC-1,
CTTTGGCTTTAGTAAA-1,
GAAACAGATGACCACC-1,
GAAACCGAATTACCTT-1,
GAAACTCGTGCGATGC-1,
GAAAGAACAGCGTTAT-1,
GAAAGCCCTTTGGACC-1,
GAAAGTGACTAACTGC-1,
GAAATACTAAACGTTT-1,
GAAATATCACCATCAG-1,1
GAAATCTGACCAAGTT-1,
GAAATGGCGGTGTTAG-1,
GAAATGGGATGTAAAC-1,
GAAATTGTCTCTATAA-1,1
GAACAGATTACTAAAT-1,
GAACCCTCTGTGTTCT-1,
GAACGCGGGTCACACG-1,1
GAACGTTAGGAAGACG-1,
GAAGCCGGGTAAGCTC-1,
GAAGCGTGAGGAATTT-1,
GAAGCTCTTTGCTTAG-1,
GAAGCTTGCTGACCGC-1,
GAAGGACTAAATTGAA-1,
GAAGGGCATAACCATG-1,
GAAGTCAGTTGCACTA-1,
GAAGTCTCCCTAGCGA-1,
GAAGTGATTTATCGTG-1,1
GAAGTTTCCACTCAAT-1,1
GAATAGACGCGACCCA-1,
GAATAGCATTTAGGGT-1,1
GAATCGACATGGTCAC-1,
GAATCTGAACATTCTC-1,1
GAATGCCGAAATGACC-1,
GAATGTGGTCCGGATT-1,1
GAATTATAGTGAAAGG-1,
GAATTCACCCGGGTGT-1,
GAATTTCTCGCTGCAG-1,
GACAAACATATGCAGG-1,1
GACACGAGTTAGAGGA-1,
GACACTGAGTTCAGTG-1,
GACACTGGAACCCGAT-1,
GACAGCCAGACCTGAC-1,
GACAGGCACACACTAT-1,
GACATACTGTCGCAGA-1,
GACATCGATTTATAAC-1,
GACCAAACGTTGACTG-1,
GACCAGAGCCCTGTAG-1,
GACCGACCGCTAATAT-1,
GACCGACGTGAAAGCA-1,
GACCGACTGAAGCGTC-1,1
GACCGCGTCTGACGTG-1,1
GACCGTGCTGACGGTG-1,1
GACCTGGTCTGGGCGT-1,
GACGACGATCCGCGTT-1,
GACGACTTTCCAAGAA-1,
GACGAGGCTAATAAAC-1,
GACGCCGTAAAGGCTA-1,
GACGCTTGCTTCTAAA-1,1
GACGTGTAGGGATTAT-1,
GACTAAGTAGGCTCAC-1,
GACTCACCCACGTGAG-1,
GACTGCAAATCGAGCT-1,
GACTGCACCAGCCCAG-1,1
GACTGCGGCACGTGTA-1,
GAGAACGGTTCTGACT-1,
GAGAATCTCACGATCA-1,
GAGACTGATGGGTAGA-1,
GAGACTTCGCGACCGA-1,
GAGAGCGCAGTCCCTG-1,
GAGAGGGCGCGAGGTT-1,1
GAGAGGTGCATTCTGG-1,
GAGATCTGCTTGGCAT-1,1
GAGATCTTCCATGACA-1,1
GAGATGGGAGTCGACA-1,
GAGCACCTGTGTCCAG-1,
GAGCACGGCGCCTCTT-1,
GAGCCAGCTACCTGTG-1,
GAGCGCAAATACTCCG-1,1
GAGCGCGCACGAGTAG-1,1
GAGGAATGGAGAGGTT-1,
GAGGAGATCCTCATGC-1,
GAGGATAAACAGTGCT-1,
GAGGCCTGTTGATACA-1,
GAGGCTATCAAAGTCG-1,1
GAGGTCCCAAAGATCT-1,
GAGTAAACCGGAAAGT-1,1
GAGTATGCCCGCCTTG-1,
GAGTCAGACCAGAATC-1,
GAGTCCGCTTACCGGA-1,
GAGTCGACAGACCCTC-1,
GAGTGTCAACCAGAAA-1,
GAGTGTGCGGTACCCA-1,1
GATAACTCGCACTGTG-1,
GATAAGGGACGATTAG-1,
GATACGATGGGAGTCA-1,
GATAGCGTACCACGCG-1,
GATAGGTAACGTTGAC-1,
GATAGGTGTCCCGGGC-1,
GATATCAGTATGTATC-1,
GATATGAGACACTAAC-1,
GATATGGATTACGCGG-1,
GATATTGAGATTGGCG-1,
GATCATTCCAAACATT-1,
GATCCGGGAATTAACA-1,
GATCGCGGGCTCTCCA-1,1
GATCGCTACCCGATTT-1,1
GATCGGCGATAAGTCG-1,
GATCGTGACTGATATC-1,
GATCTCGACGCTGTGG-1,1
GATCTTCATTGTCCTC-1,
GATCTTGGAGGGCATA-1,1
GATCTTTGCAGGGTAT-1,1
GATGCCAGCAGAAGGC-1,
GATGCGAATGGTATTA-1,
GATGCGTCCTGCATTC-1,1
GATGCTGTATTTCATC-1,1
GATGGCGCACACATTA-1,
GATGTTCAATCCACGA-1,1
GATTAACCGAAAGCCC-1,
GATTACTGAATTTGGG-1,1
GATTCCTATACGGCGC-1,
GATTCGACGGTTCACG-1,1
GATTGCTCCAGTTGCA-1,
GCAAACCCTACATTAT-1,1
GCAAACCTTGGCCATA-1,
GCAAACGTCGCCAGGT-1,1
GCAAATATTACGCTTT-1,1
GCAACAGCAGTATGCG-1,1
GCAACCACGGCCGCGT-1,
GCAACGGCTAGTTATG-1,1
GCAAGAATTCCTTGGC-1,
GCACAAACGAGGCGTG-1,1
GCACAAGTGGATCATA-1,
GCACACACTGGTAGCC-1,
GCACACGCCCATGGTC-1,
GCACGTGGTTTACTTA-1,
GCAGAAGGTAATCTCC-1,1
GCAGACCCAGCACGTA-1,
GCAGATCCATAAGACT-1,
GCAGATCCTCGCAAAT-1,
GCAGATTAGGGATATC-1,
GCAGCACACAGCCCAG-1,1
GCAGCCTATATCACAT-1,
GCAGGACTATAGAATA-1,1
GCAGTGTGGCTATAGG-1,
GCATACGAGGTCTTTA-1,
GCATAGAGCACTCAGG-1,1
GCATCCTCTCCTATTA-1,
GCATCGGCCGTGTAGG-1,1
GCATTCGAAATGAACA-1,
GCATTGTAATTCATAT-1,
GCCACAATTTAAGGAC-1,
GCCACCCATTCCACTT-1,
GCCACTCAGAGCGCGA-1,
GCCAGGCTTAGTGGTA-1,
GCCATCGAGCTGCGTG-1,
GCCCAGATGCTGGAGA-1,
GCCCGATCTGTGGTCG-1,
GCCCGCGCGTAAACGG-1,
GCCGAAATTCCTACGT-1,1
GCCGATTGGCCAAGCT-1,1
GCCGCACTCCGTTTCA-1,1
GCCGCATTAGTCCGGC-1,
GCCGCTTGTGAGAAAC-1,1
GCCGGGTTAGGGTCGC-1,1
GCCGTGGAAGAAATGT-1,
GCCTATTCCGATATAG-1,
GCCTCATCTGGAAATA-1,
GCCTCCGACAATTCAC-1,
GCCTCTATACATAGCA-1,
GCCTTGTATATGCAGT-1,
GCGAAACGATCGGGAG-1,
GCGAAACTTAACTGGA-1,1
GCGAAGCCATACCCGT-1,
GCGACATGTAAACATC-1,
GCGACGATAGTTGTAC-1,
GCGAGAAACGGGAGTT-1,
GCGAGAGTTGCGTCCA-1,
GCGAGCGCATGCTCCC-1,
GCGAGGCCCGAGCAGA-1,1
GCGAGGGACTGCTAGA-1,
GCGAGTTCTGCAAAGA-1,
GCGATGTCTGTGCTTG-1,
GCGATTGTTAACGTTA-1,
GCGCAAGAGCGCGCTG-1,
GCGCCGTTCCACGATA-1,1
GCGCCTCCCACTCCGA-1,1
GCGCGTCATTGGTACA-1,
GCGCGTTTAAATCGTA-1,
GCGCTAATTGAATAGA-1,
GCGCTATGCCGAGGCA-1,
GCGCTGGCGGAAAGTC-1,
GCGCTTAAATAATTGG-1,
GCGGACCGCGTTGTGG-1,
GCGGAGAGGGAGAACG-1,1
GCGGCTCTGACGTACC-1,1
GCGGGCGAGCCTTACC-1,
GCGGTGCGGAGCATCG-1,
GCGGTTCCCTATCATG-1,
GCGTAAATGGCCATAA-1,
GCGTCGCCAGGGTGAT-1,
GCGTCTCTGCATTGGG-1,1
GCGTGGTACTGGGTTA-1,
GCGTTATATTTGGAAC-1,
GCTAAACCTGAGGTGA-1,
GCTAACTGAAGTCTGA-1,
GCTAAGTAAAGGCGAT-1,
GCTAAGTAGTTTCTCT-1,
GCTACAATCGAGGATA-1,
GCTACAGTACGGACCG-1,
GCTACGACTTATTGGG-1,1
GCTACTATAGTAGAGT-1,1
GCTAGACCGTCTACTG-1,
GCTAGAGTAGAGATGT-1,
GCTAGCACCTGGGCCA-1,
GCTAGCTTGAATAGCT-1,
GCTAGGCACCACGGAG-1,
GCTAGTAGAGCTTGTA-1,1
GCTATACGTCTCGGAC-1,
GCTATCATACTCATGG-1,
GCTATCGCGGCGCAAC-1,
GCTCAACCTCTTAGAG-1,
GCTCCCAGTCGGTCCA-1,1
GCTCCGCTCGCTTCAG-1,
GCTCGCGGTTCCGCTC-1,
GCTCGCTCATGTCCAA-1,
GCTCTATGTTACGTGC-1,
GCTGAACTCTCCAGGG-1,
GCTGAGCAACGGTTCT-1,
GCTGAGGCGTGAGTAT-1,1
GCTGCACGGTTTCTTA-1,1
GCTGCGCCTCCCACGT-1,
GCTGCTACTGCGTAGC-1,
GCTGCTCTCCGGACAC-1,
GCTGGCAGGTGCCGTG-1,
GCTGGCATATTCACCT-1,
GCTGGCGGCGCATGCT-1,
GCTGGGTCCGCTGTTA-1,
GCTGTATTACTGGCCC-1,
GCTGTTGCTACCGAAC-1,
GCTTAATGTAACTAAC-1,1
GCTTACGTAGTTAGTA-1,
GCTTATGAAGCAGGAA-1,
GCTTCCAGCTTAGATT-1,
GCTTTCAGAGGAGGTG-1,
GGAAACTAAATGGGCC-1,
GGAACCCGAACAAGAA-1,
GGAACCGTGTAAATTG-1,
GGAACGGCCTGCAGCC-1,
GGAACTTTGGCGATTA-1,
GGAATGCGCTAGCGTG-1,
GGACAAGTTGCAGTGA-1,
GGACACAAGTTTACAC-1,1
GGACCAACAGGATAAC-1,
GGACTAAGTCAGGAGT-1,
GGACTCACAAATTAGG-1,1
GGAGACATTCACGGGC-1,
GGAGACGACACCTTTG-1,1
GGAGCAACATTTCAAG-1,
GGAGGAGTGTGTTTAT-1,
GGAGGCCGAAGTCGTC-1,
GGAGGGCTTGGTTGGC-1,
GGAGTACACATGAGCT-1,
GGATCCCTACCAGCTA-1,
GGATCCGGAATATACT-1,
GGATGAAGATCGCTGA-1,
GGATGACGCGAGTTTA-1,1
GGATGCTGGCGTTCCT-1,
GGATGTCCTTACCGCA-1,
GGATTGCTGTGACTCC-1,
GGATTTCACTTCTATA-1,
GGCAAATTACTTTACT-1,1
GGCAAGGCGAAATAGC-1,1
GGCACTCCACTGGGCA-1,
GGCAGCAAACCTATGC-1,
GGCATACAGGTAGCGG-1,1
GGCCACACGAAAGCCT-1,
GGCCCTCACCCACTTA-1,
GGCCGTTTGGGTTTCA-1,
GGCCTTTGCAACTGGC-1,
GGCGAAATCTAACTTG-1,1
GGCGCAGGACATCTTC-1,1
GGCGCATGAATTGATG-1,1
GGCGCGGAGATCTTTC-1,
GGCGCGTTCGAGTTTA-1,
GGCGCTCCTCATCAAT-1,
GGCGGAGTAATATTAG-1,
GGCGGTAGGATCATTG-1,
GGCGGTTTGCCGGTGC-1,
GGCGTAGGGAAAGCTG-1,
GGCGTCCTATCCGCTG-1,
GGCTATTAAGTTGTAT-1,
GGCTGAAATAGCAAAG-1,
GGCTGGCAGCTTTATG-1,
GGCTTGGCTCTCACCT-1,
GGGAACGGGAGGTTAG-1,1
GGGAAGGGCTTTCTCA-1,
GGGAATTCTGTCCAGT-1,
GGGACTGCATAGATAG-1,
GGGAGAACTCACAGTA-1,
GGGAGGATGCCCGAAA-1,1
GGGAGTTAATGAGGCG-1,
GGGATACGGTAATAAT-1,
GGGATGGTCGTAACCG-1,
GGGATTATCTCACAAC-1,
GGGATTTACCGCACCT-1,
GGGCAGAGCAATCGTT-1,
GGGCCCGTCTTAAACA-1,1
GGGCCCTACGAAAGGG-1,
GGGCCCTTATCTATAC-1,
GGGCCGGCCGAAGTAC-1,
GGGCGAATTTCTCCAC-1,
GGGCGGCAAATGAATT-1,
GGGCGGGTTCCCTACG-1,
GGGCGTCACCACGTAA-1,
GGGCGTGGTTTCCCAG-1,
GGGCTGCCTAGGGCGA-1,
GGGCTGGTTAGTCGCG-1,
GGGTACACTCTGGAGG-1,
GGGTACCCACGGTCCT-1,
GGGTACTTCATGAACT-1,1
GGGTATGTATGCACTT-1,
GGGTCACCGTGACGGT-1,1
GGGTCATGCGTACCAT-1,
GGGTGACACCTTAACT-1,
GGGTTAACATTTGAGT-1,
GGGTTCAGACGAACAA-1,
GGGTTTAGGATAGGAT-1,1
GGGTTTCCGGCTTCCA-1,
GGTAACCGGCAAAGGT-1,
GGTACAAACATGCTAT-1,1
GGTACATCTGGGACGA-1,
GGTACTAAGTGCTTTG-1,1
GGTAGAAGACCGCCTG-1,
GGTAGACCGTTGGGCG-1,
GGTAGTGCTCGCACCA-1,
GGTATCAAGCATAGAA-1,
GGTATTGCCGAGTTTA-1,
GGTCAAGACTACTTCG-1,
GGTCAGTGGGTCCCAC-1,
GGTCCTTCATACGACT-1,
GGTCGGCCAGGAGCTT-1,
GGTCTCCGTCCAGGTT-1,
GGTCTTGGTGTTAACT-1,
GGTGAAGTACAGGGAT-1,
GGTGATAAGGAGCAGT-1,
GGTGCTGATCACAAAG-1,
GGTGCTGGTACACATT-1,1
GGTGGACTGCTCTGGC-1,
GGTGGAGGTTGATACG-1,1
GGTGTTGGGCGTCTTA-1,1
GGTTACCACCCTCGGG-1,
GGTTAGCTATATGTCT-1,1
GGTTAGGCTTGGAGAA-1,
GGTTAGTTACGGCGCC-1,
GGTTCTACTCGTCTGA-1,
GGTTGTGCTCTTGTCC-1,
GGTTGTGTAGCCTGGC-1,
GGTTTAGCCTTTCTTG-1,1
GGTTTCAATCGGTCAG-1,
GGTTTGTGACCTGAGG-1,
GTAACATCTAAGATAA-1,
GTAAGTAACAGTCTGG-1,
GTAAGTAGGGTATACC-1,
GTAAGTCCACACTCTA-1,1
GTAATAAAGGGCTCCC-1,
GTAATCTGATTCTTCG-1,
GTACACTTACCTGAAG-1,
GTACAGAGGCAAGGGT-1,
GTACGCTTCATTGCAC-1,1
GTACGTTTGCCCGTCA-1,1
GTACTCCCTTATCGCT-1,1
GTACTGGAGTTAGACC-1,
GTAGAAACGGGTGGAG-1,
GTAGCCAAACATGGGA-1,
GTAGCGGCTATACACT-1,1
GTAGTCGCGGGAATCA-1,
GTATAATCTCCCGGAT-1,
GTATATGTTACGGCGG-1,
GTATCAAACGTTAGCT-1,
GTATCGGGACGAGCTG-1,
GTATCTTTCATAACCA-1,1
GTATGTGGGTCTAGTT-1,
GTATTAAGGCGTCTAA-1,
GTATTCTGAGAAACGA-1,
GTATTCTTACCGTGCT-1,
GTATTTAATGGCATAA-1,1
GTCAACCAGGCCTATA-1,
GTCAAGCGGACTCGGG-1,
GTCACTCTCCAAATCT-1,
GTCAGAATAGTCTATG-1,
GTCAGACAGCGTTGGA-1,
GTCAGTTTGGTAGTCG-1,
GTCATCTCCTACAGCT-1,
GTCATGCGCGAGGGCT-1,
GTCATTAGAGCGAACG-1,
GTCATTGCATTGACCC-1,
GTCCATTACTGCTACG-1,
GTCCCAACGTAAAGTA-1,
GTCCCGCGACGTTATG-1,
GTCCGAGAGCAATCAT-1,
GTCCGGACCTGAAATT-1,
GTCCTACAGGCGGCTC-1,
GTCCTACGAATAGTCT-1,
GTCCTATTGTTGTGGT-1,
GTCCTTCTACAACCCA-1,
GTCGATAGGTGACTTT-1,
GTCGCGTAACCCGTTG-1,
GTCGGATATCTCAGAC-1,
GTCGGGAAGCAGAAAC-1,
GTCGTACCATCTCGGG-1,
GTCGTACCTACGATTG-1,
GTCGTTATTCGCTTAT-1,1
GTCTACTCAATTACAA-1,
GTCTATCTGAGTTTCT-1,1
GTCTATTGCATGCTCG-1,
GTCTATTGGTTCCGGT-1,
GTCTCAAGGCCCGGCT-1,
GTCTGGGCGGTCGAGA-1,
GTCTTGAGGAGCAGTG-1,
GTCTTGTAGCTATTCA-1,1
GTGACCGCACACTACG-1,
GTGACTTCAGTAGTGC-1,
GTGAGCGTGCTGCACT-1,1
GTGAGGACACTTAAGG-1,1
GTGAGTCTAAGACGGA-1,
GTGAGTGGTACAACGC-1,
GTGATCACTAACGCCT-1,1
GTGATCATAGATCTGC-1,
GTGATCCTTGTCATGA-1,
GTGATTCGCCGCTCAA-1,
GTGCAAATCACCAATA-1,
GTGCCATCACACGGTG-1,
GTGCCCGTTCGGATTC-1,
GTGCCGCTTCAAAGGT-1,
GTGCCTAGCTATGCTT-1,
GTGCGAAATCGAACAC-1,
GTGCGACAGGGAGTGT-1,
GTGCGTGTATATGAGC-1,
GTGCTCAAGTACTGTC-1,
GTGCTTACATCAGCGC-1,1
GTGGACCAACCCGATT-1,
GTGGACGCATTTGTCC-1,
GTGGAGCATGTCGGCC-1,
GTGGCGGTCCCAGCGT-1,
GTGGGCTTAGACACAC-1,
GTGGTGGCCAAGTGAA-1,1
GTGGTTACTTCTTTCG-1,
GTGGTTTCCGCCTTTC-1,
GTGTATATCAGCGGGC-1,
GTGTCGTATAGCGTTC-1,
GTGTGAATAACTTAGG-1,
GTGTGTCGACGTCGCT-1,
GTGTTACTATGCGTCC-1,1
GTTAAAGTAGGACTGG-1,1
GTTAACATCACTTAAA-1,
GTTAACTATGTTGTCA-1,1
GTTAAGTTAGAGTGGG-1,
GTTAATGTCTATCTTA-1,
GTTACAATTGGTGACG-1,1
GTTACCTACAACTTGC-1,
GTTACTTTGGGCCTAG-1,1
GTTATAATACGGTGAA-1,
GTTATATTATCTCCCT-1,
GTTATTAACGTGGGAG-1,
GTTCAAATCAGATGTC-1,
GTTCACAGGAGTCTAG-1,
GTTCATCGTTTGGCTG-1,
GTTCGCCATAAGTGCC-1,1
GTTCGCTGAGACGTCT-1,
GTTCGGATCGGGAACA-1,1
GTTCGGGCGTACCATT-1,
GTTCGGTGTGGATTTA-1,
GTTCGTCTAAAGAACT-1,
GTTGAACCGGTTCCAT-1,
GTTGAGTCCCGCCGGT-1,
GTTGCGCTAACATTAC-1,
GTTGCGGACGGTCAGG-1,1
GTTGGATTGAGAACAC-1,
GTTGGATTTGCGTTGG-1,1
GTTGGTCATGCTATCC-1,
GTTTACGTTCCATCTG-1,
GTTTATGGGATTTAGA-1,
GTTTCAAACGAGTTGT-1,
GTTTCATATCGTCGCT-1,
GTTTCTGCAGTCTCCC-1,1
GTTTGGCCCAAGTTAT-1,1
GTTTGGGCTTGTGAGC-1,
GTTTGGGTTTCGCCCG-1,
GTTTGGTAGGGTCAAC-1,
TAAACGTCGTCAATGA-1,
TAAAGACAACCCTTTA-1,
TAAATGAATCCGTTTC-1,
TAACAATATTTGTTGC-1,
TAACATACAATGTGGG-1,
TAACCTACCGTCCGAG-1,
TAACCTAGGGAGTCCA-1,
TAACGCTTTGAGAGCG-1,
TAACTATCGAAGGTCC-1,
TAACTCATCCGCGCGG-1,1
TAACTCCATGGAGGCT-1,
TAAGCAGGCGACACGC-1,
TAAGGCATAACATCAA-1,
TAAGGCTGAATCCCTC-1,1
TAAGGGCCTGTCCGAT-1,
TAAGGGCTGGGAGAGG-1,
TAAGTAACATCTTGAC-1,
TAAGTTGCGACGTAGG-1,
TAATAGAACAGAGTTA-1,
TAATGAAAGACCCTTG-1,
TAATTACGTCAGTAGA-1,
TAATTAGGACATCCGT-1,
TACAACGCACAACTCA-1,1
TACAAGTCTCGTGCAT-1,
TACAGAAACGGTGGGC-1,
TACATAGGCATACACC-1,1
TACATCTTGTTTCTTG-1,
TACATGACCTTATCCG-1,
TACATTTCTAACGTGC-1,1
TACCAATAAAGTACCA-1,
TACCAGAAGTAGGTTC-1,
TACCATGTATTGATTT-1,
TACCGATCCAACACTT-1,
TACCGCGGACTTGCAG-1,
TACCGGCTCACTGCCC-1,
TACCGGTCGTTTCCAT-1,
TACCGTGCCTCGGACC-1,
TACCTACTCCCAGTAT-1,
TACCTGCTGCACTGTG-1,
TACGAACACGACTTCA-1,
TACGACGCTTGCTGCG-1,
TACGACTGCCTCTTAG-1,1
TACGAGAACTTCACGT-1,1
TACGATGTTGATCATC-1,1
TACGCAGTTCTTTCCT-1,1
TACGCCATATTCTAAT-1,1
TACGCCTCCATTCCGA-1,
TACGCTATAGAAACCT-1,
TACGTAAAGCGGAGTG-1,
TACGTGCAAGGTTCCT-1,
TACGTTTACCGGCAAT-1,
TACTATGGTTCCTCAG-1,
TACTCACAACGTAGTA-1,
TACTCGGCACGCCGGG-1,
TACTCTTACTTTACTG-1,
TACTCTTTCGTCTTCA-1,
TACTGGACAGCTCGGC-1,1
TACTGTTTCTCTGGTA-1,1
TACTTAAACATGTACA-1,
TACTTGTTAGTAGTCC-1,
TAGAAACACAATAGTG-1,
TAGAAAGGTGGCGCTA-1,
TAGAAATTCACGTATA-1,
TAGAACGCCAGTAACG-1,
TAGAATAGCCGATGAA-1,
TAGACGCCCGTACCGG-1,
TAGACTACCTAGCGTT-1,
TAGAGATCATGCAACT-1,
TAGAGGTTCTACTTGT-1,
TAGATATGGACTGGAA-1,
TAGATGGTTCCTTACT-1,
TAGATTCCTGGTTATT-1,
TAGCAACCTGTCACAA-1,
TAGCAGTATGACTAAA-1,
TAGCCAGAGGGTCCGG-1,
TAGCCATTTCAAAGTC-1,1
TAGCCGGCGGTCAGCG-1,
TAGCGTCCCTCGATTG-1,1
TAGCGTCCGGTGTGGT-1,
TAGCGTTGGGTCTTAC-1,
TAGCTAGAAGGCATGA-1,
TAGCTCGCCTGATAAC-1,
TAGGCCTATATAGTCT-1,
TAGGCTAAAGTGGCAC-1,
TAGGGAGCTTGGGATG-1,
TAGGTCCAAGTAAGGA-1,
TAGGTCGCCGGAACTG-1,
TAGGTGACGATAACCT-1,
TAGGTGAGCCCTACTC-1,
TAGGTGCTCGCCTAGC-1,
TAGGTTCGAGTTCGTC-1,
TAGTACCTTAGTGGTC-1,
TAGTCCGCAGAGAATG-1,1
TAGTCCGTATGCATAA-1,
TAGTCGATCACGGGTT-1,1
TAGTCGGGATTCTTCG-1,
TAGTCTAACAACGAGA-1,
TAGTCTTTCCGAATTG-1,1
TAGTGCCCTCCAGAGT-1,
TAGTGCTTGAATCCTT-1,
TAGTGTCAGAAACGGC-1,
TATACACAGACGCCTT-1,
TATACCGAGTGCCACA-1,1
TATACGCGTCATCACT-1,
TATACTCATGCGGCAA-1,
TATAGATGGTCGCAGT-1,
TATAGGGTACTCATGA-1,
TATATCATTGATCAGT-1,
TATATCCCTGGGAGGA-1,
TATATGCTGGGTTGCC-1,
TATCAAAGGTCTGTAA-1,
TATCCAATTGGTTATC-1,
TATCTACAGAGGTAAT-1,
TATCTACCACAGCGGG-1,1
TATCTAGCCTAAAGGA-1,
TATGAAGACAGGTGCG-1,
TATGATCTTCTCTTTA-1,
TATGGCCCGGCCTCGC-1,
TATGGGACCGAGCAGG-1,
TATGGGTACGTATCGT-1,
TATGGTCTGAGTAACA-1,
TATGGTTAGTGGGAGA-1,
TATTACCATCCTGCTT-1,
TATTCAATTCTAATCC-1,
TATTCCACTCAGCTCG-1,
TATTCCGAGCTGTTAT-1,
TATTCCTCCGCCCACT-1,
TATTCGTGCCAGAATA-1,
TCAAACTTAGATTGTT-1,
TCAACGAGGAGACAAA-1,1
TCAACGCGACCGGCAG-1,
TCAACTAACGTATAAC-1,
TCAACTGCAGAGTCAG-1,
TCAAGAAATACTAGCT-1,
TCAAGGTTACTACACC-1,1
TCACAAACCGAGGTAC-1,
TCACAGATCCTCAAAC-1,
TCACAGCAAACTCGAA-1,
TCACAGGAGAATAAGA-1,
TCACAGGGAATCGCAA-1,1
TCACAGGTTATTGGGC-1,
TCACATCTTATCTGAT-1,
TCACCCTCTTAAGATT-1,
TCACGCATTGTAGATC-1,
TCACGTGCCCGATTCA-1,1
TCACTCTTCGTCTGTC-1,
TCAGACGCTATAGAAG-1,
TCAGCAAATGCATCTC-1,
TCAGCCAATCCGTAAA-1,
TCAGGGCGACTTCCTT-1,
TCAGGGCGCAAACTCG-1,
TCAGGTTCTTTGAGAA-1,
TCAGTACTGACCCGCG-1,
TCAGTAGGGACTATAA-1,
TCATACTTACAGATCC-1,
TCATTTAAGTCTCCGA-1,
TCATTTAGAAGTGTGA-1,
TCCAACTTTAAATTCT-1,1
TCCACAATGGTTTACG-1,
TCCAGAGCACCGGTTC-1,1
TCCAGCGCTATAAGCG-1,1
TCCAGGCGAGTACGGT-1,
TCCCAAAGCCCTAAAT-1,
TCCCACTCTCTTCCGG-1,
TCCCAGCTTTAGTCTG-1,
TCCCAGGCTTAGCTAA-1,
TCCCGGGTGTGCTGCT-1,1
TCCCGTGTGCAATTTG-1,1
TCCCTGGCTCGCTGGA-1,1
TCCGAACGTTGCCGCT-1,1
TCCGAACTTGGCTTAC-1,
TCCGATTACATTGCCG-1,
TCCGCAGCCACCTAGC-1,
TCCGCCTGTCTACAAG-1,
TCCGCGGCAGCATCTG-1,
TCCGCGGCCCAATGAA-1,
TCCGCTGTCATCCCGG-1,1
TCCGCTTATCCCATTA-1,
TCCGGTTCGTCCGGTC-1,
TCCGTAACCACAATCC-1,
TCCGTTAAGCTAATAT-1,
TCCTAAATTGGGAAGC-1,
TCCTACATCCACGGCC-1,1
TCCTAGCAAAGAAGCT-1,1
TCCTATCATAGGTAAC-1,1
TCCTCGGGCTGGGCTT-1,1
TCCTCTACGAGATGGC-1,
TCCTCTCCAGTTGTCC-1,
TCCTGCGTTGATACTC-1,1
TCCTTACGACGGTCCG-1,1
TCCTTTAAATCCGCTT-1,
TCGAAATTTAGGACCA-1,
TCGAAGAACCGAGCAC-1,1
TCGAGACCAACACCGT-1,1
TCGCAAAGATGCATTT-1,1
TCGCACCAGGAGGCAG-1,
TCGCACTAACGTTTGT-1,
TCGCATAAAGGGCGCA-1,
TCGCCGAAGTTGCGTC-1,
TCGCCGGAGAGTCTTA-1,
TCGCCGGATGGGCAAG-1,
TCGCCTCGACCTGTTG-1,
TCGCGTAGCAGTGTCC-1,
TCGCGTCCAGAAGGTC-1,
TCGGAATGCGCTCTGA-1,
TCGGACGCCCAGCCCA-1,
TCGGAGAGTATCGGGA-1,
TCGGAGTACATGAGTA-1,
TCGGCGAACCCAAACC-1,1
TCGGCTTGTATCGACG-1,
TCGGGATTCAAACATA-1,
TCGGGCCGTCGTGGTA-1,
TCGTATTACCCATTGC-1,1
TCGTCACACTGTTAGC-1,
TCGTCTTAGGCGTTAA-1,
TCGTGTACTATGGATG-1,1
TCGTGTATTGGTCACG-1,1
TCGTGTCACGCTGACA-1,
TCGTGTTCGACCACAA-1,
TCGTTAGGAGTCCCTA-1,
TCGTTGACAGGGTCCC-1,
TCGTTGCTATCCGGTC-1,
TCTAACTGTATGTAAA-1,
TCTACCCAATAGAGAG-1,
TCTAGCAATCTCCGCC-1,
TCTAGCATGCCCAGAA-1,
TCTAGTGATATCGTGG-1,1
TCTAGTTATCAGAAGA-1,
TCTATAGGTGGGTAAT-1,
TCTATGCTATAACGAC-1,
TCTATTACTAGAGGAT-1,
TCTCATGAGATAGGGT-1,1
TCTCCACAAGTTGAAT-1,
TCTCCCTGGGCAGCGT-1,
TCTCGACGTATCGCCG-1,1
TCTCGAGGAGGTTCGC-1,1
TCTCGGCTCCAGGACT-1,
TCTGAACTCGTACCCG-1,1
TCTGAAGCACGTGGTC-1,
TCTGAATTCCGTACAA-1,
TCTGACTGTAATGGTT-1,
TCTGAGCAATTGACTG-1,
TCTGATGTATTCTGTC-1,
TCTGCAGATTCGAGTC-1,
TCTGCATACCTTGCTT-1,
TCTGCCAGAAACTGCA-1,1
TCTGCGTCCGGTTTCT-1,
TCTGGCCGTTCAAGTT-1,
TCTGGCGCAAGCCGGG-1,
TCTGGGAACCTTTGAA-1,
TCTGGGTAGCGCTCAT-1,1
TCTGTGCCATCATAGT-1,
TCTTAACTCGGATGTA-1,
TCTTACGGCATCCGAC-1,
TCTTACTTATGCCTCT-1,1
TCTTAGAGCTCCAATT-1,
TCTTAGAGTGAACTCT-1,1
TCTTCCCATGGGCACA-1,
TCTTCGAATAGACGTT-1,1
TCTTCGATACCAATAA-1,
TCTTCTATAACCCGCC-1,1
TCTTGATGCGTAGCGA-1,
TCTTTAAGACTATGAA-1,
TCTTTAGAGTCTAACA-1,1
TCTTTCGGCGGGACAC-1,
TGAAAGGACCTGACTC-1,
TGAAGAGCGGTCCTAG-1,
TGAAGTAGCTTACGGA-1,
TGAATGTCAGCCGGCC-1,1
TGACATCGAGCGGACC-1,
TGACCCACGTTAGACA-1,
TGACGAATATTTCCCT-1,
TGACGATGCACTAGAA-1,
TGACTATAATCCTTTC-1,1
TGAGAGATTTACCACG-1,
TGAGCCATACAGTCTC-1,
TGAGCGGAAAGTGTTC-1,
TGAGTAAATTAGCGTA-1,
TGAGTGCCTCTTAAAT-1,
TGAGTTAAAGACATTC-1,1
TGATAGCGGGATTCTA-1,
TGATCAGGGAACTGCT-1,
TGATGGGACTAAGTCA-1,
TGATGTCAATTAAGTG-1,
TGATTCGTCTATCACT-1,
TGATTCTGTCGCCGGT-1,
TGATTTATTAGCTGTG-1,1
TGCAACCCATCTGCGG-1,
TGCAATCTAACACGGT-1,
TGCACTATGTGAGTGC-1,
TGCAGAACTATATCGT-1,
TGCAGAGTACCGAGCA-1,1
TGCAGATCGTCCTAGG-1,
TGCAGTTTCCTCCCAT-1,
TGCATATGTCTGTCAC-1,
TGCATGAGTAGATTCG-1,
TGCCAAAGTCAGACTT-1,
TGCCAATGGGTACTCT-1,
TGCCAGTACGTGGAGA-1,
TGCCCGTACCGTTAAA-1,1
TGCCGATGTCATCAAT-1,
TGCCGTGGATCGTCCT-1,
TGCCTAATTGAAGATT-1,
TGCCTGACATCGGTCA-1,
TGCCTTGCCCTTACGG-1,
TGCCTTGGCCAGGCAA-1,
TGCGACACCCTAGTGC-1,
TGCGAGAAACGTTACG-1,
TGCGAGAATATTACCC-1,
TGCGATGCTAATGGCT-1,
TGCGCAAAGCATTTGG-1,
TGCGCCGTTAATAACG-1,
TGCGCGATTAACGGAG-1,
TGCGTAAGAACCTGAT-1,
TGCGTACGGCTAATTG-1,
TGCGTGATTGGGTGTC-1,
TGCGTTTGTTGACACT-1,1
TGCTAAGTGTCTATTT-1,
TGCTCCACAGTTCTTA-1,1
TGCTCGGCGAAACCCA-1,
TGCTGTTGAAGAACTC-1,1
TGCTTAGAGAGAATGC-1,
TGCTTGAAACCATGCA-1,
TGGAAACGGAGTGAAC-1,
TGGAAGAAGGGAACGT-1,1
TGGAATTAGACGCTTT-1,
TGGACACCGTTGCTTG-1,
TGGACCAATCTAAGAT-1,
TGGACCACGGCGTTGA-1,
TGGACGTAGGCGAATC-1,
TGGACTGTTCGCTCAA-1,
TGGAGTGATGCGATGA-1,
TGGATAGAGTAACAGA-1,
TGGCAAACTAAATTAC-1,
TGGCAATGGGACGGCG-1,
TGGCAGATTACGATCA-1,1
TGGCAGCAGTAATAGT-1,1
TGGCCGTATATTGACC-1,
TGGCGACTGCTCCAAA-1,
TGGCGATCAAGTTATG-1,
TGGCTACACTCTACCT-1,
TGGCTATGTGACATAC-1,
TGGGAAATGCCTTTCC-1,
TGGGACCATTGGGAGT-1,
TGGGCAATAGTTGGGT-1,1
TGGGCAGGCCACCGCA-1,
TGGGCCCATACTAATT-1,1
TGGGCCTTGCCTGCAT-1,
TGGGTTCCCGGACGGA-1,
TGGTACCGGCACAGCC-1,
TGGTAGAATATATGGG-1,1
TGGTCCCACGCTACGG-1,
TGGTCTAGCTTACATG-1,
TGGTCTGTTGGGCGTA-1,1
TGGTGATCGTATTTGT-1,
TGGTGTGACAGACGAT-1,
TGGTTATGCTTGCGGT-1,
TGGTTCAACGGGTAAT-1,
TGTAATGACCACAATA-1,
TGTACCTACACGAGGG-1,
TGTACGAACAAATCCG-1,1
TGTAGGAGAAATTTCC-1,
TGTAGTGATCTATAAT-1,1
TGTATGGCGCAGACAG-1,1
TGTCCACGGCTCAACT-1,
TGTCCGTGGCGCCTTT-1,
TGTCCTAAGTCACCGC-1,1
TGTGACTAGAGTTTGC-1,
TGTGCCGGTGCCGGAA-1,
TGTGCTTTACGTAAGA-1,
TGTGGCTCCCACCAAC-1,1
TGTGGTAGGGTGCCTT-1,
TGTGTCGCGAGTTGCA-1,
TGTGTTCGTATCCAAG-1,
TGTTATTGTATGTGGC-1,1
TGTTCATAAATGTGCT-1,
TGTTCCGCTTCCATGA-1,1
TGTTCGTATTGCGGTG-1,
TGTTCTTCCATTGACT-1,
TGTTGCCGTCGTCCCA-1,1
TGTTGGCTGGCGGAAG-1,
TGTTTGAGATCGTCAG-1,1
TTAAACCTGGTTCCTT-1,
TTAACACCTCGAACAT-1,
TTAACTCACGCGTGGA-1,
TTAACTTCAGGTAGGA-1,
TTAAGATAGGATTGAC-1,1
TTAAGCGCCTGACCCA-1,
TTAATGTAGACCAGGT-1,
TTAATGTGTTTGCAGG-1,
TTACATGCCACAACTA-1,
TTACCATTGATTACCC-1,1
TTACCCTAACAGTCCT-1,
TTACGGATGGTTCGAG-1,
TTACTAAAGGACTTTA-1,1
TTACTATCGGCTTCTC-1,
TTACTCCGGCCGGGAA-1,
TTACTCTGGTACGTAC-1,
TTACTGGGATATTTCA-1,1
TTAGAAGAACATGACT-1,
TTAGACGAGTCACCTC-1,1
TTAGAGTTTAGAAGGA-1,1
TTAGATAGGTCGATAC-1,
TTAGCAACATGGATGT-1,
TTAGCTCTGTAATCCG-1,
TTAGCTGATTTGCCGT-1,
TTAGGTGTGACTGGTC-1,
TTAGTAAACCTGCTCT-1,
TTAGTAGGGCGGCGGG-1,1
TTAGTTATTCGTGGCA-1,1
TTATATACGCTGTCAC-1,
TTATCCGGGATCTATA-1,
TTATCGCCTGCGAAGC-1,
TTATGAATGAAAGGGA-1,1
TTATGACAAACTGGAT-1,
TTATGATCTTAACGAA-1,
TTATGTTTGCGATAGA-1,
TTATTAGAGCGTGTTC-1,1
TTCAAAGTCTCTAGCC-1,
TTCAATACTCTGAATC-1,
TTCACGAAAGGATCAC-1,1
TTCACTCGAGCACCTA-1,
TTCAGCCCTGGTCCAC-1,1
TTCAGCTGGCGTGCCC-1,
TTCAGGCGTCAAAGCC-1,
TTCAGTTTGTGGCAGC-1,
TTCATAGCCTTGTAAC-1,
TTCATAGGGTGTCCAT-1,
TTCCAATCTGGCTATC-1,
TTCCACACAGATTTGA-1,
TTCCAGACGAGATTTA-1,
TTCCATCGACAGCGTG-1,
TTCCGCGTGAGGCGAT-1,
TTCCGGCCTTGAGGCT-1,
TTCCGGTATCTGTGTC-1,
TTCCGGTTACCCACTT-1,1
TTCCTCGGACTAACCA-1,
TTCCTCTGCCCGAATA-1,
TTCGACAGAGCCCGTG-1,
TTCGCATCCGGAAGCA-1,
TTCGCGCGCCATACGA-1,
TTCGCTAGGAAGTTGT-1,
TTCGGCTAGAGATGGT-1,
TTCGGGACTAATCGCG-1,
TTCGGTGGAGACGCCC-1,1
TTCGTACTCCAGAACG-1,
TTCTAACCGAAGCTTA-1,
TTCTACTTGCGAGGGC-1,
TTCTGACCGGGCTCAA-1,
TTCTGCCGCGCCTAGA-1,
TTCTGCGAGCGCCCTT-1,
TTCTGCGGGTTAGCGG-1,
TTCTGTTTCCTGTCGC-1,
TTCTTATCCGCTGGGT-1,1
TTCTTGAGCCGCGCTA-1,
TTCTTGCTAGCATCTC-1,
TTCTTGTAACCTAATG-1,
TTCTTGTGTCCATCAG-1,
TTGAACGAATCCTTTG-1,
TTGAACGACGTGCTGA-1,
TTGAAGAATTCCCAGG-1,
TTGAATATGGACTTTC-1,
TTGAATTCACGTGAGG-1,
TTGACAGGAGCTCCCG-1,1
TTGACATGAACGTGGA-1,
TTGACGCTCCATGAGC-1,
TTGACTACCATATGGT-1,
TTGACTATTGTCCGGC-1,1
TTGAGAAGTTTAGCAT-1,
TTGAGAGTACTGCTAA-1,
TTGAGCAGCCCACGGT-1,1
TTGAGCGCCACGTGAT-1,
TTGAGTCCCGCTGCTG-1,
TTGATCTAACTTTGTC-1,
TTGATTAGCTGTTTCT-1,
TTGATTATGCAGATGA-1,
TTGCACAATTCAGAAA-1,1
TTGCATGCTGATCACG-1,
TTGCCAAGCAGAACCC-1,1
TTGCCCTGATCACGGG-1,1
TTGCGCTCTCTCGCTT-1,
TTGCGGCATCAGAAAG-1,
TTGCGTAGTTTGAGGA-1,
TTGCGTCGGCCAACCG-1,
TTGCTCATAGTACGTG-1,
TTGCTGATCATGTTCG-1,
TTGCTGCACCTATCCA-1,
TTGGACATGTGGCTTA-1,
TTGGACCATCTGGCAA-1,
TTGGACCTATAACAGT-1,
TTGGATATCGTCTACG-1,
TTGGCCATCTTGCGCT-1,
TTGGGACGTAAGAGTT-1,1
TTGGTCACACTCGTAA-1,
TTGTAAGGACCTAAGT-1,
TTGTAATCCGTACTCG-1,
TTGTGAACCTAATCCG-1,
TTGTGCAGCCACGTCA-1,
TTGTGGTGGTACTAAG-1,
TTGTGTATGCCACCAA-1,
TTGTGTTTCCCGAAAG-1,
TTGTTCTAGATACGCT-1,
TTGTTTCCATACAACT-1,
