Barcode,Perichondrium
AAACAAGTATCTCCCA-1,
AAACACCAATAACTGC-1,1
AAACAGAGCGACTCCT-1,
AAACAGGGTCTATATT-1,
AAACAGTGTTCCTGGG-1,
AAACCCGAACGAAATC-1,
AAACCGGGTAGGTACC-1,
AAACCGTTCGTCCAGG-1,1
AAACGAGACGGTTGAT-1,
AAACGGGCGTACGGGT-1,
AAACGGTTGCGAACTG-1,
AAACTCGGTTCGCAAT-1,
AAACTGCTGGCTCCAA-1,
AAACTTAATTGCACGC-1,
AAACTTGCAAACGTAT-1,
AAAGGCCCTATAATAC-1,1
AAAGGCTACGGACCAT-1,
AAAGGCTCTCGCGCCG-1,
AAAGGGATGTAGCAAG-1,
AAAGTAGCATTGCTCA-1,
AAAGTGCCATCAATTA-1,
AAAGTGTGATTTATCT-1,
AAAGTTGACTCCCGTA-1,
AAATAACCATACGGGA-1,
AAATACCTATAAGCAT-1,
AAATAGGGTGCTATTG-1,1
AAATCGTGTACCACAA-1,
AAATCTAGCCCTGCTA-1,
AAATCTGCCCGCGTCC-1,
AAATGGCATGTCTTGT-1,
AAATGGCCCGTGCCCT-1,
AAATGGTCAATGTGCC-1,
AAATTAACGGGTAGCT-1,
AAATTACACGACTCTG-1,
AAATTGATAGTCCTTT-1,
AAATTTGCGGGTGTGG-1,1
AACAATACATTGTCGA-1,
AACACACGCTCGCCGC-1,
AACACGACTGTACTGA-1,
AACACGAGACGCGGCC-1,
AACAGCTGTGTGGCAA-1,
AACAGGAAATCGAATA-1,
AACAGGTAGTATGGAT-1,
AACATTGAAGTTGATC-1,
AACATTGTGACTCGAG-1,
AACCATAGGGTTGAAC-1,
AACCCATCCCATGATC-1,1
AACCCGACAACCCGTG-1,
AACCCTACTGTCAATA-1,
AACCCTGGTGGAACCA-1,
AACCGAGCTTGGTCAT-1,
AACCGCTAAGGGATGC-1,
AACCGTTGTGTTTGCT-1,
AACCTCGCTTTAGCCC-1,
AACCTTTAAATACGGT-1,
AACCTTTACGACGTCT-1,
AACGAAAGTCGTCCCA-1,
AACGATAATGCCGTAG-1,
AACGCGACCTTGGGCG-1,
AACGCGGTCTCCAGCC-1,
AACGCTGTTGCTGAAA-1,
AACGGACGTACGTATA-1,1
AACGGCCATCTCCGGT-1,
AACGTACTGTGGGTAC-1,
AACGTGATGAAGGACA-1,
AACGTGCGAAAGTCTC-1,
AACTACCCGTTTGTCA-1,1
AACTAGGCTTGGGTGT-1,
AACTCAAGTTAATTGC-1,
AACTCCAGAGCGTGTT-1,1
AACTCCTAATCCCATG-1,
AACTCTCAGTGTGCTC-1,1
AACTGAGTTATACTGA-1,1
AACTGATATTAGGCCT-1,
AACTGGGTCCCGACGT-1,
AACTTCTGCGTCTATC-1,
AAGACCAAATAACTCA-1,
AAGACCCAACTGAACA-1,
AAGACTGCAAGCTACT-1,
AAGAGCTCTTTATCGG-1,
AAGAGGATGTACGCGA-1,
AAGAGGCATGGATCGC-1,
AAGATGGCACCGGACC-1,
AAGCACCCTGCGTATC-1,
AAGCATACTCTCCTGA-1,
AAGCCACTTGCAGGTA-1,
AAGCCGAAGCGGTTTA-1,
AAGCCGCCGTGAAATC-1,
AAGCCGGAGAGCAGGA-1,
AAGCGCAGGGCTTTGA-1,
AAGCGTCCCTCATCGA-1,
AAGCTAGATCGAGTAA-1,
AAGCTCGTGCCAAGTC-1,
AAGCTCTTTCATGGTG-1,
AAGGATCGATCGCTTG-1,
AAGGCAGGCTGTCTCC-1,
AAGGCTGTGCTCATCG-1,
AAGGGAACGACTGGCT-1,1
AAGGGACTATGCATTC-1,
AAGGTGATAAACCAGC-1,
AAGTAGTGACGCGAGG-1,
AAGTCAATTGTCGTCA-1,
AAGTGACGACCGAATT-1,1
AAGTGAGTCGGGTTTA-1,
AAGTGCCTTGACTGTA-1,
AAGTGCGTTAGAATCT-1,
AAGTGCTTCTCTATTG-1,
AAGTGTTTGGAGACGG-1,1
AAGTTCACTCCAAGCT-1,
AAGTTCAGTCTGCGTA-1,
AAGTTCGGCCAACAGG-1,
AAGTTTATGGGCCCAA-1,
AATAACAACGCTCGGC-1,
AATAACACTAGAACAA-1,
AATAATCTTCGTATCG-1,
AATACCGGAGGGCTGT-1,
AATAGAACAGAGTGGC-1,
AATAGAATCTGTTTCA-1,
AATAGGCACGACCCTT-1,
AATAGTCCGTCCCGAC-1,
AATATCGAATCAATGC-1,
AATCAGGTTTCATTTA-1,
AATCATGTAAAGACTC-1,
AATCGCCTCAGCGCCA-1,
AATCGCGCAGAGGACT-1,
AATCTAGGTTTACTTG-1,
AATCTGGCTTTCTAGT-1,
AATGACAGCAATGTCT-1,
AATGCAACCGGGTACC-1,
AATGCACCAAGCAATG-1,
AATGTATGGCACTGTA-1,
AATGTGCCCGAGGTGT-1,
AATGTGCTAATCTGAG-1,
AATTAAAGGTCGGCGT-1,
AATTAACGGATTTCCA-1,
AATTACGAGACCCATC-1,
AATTAGCGCTGCAGCG-1,
AATTCATTGTCATGCA-1,
AATTCCAAGCATGTAC-1,
AATTCGATTCGAGGAT-1,
AATTCTAGAGTTAGGC-1,
AATTGCGTGGATTACA-1,
AATTGTGGTTGCCAAA-1,
AATTTGGGACATAGTA-1,1
AATTTGGTTCCAAAGA-1,
ACAAACCATGCGTCCT-1,
ACAAACTCCATCAGAG-1,
ACAAATCGCACCGAAT-1,
ACAACAGCATGAGCTA-1,
ACAAGGAAATCCGCCC-1,
ACAAGGACAAGAGGTT-1,
ACAAGGATGCTTTAGG-1,
ACAAGTAATTGTAAGG-1,1
ACAATAGTCGTACGTT-1,
ACAATCCATTTAAACC-1,
ACAATGAATACGGAGA-1,
ACAATTGTGTCTCTTT-1,
ACAATTTGGCCATATT-1,
ACACAAAGACGGGTGG-1,
ACACACCAGGACCAGT-1,
ACACACTTTCTACACG-1,
ACACATGATCAAATCT-1,1
ACACCGGTCTGACCGC-1,
ACACCTTACTACTTGC-1,
ACACGAGACTCCTTCT-1,
ACACGGCACTATGCAT-1,
ACACGGGAACTTAGGG-1,
ACACTGATCAAGGTGT-1,
ACAGAACTGAGAACAA-1,
ACAGCATAGAGCCAGT-1,
ACAGCGCACCCGCAGC-1,
ACAGGCTTGCCCGACT-1,
ACAGGTGGAGGTGAGG-1,1
ACAGTAATACAACTTG-1,
ACATAAGTCGTGGTGA-1,
ACATAATAAGGCGGTG-1,
ACATCCCGGCCATACG-1,
ACATCCTGGTAACTGT-1,
ACATCGATCGTTTACC-1,
ACATCGCAATATTCGG-1,
ACATCGGTCAGCCGCG-1,
ACATCGTTAACCTAGT-1,
ACATGCTTACGGCAGC-1,
ACATGGCGCCAAAGTA-1,
ACATTAGTTTATATCC-1,
ACATTCGCGCGGAATA-1,
ACCAACGCTTATTTAT-1,
ACCAATATGCAAGTTA-1,
ACCACAACTCAGAACA-1,
ACCACAAGTTTCTATC-1,
ACCACCAATGTAACAA-1,
ACCACGTGCAGCTATA-1,
ACCAGTGCGGGAGACG-1,1
ACCATATCCGCAATAA-1,
ACCATCCGCCAACTAG-1,
ACCATCGTATATGGTA-1,
ACCCATTTGTCCCTCT-1,1
ACCCGAGCGAAATTAC-1,
ACCCGATTGGTTCCGA-1,
ACCCGGAAACTCCCAG-1,
ACCCGGTTACACTTCC-1,
ACCCGTAGCAGAGAAT-1,
ACCCGTGTCATCAGTA-1,1
ACCCTATGCCATATCG-1,
ACCCTCCCTTGCTATT-1,
ACCCTTCATCTGCGAA-1,
ACCCTTTAGTTCTCCA-1,
ACCGAAGAGTCTGGTT-1,
ACCGACACATCTCCCA-1,
ACCGACTGAGTCCCAC-1,
ACCGATATTTAATCAT-1,1
ACCGATGGTAGCATCG-1,
ACCGCAATAACTGCCT-1,
ACCGCGGTGGAAGTCG-1,
ACCGCTAGTCATTGGT-1,
ACCGGGCCTTTGTTGA-1,
ACCGGTCAGGTACACC-1,1
ACCGTCCACTGGGCCC-1,
ACCGTGACCACGTGGG-1,
ACCTAAGTACCTTTCA-1,
ACCTAATCGACTTCCT-1,
ACCTACAGTATGTGGT-1,
ACCTACTATAAATCTA-1,
ACCTCCGCCCTCGCTG-1,1
ACCTCGAACTTATGCT-1,
ACCTGCGTGTCATGTT-1,
ACGACTGGTCATACTC-1,
ACGAGATATTTGCTTA-1,
ACGAGGATACCACTCT-1,
ACGAGGTTTACAACGT-1,1
ACGATCATACATAGAG-1,
ACGATGCATATGTTAT-1,
ACGATGGATCCGATGC-1,
ACGCAAACTAATAGAT-1,
ACGCATACGTTTACTA-1,1
ACGCATTCGTGAGTAC-1,
ACGCCAGATGATTTCT-1,
ACGCCGCTAGACGACC-1,
ACGCGAAGTCAGACGA-1,
ACGCGCTACACAGGGT-1,
ACGCGGGCCAAGGACA-1,
ACGGACGCAGCGACAA-1,
ACGGACTCTCAAAGCG-1,
ACGGATGGTGCGGATA-1,
ACGGCACTTGCTTGGG-1,
ACGGCCAACATGGACT-1,
ACGGCGACGATGGGAA-1,
ACGGCTGGATGTAGAA-1,
ACGGGAGTGTCGGCCC-1,
ACGGGTTGTGACCTGT-1,
ACGGTCACCGAGAACA-1,
ACGTACAGATTTCTCT-1,
ACGTACTTTGGCACGG-1,
ACGTAGATTGCTGATG-1,
ACGTATTACTCCGATC-1,
ACGTCGGGCAACTCGG-1,
ACGTGCGCCTCGTGCA-1,
ACGTTAATGTCGAAGA-1,
ACGTTAGATTTGCCCG-1,
ACGTTCACTATGCCGC-1,
ACGTTCGTTCAGGAAA-1,
ACGTTGTCGTTGAAAG-1,
ACGTTTAGTTGTGATC-1,
ACTACAAAGAGAGGTG-1,
ACTACATCCCGACAAG-1,
ACTACCATCCGAGGGC-1,
ACTACGCGTTAGAATT-1,
ACTAGTTGCGATCGTC-1,
ACTATCCAGGGCATGG-1,
ACTATCTGCCCGCGTA-1,
ACTATGTCCAGCTGCC-1,1
ACTATTCGTCCGTGGT-1,1
ACTATTTCCGGGCCCA-1,
ACTCAAGTGCAAGGCT-1,
ACTCAATAAAGGCACG-1,
ACTCATGGCAGCCTTC-1,
ACTCCAATATCATCAT-1,
ACTCCCATTCCTAAAG-1,
ACTCCCTAATGCTAAA-1,
ACTCCCTAGAATAGTA-1,
ACTCGCGATCTGACGC-1,
ACTCGTAACCCGTCCT-1,
ACTCGTCAGTAATCCC-1,
ACTCTCTTATACACGA-1,
ACTCTTGTATAGTAAC-1,
ACTGAAACGCCGTTAG-1,
ACTGAATGGCGAAAGT-1,
ACTGCCCGCCATTCTC-1,
ACTGCCGTCGTAACTC-1,
ACTGCTCGGAAGGATG-1,
ACTGGGATGCCAGTGC-1,
ACTGTACGATACACAT-1,
ACTGTAGCACTTTGGA-1,
ACTGTCCAGGATTATA-1,
ACTGTCTTCTTTAGAA-1,
ACTTACCGGGCGCGCA-1,1
ACTTACGCATCCACGC-1,
ACTTATACTTACCCGG-1,
ACTTATTAGGATCGGT-1,
ACTTATTTATGTGCCA-1,
ACTTCAGGCTGATCCC-1,
ACTTCCATGCGGGACA-1,
ACTTCGCCATACGCAC-1,
ACTTGACTCCCTCTTT-1,
ACTTGCTCTATCTACC-1,
ACTTGTAGTCCCTTCA-1,
ACTTGTGGATGGAACG-1,
ACTTTATACACCACTT-1,
ACTTTCCTATAGCTTC-1,
ACTTTGGTCGTGCTCC-1,
AGAAATTATGACTCGC-1,
AGAACCCAGCGTGACA-1,
AGAACCCTCAATTGGG-1,
AGAACGTGGTACATTC-1,
AGAAGAGCGCCGTTCC-1,
AGAAGGTACACTTCAC-1,
AGAAGGTTGCCGAATT-1,
AGAAGGTTGTAGGTCG-1,
AGAAGTGATTCGTGAT-1,
AGACCAAACCACACCT-1,
AGACCCACCGCTGATC-1,
AGACCCGCCCTCCTCG-1,
AGACCGCTCCGCGGTT-1,
AGACCGGGAAACCCTG-1,
AGACGAAGTGCCGGTC-1,
AGACGACGATGCCGCT-1,
AGACTGTTACCGGGTC-1,
AGAGAAACACCAGAAA-1,
AGAGAAGGAGTACAAT-1,
AGAGATCTCTAAAGCG-1,
AGAGCGGGCTAATCAT-1,
AGAGGCTTCGGAAACC-1,
AGAGTAAACTTCACTA-1,1
AGATAACTTCAGGGCC-1,
AGATACCGGTGTTCAC-1,
AGATATAATACGACTA-1,
AGATCGTGCATAAGAT-1,
AGATCTCAGGTGTGAT-1,
AGATGACTCGCCCACG-1,
AGATGAGGGTTGCGAT-1,
AGATGCAAGACGTGCA-1,
AGATTATAGGACGTTT-1,
AGATTCACAACCGATA-1,1
AGCAAAGGCCGCTAGT-1,
AGCAACATATCTTATT-1,
AGCAACCGAAAGTAAT-1,
AGCACACGTTTAGACT-1,
AGCACCAGTACTCACG-1,
AGCACTACCTCACCAG-1,1
AGCACTTAAGGACGCC-1,
AGCAGAAGGAGAAAGA-1,
AGCAGCCAGATGAATA-1,
AGCATATCAATATGCT-1,
AGCATCATTTCGAAAG-1,
AGCCAAGCTTTGTGTC-1,
AGCCCATACATGTAAG-1,1
AGCCCGCAACAAGCAG-1,
AGCCCGGCATTAGAGG-1,
AGCCCGGTAGCCTGTA-1,
AGCCCTAAGCGAAGTT-1,
AGCCCTCCCTGGTGGC-1,
AGCCCTGTCGCACCGT-1,
AGCCGTGGCTAAATGT-1,
AGCCTAATACCCACGT-1,
AGCCTTGTCACTGATA-1,
AGCGACAGGAACGGTC-1,
AGCGACATCCCATTCA-1,
AGCGAGACGTGAAGGC-1,1
AGCGCATAATGAATCG-1,
AGCGCTAGAGCGATGT-1,
AGCGGACACTTCGTAG-1,
AGCGGCGGTTAGCGGT-1,
AGCGGGTCTGACACTC-1,
AGCGTGGTATTCTACT-1,
AGCTAACAAGCAATGT-1,
AGCTAAGCTCCGTCCG-1,
AGCTAGAAGCAGAAGT-1,
AGCTATTTAATCCAAC-1,1
AGCTCCATATATGTTC-1,
AGCTCCTTCGCACATC-1,1
AGCTCTAGACGTTCCA-1,
AGCTCTTCCCAGTGCA-1,
AGCTCTTTACTCAGTT-1,
AGCTGAAGTAAACCAA-1,
AGCTGTAACCTCAATC-1,
AGCTTGATCAGGGTAG-1,
AGCTTGATCTTAACTT-1,1
AGGAACGAACGACTTC-1,
AGGAAGCTGTCCGCCG-1,
AGGACGACCCATTAGA-1,
AGGACGCTCGATGTTG-1,
AGGAGGCCTTCGCGCG-1,
AGGATAAAGTCGGGAT-1,
AGGATATAGGGATTTA-1,
AGGATCACGCGATCTG-1,
AGGCAGGGAGCGTACT-1,
AGGCATTGTCGTAGGG-1,
AGGCCACATTGGTTAC-1,
AGGCCACCCGTTATGA-1,
AGGCCCATTGTACAGG-1,
AGGCCCTAGAACGCCA-1,
AGGCCTATCATACCAA-1,
AGGCGGTTTGTCCCGC-1,1
AGGCTTCCCGAAGAAG-1,
AGGGAAACGAGGTACT-1,
AGGGACTCTACGCGAC-1,
AGGGCAGCGGCGTGGT-1,
AGGGCCCTAATGTTCT-1,
AGGGCGAGCAGCTGAT-1,
AGGGCTGCAGTTACAG-1,
AGGGTCAGAGCACTCG-1,
AGGGTGCCGTTCTTTA-1,
AGGGTTCAGACGGTCC-1,
AGGGTTTAGTTCGGGA-1,
AGGTACGATATTGCCA-1,
AGGTAGATCGAGATAT-1,
AGGTAGGTACAAAGCT-1,
AGGTCAGGTGAGAGTG-1,
AGGTCGCCTCCCAACA-1,
AGGTGGTGACCTTCGC-1,
AGGTGTTGCCGACCAC-1,
AGGTTACACCATGCCG-1,
AGGTTCTCCTTTCCGG-1,
AGGTTGAGGCACGCTT-1,
AGGTTTCACACACCTT-1,
AGTAATGTCTTGCCGC-1,
AGTAATTTGCAAGCGT-1,
AGTACTCTTATGCCCA-1,
AGTAGAAGGCGCCTCA-1,
AGTAGGAAGGAAGTTG-1,
AGTATACACAGCGACA-1,
AGTATGCTGGAGACCA-1,
AGTATTTGGCACGACC-1,1
AGTCAAATGATGTGAT-1,
AGTCAACACCACCATC-1,
AGTCAAGATGACACTT-1,
AGTCACTAGCTCTCGA-1,
AGTCCATTGGCTGATG-1,
AGTCCCGCCTTTAATT-1,
AGTCGAAACGATTCAG-1,
AGTCGACGGTCTCAAG-1,
AGTCGGCTCAACTTTA-1,
AGTCGGTTGCGTGAGA-1,
AGTCGTCGACCACCAA-1,
AGTCGTGGGCATTACG-1,
AGTCTCACAAGACTAC-1,
AGTCTTCTCCTCAAAT-1,
AGTGAACAAACTTCTC-1,
AGTGACCTACTTTACG-1,
AGTGACTGTGACACAA-1,
AGTGAGGGTTTCTGAC-1,
AGTGATAACCTGCGCG-1,
AGTGATATGAGTAGTT-1,
AGTGCACGCTTAAGAA-1,
AGTGCGTAGCTCGTAA-1,
AGTGCTTGCACGAATA-1,
AGTGGCGTCTGAAGGT-1,1
AGTGGTGTTACCCGTG-1,
AGTGTATTGCGCATTG-1,
AGTTAAACACTTGCGA-1,
AGTTAAGCGGTCCCGG-1,1
AGTTAAGTCAACCGCT-1,
AGTTACTCTATCGTGG-1,1
AGTTCCTATTTATGTT-1,
AGTTGACGGTCCTTGC-1,
AGTTGCGGTCCTCAAC-1,
AGTTTCGCAGGTCGGA-1,
AGTTTGCACCTGCCTC-1,
AGTTTGGCACGGGTTG-1,1
AGTTTGGCCAGACCTA-1,1
ATAAACGGACCCGTAA-1,
ATAAACGTTGCACCAC-1,
ATAAAGGCTCGGTCGT-1,
ATAAAGGTCAAGTACG-1,
ATAAATATTAGCAGCT-1,
ATAACGCCGGAGGGTC-1,
ATAACGGAGTCCAACG-1,
ATAAGGTGGAGAACAT-1,
ATAAGTTACCGCGACG-1,
ATAATAGCTGTTGAAT-1,
ATAATCTTGGAGAACC-1,
ATAATTAGCTAAGTAG-1,
ATACAGGCCCTCCAAT-1,
ATACCACGGGCAACTT-1,
ATACCTAACCAAGAAA-1,
ATACGAGGTTTGTAAG-1,1
ATACGCCGGCGAAACC-1,
ATACGGAACGTCGTTT-1,
ATACGTACTTAGCCAC-1,1
ATACGTCCACTCCTGT-1,
ATACGTTATGCACGGA-1,
ATACTACCCGTACCAC-1,
ATACTAGCATGACCCT-1,
ATACTGCCTTACACCG-1,
ATAGACGAAGAGAAAG-1,
ATAGGCGGCTATAGAA-1,
ATAGGGATATCCTTGA-1,
ATAGGTTGGGCAGATG-1,
ATAGTCTTTGACGTGC-1,
ATAGTGAAGCGTTCTC-1,
ATAGTTCCACCCACTC-1,
ATATAAAGCGCTCGTG-1,1
ATATAAATGTAGCTGC-1,
ATATAGAGTATTGGTC-1,
ATATCAATTCCAGCCT-1,
ATATCGGTAGGGAGAT-1,
ATATCGTTCCTCGAAC-1,
ATATCTCCCTCGTTAA-1,
ATATCTTAGGGCCTTC-1,
ATATGGGATAGCAACT-1,
ATATTCAGTTAAACCT-1,
ATATTCCACATAGTGA-1,
ATATTCCCACAGGTCA-1,
ATATTTAACCCTCAAG-1,
ATCAAACACTGTTCCA-1,1
ATCAAACGAAGGTTTG-1,
ATCAAGATCCCAGGAC-1,
ATCAATCTGGGCTGCA-1,
ATCAATGCCGTGGCTG-1,1
ATCACATTAGAATATC-1,
ATCACGTGCTAATTAA-1,
ATCACTTCATCCTCGC-1,
ATCAGACGGCACGCCG-1,
ATCAGCCTCATGCTGC-1,
ATCAGCTCGTCCACTA-1,
ATCATAGATCGACGAG-1,
ATCATCCAATATTTGT-1,
ATCATGGACTACCGAC-1,
ATCCAATGGAGGGTCC-1,1
ATCCACATCGACAGAA-1,
ATCCAGAGCAACAACC-1,
ATCCAGGATTCGTGAA-1,
ATCCCATCCACAGCGC-1,
ATCCCATTTCCGTGGG-1,
ATCCGGACCAGCCTGA-1,
ATCCTACCTAAGCTCT-1,
ATCCTGAATCGCTGCG-1,
ATCCTGCGTGGAATGG-1,
ATCCTTCTGAAAGAAC-1,1
ATCGACCCAATACAGA-1,
ATCGACTCTTTCCGTT-1,
ATCGCACGCCGGGAGA-1,
ATCGCCAGTCAACATT-1,
ATCGGAGACAGACGGC-1,
ATCGGCAAGCAGTCCA-1,
ATCGTGGAAAGTCTGG-1,
ATCGTTCACTTTCGCC-1,1
ATCTAATATCCTACGG-1,
ATCTAGCTTGTGAGGG-1,
ATCTCCCTGCAATCTA-1,1
ATCTCGTGAGCGAAAC-1,
ATCTGACATGGAAGGA-1,
ATCTGCTGTTATCGCC-1,
ATCTGGGCTGTTCTTG-1,
ATCTGTAATTGTACCC-1,
ATCTTAGGGCATTAAT-1,
ATGACGCCGGCTCTAA-1,
ATGACGCGTTCTATCC-1,
ATGACTATCAGCTGTG-1,
ATGACTATGCGACATT-1,
ATGAGGGCAGCGGCTA-1,
ATGATCGGGAATAGAC-1,
ATGATGCAATGGTACA-1,
ATGCACGCGCTGTTCA-1,
ATGCATGATCCAGGAT-1,
ATGCCATTTGCGACCA-1,
ATGCCGGTCTTGCATA-1,
ATGCCGGTTGATGGGA-1,
ATGCGACAGTCCCATT-1,
ATGCGAGTCCCACCAC-1,1
ATGCTCTGGCGCGGTA-1,
ATGCTTAGGAGTTGAT-1,1
ATGGAAATTTAAGGAG-1,
ATGGAACCTTTGCACA-1,
ATGGACTGCTTAGTTG-1,
ATGGAGCAGGCCGTGA-1,
ATGGATCCGGCGTCCG-1,
ATGGATTGACCAAACG-1,
ATGGCAGCATTACGAT-1,
ATGGCTGGAAATGGCC-1,
ATGGGACCTGCTGAAC-1,
ATGGGCCTCGGCCTCT-1,
ATGGGTGTATACCTCC-1,
ATGGTATTTACTGATT-1,
ATGGTCGCGTGGTTTC-1,
ATGTACGATGACGTCG-1,
ATGTAGCGCGCGTAGG-1,1
ATGTCTTGTTTGACTC-1,
ATGTGAAAGCCTAATG-1,
ATGTGCATCCGACGCA-1,
ATGTGGACATCTTGAT-1,
ATGTTGTAGTCTGTTT-1,
ATTAAACATGCGGACC-1,
ATTAATACTACGCGGG-1,
ATTAATTCGGTCACTC-1,
ATTACAACTACCGGCC-1,
ATTACATGTCAGTCTT-1,
ATTACCACACTGCCTG-1,
ATTACGCGCTGGCAGG-1,
ATTACGGGCTACGGTT-1,
ATTACTTACTGGGCAT-1,
ATTAGGCGATGCTTTC-1,
ATTATACTTTGCTCGT-1,
ATTATCGGAATGTACG-1,
ATTATGAGACCCAATT-1,
ATTATTATGTCCGTCA-1,
ATTCACTGATGTTGGA-1,
ATTCAGGACCTATTTC-1,
ATTCATATACTGTCCA-1,
ATTCATCGTTGAGGCA-1,1
ATTCGACGCCGGGCCT-1,
ATTCGTGCTATCTCTT-1,
ATTCTGAGTATGAACT-1,
ATTCTTCGTACTTATG-1,
ATTGAAGATCTTAGTG-1,
ATTGACGTAACTCGGT-1,
ATTGATCACCACATTT-1,
ATTGCCTATTAGACCG-1,
ATTGCGATCAGTAACT-1,
ATTGCTGCTCCTCCAT-1,
ATTGGATTACAGCGTA-1,
ATTGTCGCAATACCTT-1,
ATTGTCTGTTTCATGT-1,
ATTGTTCAACGATCCG-1,1
ATTTACAGTTTACTGG-1,
ATTTCATTATTTCGCG-1,
ATTTCCGGGTTCTGCG-1,
ATTTGCGCGAGTAGCT-1,
ATTTGTCTTGGGAGCT-1,
ATTTGTTCCAGGGCTC-1,
CAAACGAGTATCGCAG-1,
CAAACGGTCGCACTTT-1,
CAAACTACGATAGAGA-1,
CAAACTATTGAGCTTC-1,
CAAACTCGCGACGCCG-1,
CAAAGATTATTGGGCC-1,
CAAAGGTCATCTGAAA-1,
CAAATCTCTCACAAGG-1,
CAAATGTCCTTCCGTG-1,
CAAATTGTCAGCAAGC-1,
CAACGCGATGAGCCAA-1,
CAACGTGGTGGAGTCT-1,1
CAACTATATCGAATGC-1,
CAACTGCTCATCCGAT-1,1
CAAGAGGGCGGAGTAC-1,
CAAGATATTATAACGT-1,
CAAGCAACGTCGGAGT-1,
CAAGCACCAAATGCCT-1,
CAAGCGGCACATAATT-1,
CAAGGATCGCATGTTC-1,
CAAGTAAGTGATAGAC-1,
CAAGTGTGGTTGCAAA-1,
CAATAAACCTTGGCCC-1,
CAATACGAGAGTCTGA-1,
CAATATTCTTGACCTA-1,
CAATCCCTATACCAGC-1,
CAATGACCCTTAATTT-1,1
CAATGCGAGAAGTATC-1,
CAATGGAATCTACATA-1,
CAATTAAGGGTGATGA-1,
CAATTTCGTATAAGGG-1,
CACAAGCTAAGAAAGG-1,
CACAATGAGCTGCTAT-1,
CACACACGCTAACGAG-1,
CACACAGCTTGCGCTC-1,1
CACAGAGACGAGGACG-1,1
CACAGCACCCACGGCA-1,
CACAGCTAGGGAGTGA-1,
CACAGGGCCATATAGT-1,
CACAGGGCCGTTGTCA-1,
CACAGTTCGCTTCCCA-1,
CACATATTAGCAGGAT-1,
CACATCGTGCACGCGC-1,
CACATCTCACCGACGA-1,
CACATGATTCAGCAAC-1,
CACATTCTTTCGATGG-1,
CACATTTCTTGTCAGA-1,
CACCAGTCAGCATGCA-1,
CACCATCGGAGGAGAC-1,
CACCCACGAGGCAATT-1,
CACCCGGTTTGTGACT-1,
CACCCTAACAAGATCT-1,
CACCCTTGGTGAGACC-1,
CACCGATACACCGAGC-1,
CACCGCCAGAAGGTTT-1,
CACCGCCGACCAGCGA-1,
CACCGGTAGAGACATT-1,
CACCGTATCCCATCCG-1,
CACCGTTAGGGATCAC-1,
CACCGTTGCGCGATAT-1,
CACCTAATCAGTTTAC-1,
CACCTCGATGGTGGAC-1,
CACCTTGGCGCCTTTG-1,
CACGAAAGTTAGTCCC-1,
CACGAGCAAACCAGAC-1,1
CACGCACAGCGCAGCT-1,
CACGCAGCGAGGCTTT-1,
CACGCGGAACTGTTGC-1,
CACGTCGGCAACCTCT-1,1
CACGTTCGTGCTCTAG-1,
CACGTTTCGTACACAC-1,
CACTAAAGTTGCCTAT-1,
CACTACGGGAGCTGCC-1,
CACTCAAGAGCTATGG-1,
CACTCAGCTCTTGAGG-1,
CACTCCTATGTAAGAT-1,
CACTCCTCTCGGTCGG-1,1
CACTCGAGCTGAACAA-1,
CACTCTCAAGCATCGA-1,
CACTGACGATTGTGGA-1,
CACTTAATCAGACGGA-1,
CAGAACTTAGCCCTCT-1,
CAGAATATTCGTTATC-1,
CAGACACCGATCGCTG-1,
CAGACGAACCTGATAC-1,
CAGAGACGGTCACCCA-1,
CAGAGCATGAGCTTGC-1,
CAGAGGCGATGCATGA-1,
CAGAGTGATTTAACGT-1,
CAGATATGAAGATGAC-1,1
CAGATCCTGGTTTGAA-1,
CAGCAGCCCGTTCCTT-1,
CAGCAGTCCAGACTAT-1,
CAGCAGTCTGTGCTGC-1,
CAGCCGGGCCCTCTAT-1,
CAGCCTCGATAGCGGT-1,
CAGCCTCTCCTCAAGA-1,
CAGCGATTCCCTTCAA-1,1
CAGCTCACTGAGACAT-1,
CAGCTCTGGGCTCACT-1,
CAGCTGGCGTAACCGT-1,
CAGGAAGACTTTATAT-1,
CAGGATATATCGTTGT-1,
CAGGCCAGTACCACCT-1,
CAGGCCGTTTGGGTGT-1,
CAGGCGCACGGTGGTC-1,
CAGGCGCCATGCTAGG-1,
CAGGGAGATAGGCCAG-1,
CAGTAACTATTTATTG-1,
CAGTACATTCTCTAAA-1,
CAGTACCAGTTTACGT-1,
CAGTCTGTATACTGGG-1,
CAGTGTCGGCTGGCCC-1,
CAGTGTTAATCTCTCA-1,
CAGTTCAAATTGACAC-1,
CAGTTCGAGGACCCGA-1,
CATAACGGACAGTCGT-1,
CATAAGAAGCTTGGCT-1,1
CATAAGCTCTCCGTCT-1,
CATACACGGTTCCCAC-1,
CATACCCGTACCCAGT-1,
CATACGAACTAGCTGG-1,
CATACGGCGTCTGGGC-1,
CATACTATGTAATTGT-1,
CATACTTCTTTCTCCG-1,
CATAGCGTTGCCCACC-1,
CATAGGGACACTTGTG-1,1
CATAGTACATTGAGAG-1,
CATAGTCCACAAGAAC-1,1
CATATAGGTACAGTCA-1,
CATATGTCAGGCTACG-1,
CATATTATTTGCCCTA-1,
CATCATCTACCCGGAC-1,
CATCATTACCCTGAGG-1,
CATCCAATATAGTTTG-1,
CATCCTCTCAAAGATC-1,
CATCGGACGGGTTAAT-1,
CATCTAGTGAAGGGAA-1,
CATCTATCCCGTGTCT-1,
CATGACTTCGCTGAAT-1,
CATGAGATGCACTCTC-1,
CATGAGTCCATCACGG-1,
CATGATGCACAATTCT-1,
CATGATGGAAGTTAGC-1,
CATGCACATGAGAGGC-1,1
CATGCCAACTCGCAAA-1,
CATGCGTTAGACAGAA-1,
CATGCGTTGAGAGGAG-1,
CATGCTGGCTCCAATT-1,
CATGGATTGTCTTCCG-1,
CATGGCAGGAAGATCG-1,
CATGGGTATGCCTTAT-1,
CATGGGTCGGGTGTGG-1,
CATGGTAAGTAGCGTT-1,
CATGGTATTAGTTTGT-1,
CATGGTCTAGATACCG-1,
CATGTAAGAGACATTT-1,
CATGTCTCATTTATGG-1,
CATTACGTCGGCCCGT-1,
CATTATCCCATTAACG-1,
CATTCGTCGTAGCGGT-1,
CATTTGAGTGGTACGT-1,
CCAAATAACAAGATTC-1,
CCAAATCAAAGGGCAA-1,1
CCAACCTTATGTAACT-1,
CCAACGATGCACTGAT-1,
CCAACTTGATAGATCC-1,1
CCAAGAAAGTGGGCGA-1,
CCAAGACTTCTGCGAA-1,
CCAAGCGTAACTCGTA-1,
CCAATAGTGCCGTCGA-1,
CCAATCGGTAGATCGA-1,
CCAATGTCACAGCAAG-1,
CCAATTACGGGTCGAG-1,
CCACACTGAGATATTA-1,
CCACAGTACCCATCCT-1,
CCACATACTGCACCCA-1,
CCACCAACTTTACTGT-1,1
CCACCCAAGGAAAGTG-1,
CCACCTGTATGGAATA-1,
CCACGAATTTAACCTC-1,
CCACGAGAAGAGAATC-1,
CCACGGAGCCATAAGA-1,
CCACGGCAGGTGTAGG-1,
CCACTGGTGGCTGGTT-1,1
CCACTGTTTGGATTAA-1,
CCAGAAAGCAACTCAT-1,
CCAGCCTGGACCAATA-1,
CCAGCTCGAACGCATT-1,
CCAGGCGAGATGGTCT-1,
CCAGGGACGTGGCCTC-1,
CCAGTCTTGTCATAGA-1,1
CCAGTGTACAGACCGA-1,
CCATAAACAACCCGAC-1,
CCATAGAGGCTGCCAG-1,
CCATAGGTTGGCGTGG-1,
CCATATGGAAACTATA-1,
CCATCGCAGTTAAACT-1,
CCATGCCCTAGATTTC-1,
CCATGCCTGTTTAGTA-1,
CCATGGCAAACGCTCA-1,
CCATGTTCATCTATAT-1,
CCATTAGCGATAATCC-1,
CCATTCCCTGCCCACA-1,
CCATTTCTACCTATTA-1,
CCCAACATACGTCGCG-1,
CCCAACCACACTAACA-1,
CCCAATGAGATTTGCA-1,
CCCAATTTCACAACTT-1,
CCCAGATTCCCGTGAC-1,
CCCAGGTCTGAAGGCT-1,
CCCAGTAAACTTGGGA-1,1
CCCATATAGGTCGATT-1,
CCCGAAGTTTCGCGAA-1,
CCCGACCATAGTCCGC-1,
CCCGAGTTTCTCCGTA-1,
CCCGCAGCGCGAACTA-1,
CCCGCAGGGCCCAAAG-1,
CCCGGGTCGTTCAGGG-1,
CCCGGTGTATCGGAAT-1,
CCCGTAAGTCTAGGCC-1,
CCCGTAGCTGGGAAGA-1,
CCCGTTTCGCAGATGT-1,
CCCTATGTAGAGCAGA-1,
CCCTCAGATCGAGAAC-1,
CCCTCATCACAGAGTA-1,1
CCCTCCTCGCTCGTAT-1,
CCCTCGATAATACACA-1,
CCCTGAAATGAGTTGA-1,
CCCTGCCCAATCCGCT-1,
CCCTGCGCTACGCATA-1,
CCCTTTGACAGGTCTT-1,
CCGAACACTGGGCCTC-1,
CCGAACCTTCCCGGCC-1,
CCGAAGCATTGACCAA-1,
CCGACAATAGGCCGCC-1,
CCGACGGGCATGAGGT-1,
CCGACGTAAACACAAC-1,
CCGAGAAGTCGCATAA-1,
CCGATTCGAGGGACCC-1,1
CCGCACAAAGACCAAC-1,
CCGCACACGAACGTGT-1,
CCGCATGTGGTACGAT-1,
CCGCCGGAACTTCTCG-1,1
CCGCCGGTCAACACAC-1,
CCGCCGTTGAGGATAA-1,
CCGCCTGCGAATTGGT-1,
CCGCGGAATGCGTCAC-1,
CCGCTATCAGCACCAG-1,
CCGCTCCGGATAAGCT-1,
CCGCTTACCTCACTCT-1,1
CCGGAAGTTATCAGTC-1,1
CCGGAGCGTACTTTCT-1,
CCGGCGCATATTGGAT-1,
CCGGCGTGAGACTCTG-1,
CCGGGCGGTCTCGTCA-1,
CCGGGCTAAGAATTTC-1,1
CCGGGCTGCTCCATAC-1,
CCGGGTTCGAGGTTAC-1,
CCGGTTTGTAATTGTG-1,
CCGTAAGTTGGTCCCA-1,
CCGTAGGGTTGTTTAC-1,
CCGTATCTCGTCGTAG-1,
CCGTCAACCTCTGGCG-1,
CCGTGTTAAATTCCAT-1,1
CCGTTACGTTAGAACA-1,
CCGTTCCGAATCTCGG-1,1
CCGTTTCCTTTCCGTG-1,1
CCTAAAGGCTGACGCT-1,
CCTAAATTAACGGTTC-1,
CCTAAATTGTATCCTA-1,
CCTAACCCAAACAAGT-1,
CCTAACTAAGGCTCTA-1,
CCTACATTCACAGACG-1,
CCTACTCAACACGATT-1,
CCTAGGCGTAGCGATC-1,
CCTAGGTAAAGGTAGC-1,1
CCTAGTTAGTCGCATG-1,1
CCTATAATGAGTGCCC-1,
CCTATACCGTCCTGTC-1,1
CCTATATCGTGTCACG-1,
CCTATATTTGTCCTGG-1,
CCTATCTATATCGGAA-1,
CCTATGGCTCCTAGTG-1,
CCTATGGGTTACCGTC-1,
CCTATGGTCAAAGCTG-1,
CCTCACGTCAGCTAAT-1,
CCTCCCGACAATCCCT-1,
CCTCCGACAATTCAAG-1,
CCTCCTAGCTAGAGTC-1,
CCTCCTGTTGTGTCGT-1,1
CCTCGAAGTGGACGGG-1,
CCTCGCCAGCAAATTA-1,
CCTCGCGCGATATAGG-1,
CCTCGCGCTGTGCGAT-1,
CCTCGGACCGGGATAG-1,
CCTCGGTTTCCTTGCC-1,
CCTCTAATCTGCCAAG-1,
CCTCTACAAGGATTGG-1,
CCTCTATCGATTAGCA-1,
CCTCTCTCCCATCTAG-1,
CCTCTGGCCTAGACGG-1,1
CCTCTGTACTATTCTA-1,
CCTGAACGATATATTC-1,
CCTGAATATTTACATA-1,
CCTGACCACCGATGGT-1,
CCTGAGAATAAATGCA-1,
CCTGGAAACGTTCTGC-1,
CCTGGCTAGACCCGCC-1,
CCTGGTCGAATGTGGG-1,
CCTGTAAGACATGATA-1,
CCTGTACTCACGCCCA-1,1
CCTGTCACCCGGGCTC-1,
CCTGTCGCCCGTAAAT-1,
CCTGTCGTGTATGAAG-1,
CCTGTTCAACCTCGGG-1,
CCTGTTTGAAGACACG-1,
CCTTCAGTTAAAGTGA-1,
CCTTCCGCAACGCTGC-1,
CCTTCGTATAGAATCC-1,
CCTTCTCAGCGTTCCT-1,
CCTTCTTGATCCAGTG-1,
CCTTGTGAACGTGGTT-1,
CCTTTAAGGGAGCACT-1,
CCTTTGAATTATGGCT-1,
CGAAACATAGATGGCA-1,
CGAAACGCAATTCATG-1,
CGAACAGTATGGGCGT-1,
CGAACCCGCATGCGTC-1,
CGAACCTCTTTCCTAG-1,1
CGAACGCCCAGTGCCG-1,
CGAACGGCCGGACAAC-1,
CGAAGCCACAGCATGG-1,
CGAAGGGTTTCAGATT-1,
CGAAGTTGCTCTGTGT-1,
CGAATCTGCTCGACGC-1,
CGAATGAAGTCATTGC-1,1
CGAATGACGCATAATG-1,
CGAATGGTAGGTCGTC-1,
CGACAATTTGATCTAA-1,
CGACACGCTCCGACAG-1,
CGACAGTTCGCGTTAT-1,
CGACATGCGATCTTCT-1,
CGACCCTTAACGCCGG-1,
CGACCGTTGGTATTCG-1,
CGACGCATCCGTACCT-1,1
CGAGACCCTAGAGTGT-1,
CGAGAGATGTGAACCT-1,
CGAGATTTCGCTCGGG-1,
CGAGCTGGGCTTTAGG-1,
CGAGGCTAAATATGGC-1,
CGAGGGACTGCGGTCG-1,
CGAGGGTATCCAGGTG-1,
CGAGTACTAAAGAGGA-1,
CGAGTGAAGGTACCAG-1,
CGAGTTTATCGGACTG-1,
CGATAATACTCAGGTT-1,
CGATACCTCGCGGACA-1,
CGATAGCGATACAGTG-1,
CGATCCACCATTGTTG-1,
CGATCCGACCCAGTGC-1,
CGATCCTCGCAACATA-1,
CGATCTGTTGGAGGAC-1,
CGATGGACCCTACGCC-1,
CGATGTTGTTATCTAC-1,
CGATTAAATATCTCCT-1,
CGATTCGCCTGGCTGC-1,1
CGATTTGTCATTAATG-1,
CGCACATGTCCACTAC-1,
CGCACGTCTGTTTATG-1,
CGCAGGCGATCCAAAC-1,
CGCATCATGGCTTCAG-1,
CGCATGGTGCGATGCT-1,
CGCATTAGCTAATAGG-1,
CGCCACAGGTCGCGAT-1,1
CGCCCAGCACGCCTAG-1,
CGCCCGCTTCCGTACA-1,
CGCCCTAATTGTTCAA-1,
CGCCGCCCATGCCTGT-1,
CGCCGCGTTCTGAACG-1,
CGCCGTTCAGCATAGT-1,1
CGCCTGGCCTACGTAA-1,
CGCCTTTAGCATGCTC-1,
CGCGACCGCGACAGAT-1,
CGCGAGTCTGCCGGGT-1,
CGCGCAAATGTCCAGA-1,
CGCGCATGTTTGATTG-1,
CGCGCCCGACTTAATA-1,
CGCGGCTCAACTTGAA-1,
CGCGGTACGGTATACA-1,
CGCGTGGGCCTGTGTT-1,
CGCTACGGGACATTTA-1,
CGCTAGAGACCGCTGC-1,
CGCTATTCTTAGGCTC-1,
CGCTCTCCGTAGATTA-1,
CGCTGGTGACTACCCT-1,1
CGCTGTGTGGATGTTG-1,
CGCTTAGTATTGATAC-1,
CGCTTATTCCCGGTCG-1,
CGCTTGGACGGATAGA-1,
CGGAAAGAATCAAACG-1,
CGGAACGTAAACATAG-1,
CGGAGCAATTTAATCG-1,
CGGAGCATGGCGATCC-1,
CGGAGCTTATAACACC-1,
CGGAGTTTGAGAGACA-1,
CGGATCCTCAAGGACT-1,
CGGATGAATGCTGTGA-1,1
CGGATTCTGCCTTATG-1,
CGGCAAACATCGTGCG-1,
CGGCAATAAGATCGCC-1,
CGGCACCGTTAGCGCC-1,
CGGCCACGCACAAAGT-1,
CGGCCAGAGCGACCAT-1,
CGGCCCAGGTATATCC-1,
CGGCGCCATCAATCCC-1,1
CGGCTCTAAAGCTGCA-1,
CGGCTCTTCGTCGAAC-1,
CGGGAACGCCCTGCAT-1,
CGGGAAGTACCGTGGC-1,
CGGGAATATAGTATAC-1,1
CGGGAATTTATGTAAA-1,
CGGGAGCTTCAGTGTA-1,1
CGGGATCAATGTAAGA-1,
CGGGCAGCTAAACCGC-1,
CGGGCCTTCTTTGTAA-1,
CGGTAGAGGTGCAGGT-1,
CGGTCAGTCCATATTT-1,
CGGTCCGTCGCAAGCC-1,
CGGTCTATCAACCCGT-1,
CGGTGCAGATAGAACG-1,
CGGTGCGCGTTGGTCC-1,
CGGTGGGCTCCAGCCT-1,
CGGTTGACCTGGCATA-1,
CGGTTGAGTATCCTTC-1,
CGGTTTACTGAACATT-1,
CGTAAAGCAAGAAATC-1,
CGTAACTTCGACACTT-1,
CGTACCTGATAGGCCT-1,
CGTAGCGAATTGTCAG-1,
CGTATCTAGAACTAAG-1,
CGTATTAAGAGATCTA-1,
CGTATTGTTTGGCGCC-1,
CGTCGCATGTGAGCCA-1,
CGTCGCTTGGTTATAC-1,
CGTCGGGTCTAAGCGC-1,
CGTCGTCCTTCGCGAA-1,1
CGTCTGGAAGGGCCCG-1,
CGTCTTGAGTGTGACG-1,
CGTGAAGTTAATTCAC-1,
CGTGACATTGGGTCGT-1,
CGTGACCAGTCCTCTG-1,
CGTGCAGACTGGGACA-1,
CGTGCATTGTCGACGC-1,
CGTGCTTCTACCTAAA-1,
CGTGGAAGCCTCGTAC-1,
CGTGGCCGAATATCTA-1,
CGTGGTACCCAAAGGC-1,
CGTGTCCCATTCGCGA-1,
CGTGTCTCGTTACGAC-1,
CGTTAAACTAGTTAGG-1,
CGTTAATGTCCCGACG-1,
CGTTAGCTCACAACTG-1,1
CGTTCAAGGAAACGGA-1,
CGTTCAGACCCGCGAA-1,
CGTTCATGGTGCGCGT-1,
CGTTGAATACCGCGCT-1,
CGTTGAGCGACCGTCG-1,
CGTTGCCCGCGTGGGA-1,
CGTTGTCGGCAATTGA-1,
CGTTGTTTCAATTCCC-1,
CGTTTAAGCGGAGCAC-1,
CGTTTCACTTCGGGCG-1,
CGTTTCGCTCATTACA-1,
CGTTTGGTGTTGTGGG-1,
CGTTTGTGTAGAGGGT-1,
CTAAAGAATGCCTACT-1,
CTAAAGGGAAATAGGA-1,
CTAAATCCGGTGTACA-1,
CTAACCGCGCGCCCGT-1,
CTAACTGGTCCGGTTC-1,1
CTAAGGGAATGATTGG-1,
CTACAAGAAATAACCC-1,
CTACATATCGCGGGAC-1,
CTACGACTAGCTATAA-1,
CTACGATCCTATCCTA-1,1
CTACGCACGGAGTACC-1,
CTACGCCATTTCCGAT-1,
CTACTATCATAGGTTT-1,
CTACTCAAGGTATAGT-1,
CTACTGCCACCTGACC-1,
CTAGACTGCATTTCGT-1,1
CTAGCATAGTATAATG-1,
CTAGCCCGGGAGACGA-1,1
CTAGCTTAATGGTCCC-1,
CTAGGCGCCCTATCAG-1,
CTAGGGATAGGGACAA-1,
CTAGGTTCGGACGTGA-1,1
CTAGTAGAAAGGGATT-1,
CTAGTATTCGGAATTA-1,
CTAGTCACGTCTTAAG-1,
CTAGTGAAGGACAGGA-1,
CTAGTTACAACCCGGT-1,
CTAGTTGGGCCCGGTA-1,
CTATAAGTAGGGTTTG-1,
CTATAGGCGTTGATGT-1,
CTATATCCAGCCTGGC-1,
CTATCGACGAAATACA-1,
CTATCGGGTCTCAACA-1,
CTATGAACACCTTGCC-1,
CTATGCCCGAATGCAA-1,
CTATGGGAAGCGGAAT-1,
CTATGTCACTAGCCCA-1,
CTATGTCTATTGAAAC-1,
CTATGTGAGTCACGGC-1,
CTATTCATGTGTCCCA-1,
CTATTTGCTTGGAGGA-1,
CTATTTGGTTACGGAT-1,
CTCAAACCACTGCCCG-1,
CTCAACTAACCCGGAT-1,1
CTCACATTTACTAAAT-1,
CTCACTGTGATACTTA-1,
CTCACTTGGCTGGTAA-1,
CTCATGGCTCACAATC-1,
CTCATGGTAATTTGCG-1,
CTCATTGCTCTAACAA-1,
CTCATTTGATGGGCGG-1,
CTCCCAATGAGTCGCG-1,
CTCCCTCCTTTCGATC-1,
CTCCGCCCACATGAGG-1,
CTCCGGCCTAATATGC-1,
CTCCTAGTAATCGTGA-1,
CTCCTCCAGCTCACAC-1,
CTCGAGACATACGATA-1,
CTCGAGGCAAGTTTCA-1,
CTCGAGGTCGAACAGT-1,
CTCGCACCTATATAGT-1,
CTCGCATTGCATAGCC-1,
CTCGCCGAATGTAGGG-1,1
CTCGGGTTCTCTGGCC-1,
CTCGGTTGTCGGCCCT-1,
CTCGTCGAGGGCTCAT-1,1
CTCGTTACGGCTACCA-1,
CTCTACACTGGCGATT-1,
CTCTATTTGGCTGCAG-1,
CTCTCACAATCGATGA-1,
CTCTCTAACTGCCTAG-1,
CTCTGCAGGCATTCTT-1,1
CTCTGGACGCCTGGTG-1,
CTCTGTTTGAGGATTC-1,1
CTCTTCTATTGACTGG-1,
CTCTTCTGGAAGTTAG-1,
CTCTTGTCCCGCTTGG-1,
CTGAAAGAGATCCGAC-1,
CTGAATCCGAGACCTC-1,
CTGACATAGAAATAGA-1,
CTGAGAAAGTTCGGCG-1,
CTGAGAGTAGAAATAC-1,
CTGATCCCTTTATGCA-1,
CTGCACAACTACATAT-1,
CTGCACTCCAGTACAG-1,
CTGCAGAGAATCAGAG-1,1
CTGCCAAGGTTGGAAG-1,
CTGCCATGCATCACAT-1,
CTGCCTAGCCACCAAG-1,
CTGCCTTTAATACCTT-1,
CTGCGATTTCGAGATT-1,1
CTGCGGTAGTCACGTG-1,
CTGCGTTACGATATAA-1,
CTGCTGAGGCCACGAA-1,1
CTGCTGTCTAACGAGC-1,
CTGCTTGGCGATAGCT-1,
CTGGAAATGGATGCTT-1,
CTGGAAGACACGGTGG-1,1
CTGGACGCAGTCCGGC-1,
CTGGATTTACACTTGA-1,
CTGGCATCCGAATGAG-1,
CTGGCGACATAAGTCC-1,
CTGGCGCACAGGTCTG-1,
CTGGCTGATTCATCCT-1,
CTGGCTGGTTGTCAGT-1,
CTGGGATAAATAATGG-1,
CTGGGCCTGCTATATC-1,
CTGGGTTGAGTTAAAG-1,1
CTGGTGAATGGGCCTA-1,1
CTGGTTCGCGAGCTAC-1,
CTGGTTTCGAGCAAGA-1,
CTGTACTTCTTAGCAT-1,
CTGTAGCCATCTCACT-1,
CTGTAGTGAGGATCGA-1,
CTGTGCAGGGTAGGTC-1,
CTGTGGTCGGGAGATA-1,
CTGTTACCCAATCTAG-1,
CTGTTCACTGCCTGTG-1,
CTGTTGTTCAGTCGTA-1,1
CTTAACTTCGAAGTAC-1,
CTTACACGGTATTCCA-1,
CTTAGGTATAGACCAG-1,
CTTAGGTCCCAATCGT-1,
CTTAGTGTAGTAGCAT-1,
CTTAGTTGAGGAATCG-1,
CTTCAACTCCACTTGG-1,
CTTCACGCCCTGGTAC-1,1
CTTCAGTGGTCGCCTA-1,
CTTCATTGTCAGTGGA-1,
CTTCCGCTCCGTGAAG-1,1
CTTCGGCCAATTGTTT-1,
CTTCGTAGATAGGTGA-1,
CTTCTATGTTGAAGTA-1,
CTTCTATTAATGCTAG-1,
CTTCTGGGCGTACCTA-1,
CTTCTTACGTCGTATA-1,
CTTGAGTTAGGGTAAT-1,
CTTGCAACCGCCTCCT-1,
CTTGCCCAGGCTCTAC-1,
CTTGGCCAAGCTGGGA-1,
CTTGTCAACATTCGAG-1,
CTTGTGCTCACCGATT-1,
CTTGTTGCTGAGTCAA-1,
CTTTAACTTTCAAAGG-1,
CTTTAATATTGGTCGA-1,
CTTTACCGAATAGTAG-1,
CTTTAGGAACACTGTT-1,
CTTTAGTGCTATTATT-1,
CTTTCTGTGCGGGCTT-1,
CTTTGCTGTCATGGAT-1,1
CTTTGGCTTTAGTAAA-1,
CTTTGGGATTGTTGCA-1,
CTTTGTCGAATGCTCC-1,
GAAACAGATGACCACC-1,
GAAACAGCCATGCAGT-1,
GAAACATAGGAAACAG-1,1
GAAACCGAATTACCTT-1,
GAAACCTATACAAATG-1,
GAAACTCTAATGAAGG-1,1
GAAAGCAGTGCACTTT-1,
GAAATACCTGCTGGCT-1,
GAAATCGCGCGCAACT-1,
GAAATTAGCACGGATA-1,
GAAATTGTCTCTATAA-1,
GAACAGATTACTAAAT-1,1
GAACCCTCTGTGTTCT-1,1
GAACCTTTAACGATCC-1,
GAACGACCGAATGATA-1,
GAACGCGGGTCACACG-1,
GAACTGTGGAGAGACA-1,
GAAGAAACGATATTGT-1,
GAAGCCACTGATTATG-1,
GAAGCCTGCACATTCC-1,
GAAGCGTGAGGAATTT-1,
GAAGCTCGGACCCGTC-1,
GAAGCTTGCTGACCGC-1,
GAAGGAGTCGAGTGCG-1,
GAAGTCAGTTGCACTA-1,
GAAGTCTCCCTAGCGA-1,
GAAGTGATTTATCGTG-1,
GAAGTGCTGGATAGCT-1,
GAAGTTTCCACTCAAT-1,
GAATAGACGCGACCCA-1,
GAATAGCATTTAGGGT-1,1
GAATAGTGCTCGATTA-1,
GAATATTCGGAGTCCC-1,
GAATCTGAACATTCTC-1,
GAATGCGAATCGGTTC-1,
GAATGTATGGCAGGTC-1,
GAATGTGGTCCGGATT-1,
GAATGTTGGGTAATCT-1,
GAATTATAGTGAAAGG-1,
GAATTCACCCGGGTGT-1,
GACAAACATATGCAGG-1,
GACAACGCAGCTTACG-1,
GACACAAGGGAAGAAA-1,
GACACCCAAAGACGCG-1,
GACACTGAGTTCAGTG-1,
GACACTGGAACCCGAT-1,
GACAGCCAGACCTGAC-1,
GACATCCGTCGAACTG-1,
GACATCGATTTATAAC-1,
GACATTTCGCCCAGCC-1,
GACCAAACGTTGACTG-1,
GACCAGAGCCCTGTAG-1,
GACCCAATTATGATAC-1,
GACCGATTAAATATGT-1,
GACCGCGTCTGACGTG-1,
GACCGTCAGGTCGTGA-1,
GACCGTGCTGACGGTG-1,
GACCTTCCACGTCTAC-1,
GACGACGATCCGCGTT-1,
GACGAGGCTAATAAAC-1,
GACGATATCACTGGGT-1,
GACGCATACCCGTCGG-1,
GACGCCGTAAAGGCTA-1,
GACGCTTGCTTCTAAA-1,
GACGGGTTGGCCCGTA-1,
GACGGTCCTAGGGTGT-1,
GACGTTGCTCGGCGGC-1,
GACTAACACAGCACCT-1,
GACTACAAAGCGGTGG-1,
GACTACAATTGCTCGT-1,
GACTAGGCCGTTAGGT-1,1
GACTCCTTCCAATTGA-1,
GACTGCAAATCGAGCT-1,
GACTGCTGGTGAGAAA-1,
GAGAAACTGGATCCCA-1,
GAGACTGATGGGTAGA-1,
GAGACTTCGCGACCGA-1,
GAGAGGCCTATGTGTA-1,
GAGAGGTGCATTCTGG-1,1
GAGAGTCTCGGGAGAG-1,
GAGATCGATCTTACTC-1,
GAGATCTGCTTGGCAT-1,
GAGATCTGTCACTCCG-1,
GAGATGGGAGTCGACA-1,
GAGCACCTGTGTCCAG-1,
GAGCACGGCGCCTCTT-1,
GAGCATCAACAACTTG-1,
GAGCCAGCTACCTGTG-1,
GAGCGAGGGAGTACCG-1,
GAGCGCAAATACTCCG-1,
GAGCGCGCACGAGTAG-1,1
GAGCGCTGTTAGGTAA-1,
GAGCGGAATGCGGTGT-1,
GAGGAATATCTCTTTG-1,
GAGGATAAACAGTGCT-1,
GAGGCCCGACTCCGCA-1,
GAGGCTATCAAAGTCG-1,
GAGGGAGTCAGATCGC-1,
GAGGGTAGTAACAAAG-1,
GAGGTACATCCATCTT-1,
GAGGTACGCGTGTCCC-1,
GAGGTCCGTTCGCTGT-1,
GAGTAAACCGGAAAGT-1,
GAGTAAGGCCACGGGA-1,
GAGTAGATACTAGTTG-1,
GAGTATACCCTAATCA-1,
GAGTATCAAAGTTACA-1,
GAGTATGCCCGCCTTG-1,
GAGTATGCGCGTGCAT-1,
GAGTCAGACCAGAATC-1,1
GAGTCCGCTTACCGGA-1,
GAGTGTCAACCAGAAA-1,1
GAGTGTGCGGTACCCA-1,
GAGTTGATGGCAATTT-1,
GAGTTGTCACCAGTCT-1,
GATAACTCGCACTGTG-1,
GATACGATGGGAGTCA-1,
GATAGAACCCGCTAGG-1,
GATAGGTAACGTTGAC-1,
GATAGTGCGAGTAAGT-1,
GATATCTCATGCAATA-1,
GATATGAGACACTAAC-1,
GATATGCGGTAGCCAA-1,
GATATTTCCTACATGG-1,
GATCAACATAAAGGGA-1,
GATCATTCCAAACATT-1,
GATCCCTTTATACTGC-1,
GATCCGGGAATTAACA-1,
GATCCTCGACACTGGC-1,
GATCCTCTTGCGCTTA-1,
GATCGCGGGCTCTCCA-1,
GATCGCTACCCGATTT-1,
GATCGCTATATCTCAG-1,
GATCGCTGTGGTGCGT-1,
GATCGGTGGCCATAAC-1,
GATCGTGACTGATATC-1,
GATCTAACCGTATTCA-1,
GATCTCGACGCTGTGG-1,
GATCTGCTATCTAAGG-1,
GATCTTGGAGGGCATA-1,
GATGACAAGTAGGGCA-1,
GATGCCTTCTGCGGCA-1,1
GATGCGTCCTGCATTC-1,
GATGCTACCTTCGATG-1,
GATGCTGTATTTCATC-1,
GATGGTGCCCTAGGCA-1,
GATGTAACGAACCACC-1,
GATGTCGGTCAACTGC-1,
GATGTGTTGTCACAAG-1,
GATGTTCAATCCACGA-1,
GATTAACCGAAAGCCC-1,
GATTACTGAATTTGGG-1,
GATTAGAAACAAGCGT-1,
GATTCCCTTGTCGCAG-1,
GATTCCGCGTTTCCGT-1,1
GATTCGACGGTTCACG-1,
GATTGCTCCAGTTGCA-1,
GCAAACCCTACATTAT-1,
GCAAACCTTGGCCATA-1,
GCAAACGTAAGCGACC-1,
GCAAACGTCGCCAGGT-1,1
GCAAAGGGCGTTAGCC-1,1
GCAAATATTACGCTTT-1,
GCAACACACTAGAACT-1,
GCAACAGCAGTATGCG-1,
GCAACCACCAGACCGG-1,1
GCAACCACGGCCGCGT-1,
GCAACGGCTAGTTATG-1,
GCAAGAATTCCTTGGC-1,
GCAAGTGTAAAGCATG-1,
GCACAAACCCTAGATG-1,1
GCACAAACGAGGCGTG-1,1
GCACAACCTCGGGCGT-1,
GCACAAGTGTCGGAAG-1,
GCACACACTGGTAGCC-1,
GCACAGCACGGGCCGA-1,
GCACCTTCCCGAAGGT-1,
GCACGCCTACTTAGAT-1,
GCACTGCCTACCTTTA-1,
GCAGAAGGTAATCTCC-1,
GCAGACCCAGCACGTA-1,
GCAGATCCATAAGACT-1,1
GCAGATTAGGGATATC-1,
GCAGGAACTTAGATCT-1,
GCAGGACTATAGAATA-1,
GCAGGTAGAGTATGGT-1,
GCAGTGTGGCTATAGG-1,
GCATAGAGCACTCAGG-1,
GCATCGGCCGTGTAGG-1,
GCATTGTAATTCATAT-1,
GCCAAGAATACTTCTG-1,
GCCACAATTTAAGGAC-1,
GCCAGGAAAGAACACT-1,
GCCAGGAGTAACCGAT-1,
GCCAGGCGTTCGCATG-1,
GCCATCGAGCTGCGTG-1,
GCCATTAGCCTCAAAC-1,1
GCCCGACTTCTTCCCG-1,
GCCCGAGAGTCTAAAT-1,
GCCCGATCTGTGGTCG-1,
GCCCGATGCCCAGTTC-1,
GCCCGCGCGTAAACGG-1,
GCCCGTTCACACAATT-1,1
GCCCTAGCCGTCGCGA-1,
GCCGAAATTCCTACGT-1,
GCCGACCCACGACTGC-1,
GCCGATTGGCCAAGCT-1,
GCCGCACTCCGTTTCA-1,
GCCGGGTTAGGGTCGC-1,
GCCGGTCGTATCTCTC-1,
GCCGTCGGTTTCGGGC-1,
GCCGTGGAAGAAATGT-1,
GCCTATCAGGTAAGAT-1,
GCCTCAGGTACCGGTC-1,1
GCCTCATCTGGAAATA-1,
GCCTCTATACATAGCA-1,
GCCTTTGTCAGTGGAC-1,
GCGAAACGATCGGGAG-1,
GCGAAGCCATACCCGT-1,
GCGACCCAACCATCTG-1,
GCGACGATAGTTGTAC-1,
GCGAGCGCATGCTCCC-1,
GCGAGGCCCGAGCAGA-1,
GCGAGTTCTGCAAAGA-1,
GCGATTCTGGAAGCAG-1,
GCGATTGTTAACGTTA-1,
GCGCAAATATATTCAA-1,
GCGCAAGAGCGCGCTG-1,
GCGCCGTTCCACGATA-1,
GCGCCTCCCACTCCGA-1,
GCGCGGTCTAGTAACT-1,
GCGCGTCATTGGTACA-1,
GCGCTAATTGAATAGA-1,
GCGCTATGCCGAGGCA-1,
GCGCTCGATCACCTGT-1,
GCGCTGATCCAGACTC-1,
GCGCTTAAATAATTGG-1,
GCGGACCGCGTTGTGG-1,
GCGGAGAAACTTCGCA-1,
GCGGCAAAGTATTGCC-1,
GCGGGCGAGCCTTACC-1,
GCGGTGAACTGCGCTC-1,
GCGGTTCCCTATCATG-1,
GCGTCCCTAAGACATA-1,
GCGTCGAAATGTCGGT-1,
GCGTCGCCAGGGTGAT-1,
GCGTTCGGAGACCGGG-1,
GCTAACTGAAGTCTGA-1,
GCTAAGTAGTTTCTCT-1,
GCTACGACTTATTGGG-1,
GCTACTATAGTAGAGT-1,
GCTAGACCGTCTACTG-1,
GCTAGAGTAGAGATGT-1,
GCTAGCGATAGGTCTT-1,
GCTAGCTTGAATAGCT-1,1
GCTAGGCACCACGGAG-1,
GCTAGTAGAGCTTGTA-1,
GCTATACGTCTCGGAC-1,
GCTATCATACTCATGG-1,1
GCTCAATCCGTTTATT-1,
GCTCAATGTAATACCG-1,
GCTCATTACTGCATGT-1,1
GCTCATTGATCATATC-1,
GCTCCATGCAAAGCAA-1,
GCTCCCAGTCGGTCCA-1,
GCTCCGCTCGCTTCAG-1,
GCTCCTGACATACTGG-1,
GCTCGCTCATGTCCAA-1,
GCTCTAAACCCTGACG-1,
GCTCTCGGGTACCGAA-1,
GCTCTTTCCGCTAGTG-1,
GCTGAACTCTCCAGGG-1,
GCTGAAGGGTTCTTGG-1,
GCTGAATCTTCCAATC-1,
GCTGAGGCGTGAGTAT-1,
GCTGCACGGTTTCTTA-1,
GCTGCGAAGAATTATT-1,
GCTGCTAAGTAGTCGA-1,
GCTGCTACTGCGTAGC-1,
GCTGCTCTCCGGACAC-1,
GCTGGCATATTCACCT-1,
GCTGGCGGCGCATGCT-1,
GCTGGGAGCGCGTCAA-1,
GCTGGTTTAGGCCATA-1,
GCTGTATTACTGGCCC-1,
GCTGTTGCTACCGAAC-1,
GCTTATGAAGCAGGAA-1,
GCTTCCGTCCCTAGAC-1,
GCTTCGACGTTCAATC-1,
GGAAACAGAGCTTGGG-1,
GGAAACTAAATGGGCC-1,
GGAAAGTCTTGATTGT-1,
GGAAAGTGCCCATGCC-1,
GGAACCGTGTAAATTG-1,
GGAACCTTGACTCTGC-1,1
GGAAGCTCGCTTACAG-1,
GGAATGCGCTAGCGTG-1,
GGACACAAGTTTACAC-1,1
GGACCAACAGGATAAC-1,
GGACCTCTAGGCCGCC-1,
GGACTCACAAATTAGG-1,
GGACTCGAAGCTTTCA-1,
GGACTCGACAGCGCAT-1,
GGACTCGTGAGTGGTC-1,
GGAGACCATCTACATA-1,
GGAGACGACACCTTTG-1,
GGAGCGAGGCCTACTT-1,
GGAGGATTGAAAGGAG-1,
GGAGGCCGAAGTCGTC-1,
GGAGGGCTTGGTTGGC-1,
GGATCATCCCGTACGC-1,
GGATCCGGAATATACT-1,
GGATCTACCGTTCGTC-1,
GGATCTTACTGCCCTT-1,
GGATCTTGACTCAACC-1,
GGATGAAGATCGCTGA-1,
GGATGACGCGAGTTTA-1,
GGATGCTGGCGTTCCT-1,
GGATGTCCTTACCGCA-1,
GGATTAAGCTAAGGTC-1,
GGATTCCGCTATACCC-1,
GGATTGCTGTGACTCC-1,
GGCAAAGGCGCCAATA-1,
GGCAAATTACTTTACT-1,
GGCAAGCCCATAGTGG-1,
GGCAAGGCGAAATAGC-1,
GGCAATAGTCAATGAG-1,
GGCACTCCACTGGGCA-1,
GGCAGCAAACCTATGC-1,
GGCAGCGGTAATCCTA-1,
GGCATACAGGTAGCGG-1,
GGCATATCGGTTCTGC-1,1
GGCCGAGACTCTGGTG-1,
GGCCGGCGTCTGCTAT-1,1
GGCCGTTTGGGTTTCA-1,
GGCGAAATCTAACTTG-1,
GGCGAGCGAAACGGCA-1,
GGCGCAGGACATCTTC-1,
GGCGCATGAATTGATG-1,
GGCGCGGAGATCTTTC-1,
GGCGCGTTCGAGTTTA-1,
GGCGCTCCTCATCAAT-1,
GGCGCTTCATTCCCTG-1,
GGCGGAGTAATATTAG-1,
GGCGGGCTCTAAGAGT-1,1
GGCGGTAGGATCATTG-1,
GGCGTAGGGAAAGCTG-1,1
GGCGTCCTATCCGCTG-1,
GGCTAAAGGGCGGGTC-1,
GGCTACTATACACTCC-1,
GGCTATTAAGTTGTAT-1,
GGCTCCTCCACCTGTT-1,
GGCTCTGCTCCAACGC-1,
GGCTGAAATAGCAAAG-1,
GGCTTTCAATAAGGGT-1,1
GGGAACGGGAGGTTAG-1,
GGGAACGGTTTCAGAT-1,
GGGAAGACGGTCTGTC-1,
GGGACAGAGTTACTCC-1,
GGGACCCGTATATCTT-1,
GGGACTGCATAGATAG-1,
GGGAGAACTCACAGTA-1,
GGGAGGATGCCCGAAA-1,
GGGAGTTAATGAGGCG-1,
GGGATATTGATCGCCA-1,
GGGATGGACCCGCGTC-1,
GGGATGGTCGTAACCG-1,
GGGATTTACCGCACCT-1,
GGGCAACCGCACGTGC-1,
GGGCACGTAGTACTGT-1,
GGGCAGAGCAATCGTT-1,
GGGCAGGATTTCTGTG-1,
GGGCATGCATGTCGAG-1,1
GGGCCATTCGTGCTGG-1,
GGGCCCGTCTTAAACA-1,
GGGCCGGCCGAAGTAC-1,
GGGCCTAAATGGGCTA-1,
GGGCGATATGTGTGAA-1,
GGGCGATCCATAGGCC-1,
GGGCGGCAAATGAATT-1,
GGGCGGGTTCCCTACG-1,
GGGCGTCACCACGTAA-1,
GGGCGTCCACTGGCTC-1,1
GGGCGTGGTTTCCCAG-1,
GGGCGTTTACATTCAT-1,
GGGCTATGATCGATGG-1,1
GGGCTGCCTAGGGCGA-1,
GGGTACTTCATGAACT-1,
GGGTATTCTAGCAAAC-1,1
GGGTCACCGTGACGGT-1,
GGGTCAGGAGCTAGAT-1,
GGGTCCTTGGAAGAAG-1,
GGGTGACACCTTAACT-1,
GGGTGGTCCAGCCTGT-1,
GGGTGTTTCAGCTATG-1,
GGGTTAACATTTGAGT-1,
GGGTTTAGGATAGGAT-1,
GGTAAATGTGCGTTAC-1,
GGTAACCGGGAGGATA-1,
GGTACAAACATGCTAT-1,
GGTACTAAGTGCTTTG-1,
GGTAGAAGACCGCCTG-1,
GGTAGACCGTTGGGCG-1,
GGTAGTGCTCGCACCA-1,
GGTATTGCCGAGTTTA-1,
GGTCAAGACTACTTCG-1,
GGTCAGTGGGTCCCAC-1,
GGTCCACGTCTATTTG-1,
GGTCGGTCGTCCACAG-1,
GGTCGTAAGCTCGCAC-1,
GGTCTCCAAGTAGTGC-1,1
GGTCTCTGAATGGACT-1,
GGTCTTGAGCGCTCTT-1,
GGTGAAGTACAGGGAT-1,
GGTGACTGATAGAGAG-1,
GGTGATAAGGAGCAGT-1,
GGTGCATAAATGATTA-1,
GGTGCTGGTACACATT-1,
GGTGGACTGCTCTGGC-1,
GGTGGAGGTTGATACG-1,
GGTGGGATTAGGTCCC-1,
GGTGTAAATCGATTGT-1,
GGTGTAGGTAAGTAAA-1,
GGTGTTGGGCGTCTTA-1,1
GGTTACCACCCTCGGG-1,
GGTTACCGCTCCCTAC-1,1
GGTTAGCTATATGTCT-1,
GGTTAGGCTTGGAGAA-1,
GGTTCCGTACGACTAA-1,1
GGTTCTACTCGTCTGA-1,
GGTTTAATTACCATCG-1,
GGTTTACAATCTCAAT-1,
GGTTTAGCCTTTCTTG-1,
GTAACATCTAAGATAA-1,1
GTAACTACGTAGACCT-1,
GTAACTGCCCAAGGAG-1,
GTAAGCGGGCAGTCAG-1,
GTAAGGATTTGTCGGA-1,
GTAAGTCCACACTCTA-1,
GTAATCTGATTCTTCG-1,
GTACACTTACCTGAAG-1,
GTACAGAGGCAAGGGT-1,
GTACGAGATTGCGACA-1,
GTACGCTTCATTGCAC-1,
GTACGTTTGCCCGTCA-1,
GTACTAAGATTTGGAG-1,
GTACTCCCTTATCGCT-1,
GTACTGGAGTTAGACC-1,
GTAGACACGCCTGACT-1,
GTAGAGGGAGACAAGT-1,
GTAGCCAAACATGGGA-1,
GTAGCGGCTATACACT-1,
GTAGCTCCGGGAGGCT-1,
GTAGGTGATCCGTGTA-1,
GTAGTCGCGGGAATCA-1,
GTAGTCTACGATATTG-1,
GTAGTTCGAAGGCGAA-1,
GTAGTTTAAGCACACG-1,1
GTATAGGACTCAGTAG-1,
GTATCAAACGTTAGCT-1,
GTATCTCAGTCTTGAC-1,
GTATCTCGGGCGCTTT-1,
GTATCTTTCATAACCA-1,
GTATGAAATTTCACTC-1,
GTATGTGGGTCTAGTT-1,
GTATTCTGAGAAACGA-1,
GTATTTAATGGCATAA-1,
GTCAAAGAAGTGGTGT-1,
GTCAAGCGGACTCGGG-1,
GTCACAAAGTTTCCAA-1,
GTCACTCATGAGCGAT-1,
GTCAGAATAGTCTATG-1,
GTCAGTTGTGCTCGTT-1,
GTCATCCCAAACTCAC-1,1
GTCATGCACCTCCGTT-1,
GTCATGGACATGACTA-1,
GTCATTAGAGCGAACG-1,
GTCCAATATTTAGCCT-1,
GTCCACGTCGCATTCG-1,
GTCCAGGCACGTGTGC-1,
GTCCATTACTGCTACG-1,
GTCCCAACGTAAAGTA-1,
GTCCCGCGACGTTATG-1,
GTCCGGACCTGAAATT-1,
GTCCGGCTGAATTGCG-1,
GTCCTACGAATAGTCT-1,
GTCCTACTCTACGGGC-1,
GTCCTAGGATACCTTA-1,
GTCCTTCTAGTGGGTT-1,
GTCGAATTTGGGCGCT-1,
GTCGATAGGTGACTTT-1,
GTCGCCGTTGTGTGTT-1,
GTCGCGTAACCCGTTG-1,
GTCGGATATCTCAGAC-1,
GTCGGATGTAGCGCGC-1,
GTCGGGAAGCAGAAAC-1,1
GTCGTACCATCTCGGG-1,
GTCGTATTGGCGTACA-1,
GTCGTTATTCGCTTAT-1,
GTCTATACACGCATGG-1,
GTCTATCTGAGTTTCT-1,
GTCTATTGGTTCCGGT-1,1
GTCTCAAGGCCCGGCT-1,
GTCTCCGCCTCAATAC-1,
GTCTCCTGCCAGTATG-1,
GTCTGGGCGGTCGAGA-1,
GTCTGTAGGTTGAACA-1,
GTCTTAGTACAGCCGG-1,
GTCTTGTAGCTATTCA-1,
GTGACAGCTTCCCACT-1,
GTGACCGCACACTACG-1,
GTGACGCAGGTTTCAT-1,
GTGACTTCAGTAGTGC-1,
GTGAGATAACCTTATA-1,
GTGAGCGTGCTGCACT-1,
GTGAGGAGCGGTTGAG-1,
GTGAGTGGTACAACGC-1,
GTGATCAAGCGTGCAC-1,
GTGATCACTAACGCCT-1,
GTGATCATAGATCTGC-1,
GTGATCCTTGTCATGA-1,
GTGATGCACAACATCT-1,
GTGATTCGCCGCTCAA-1,
GTGCAACAAATGTGGC-1,
GTGCACCAGCTTCAAC-1,
GTGCACGAAAGTGACT-1,
GTGCAGCGTAGAGTAG-1,1
GTGCCAAACGTTTCGA-1,1
GTGCCATCACACGGTG-1,
GTGCCCGTTCGGATTC-1,
GTGCCGCTTCAAAGGT-1,
GTGCCTCAGTGTACGG-1,
GTGCGAAATCGAACAC-1,
GTGCGGGTCTCCAAAT-1,
GTGCTCAAGTACTGTC-1,
GTGCTTACATCAGCGC-1,1
GTGGAACCTACATGCG-1,
GTGGACCAACCCGATT-1,1
GTGGACGCATTTGTCC-1,
GTGGAGCGTTTACCGA-1,1
GTGGAGTCGGCGGTTG-1,
GTGGCAAACAGCGGCA-1,
GTGGCCGGTTTCTCGG-1,
GTGGCGGTCCCAGCGT-1,
GTGGGAACAAACCGGG-1,
GTGGGAAGACTGAATC-1,
GTGGGCTTAGACACAC-1,
GTGGTATAGTCTGCCG-1,
GTGGTCAGCGAAGTAT-1,
GTGGTTTCCGCCTTTC-1,
GTGTACGAACCGTTCC-1,
GTGTATATCAGCGGGC-1,
GTGTCAGTGTACGTGG-1,
GTGTCGTATAGCGTTC-1,
GTGTGAATAACTTAGG-1,
GTGTTACTATGCGTCC-1,
GTTAAAGTAGGACTGG-1,
GTTAACATCACTTAAA-1,
GTTAACTATGTTGTCA-1,
GTTAAGGGTGCGATGT-1,
GTTACAATTGGTGACG-1,
GTTACCTACAACTTGC-1,
GTTACTTTGGGCCTAG-1,
GTTAGAGTGTGCCGCT-1,
GTTAGCCCATGACATC-1,1
GTTAGGCTACCCGTTT-1,1
GTTATAATACGGTGAA-1,
GTTATATTATCTCCCT-1,
GTTCACAGGAGTCTAG-1,
GTTCAGTCGCCAAATG-1,
GTTCCAGTCTGACCAT-1,
GTTCCCGTAAACATAT-1,
GTTCCGTCCGCCTGCA-1,
GTTCGACAATTGTATA-1,
GTTCGCCATAAGTGCC-1,
GTTCGCTGAGACGTCT-1,
GTTCGGATCGGGAACA-1,
GTTCGTCTAAAGAACT-1,1
GTTGAACCGGTTCCAT-1,
GTTGAGTCCCGCCGGT-1,
GTTGCAGTCGACAACA-1,
GTTGCCCTAACGGGTG-1,
GTTGCGCTAACATTAC-1,
GTTGCGGACGGTCAGG-1,
GTTGGATTCAGTGGCT-1,
GTTGGATTTGCGTTGG-1,
GTTGGTCATGCTATCC-1,
GTTGTAGATTTATGAG-1,1
GTTGTTGCAAGATGGC-1,
GTTTACGTTCCATCTG-1,
GTTTCATATCGTCGCT-1,
GTTTCTGCAGTCTCCC-1,
GTTTCTTGTTAGAGCT-1,
GTTTGACCAAATCCTA-1,
GTTTGGGCTTGTGAGC-1,
GTTTGGTAGGGTCAAC-1,
GTTTGGTGATCGGTGC-1,
TAAACCCAGGAGGGCA-1,
TAAAGACAACCCTTTA-1,
TAAAGCGGTATTTCCA-1,
TAAAGCTGCAATAGGG-1,
TAAAGTGCACGTCTCG-1,
TAAATGGGCTACTGAG-1,
TAAATTTAGTAACACC-1,
TAACAGCGTTTGTGCT-1,
TAACATACAATGTGGG-1,
TAACATACACGCGATC-1,
TAACTCATCCGCGCGG-1,
TAACTGAAATACGCCT-1,
TAAGAGGGACAGGGAC-1,1
TAAGCGCGAATCAAAT-1,
TAAGGCAACATAAGAT-1,
TAAGGCATAACATCAA-1,
TAAGGCCCGTCACCCT-1,
TAAGGCTGAATCCCTC-1,
TAAGGGCCTGTCCGAT-1,
TAAGTAACATCTTGAC-1,
TAAGTCGCCGAGTATC-1,
TAAGTGAATAGTCTAC-1,
TAAGTTGCGACGTAGG-1,
TAATAAACAAGGAGAT-1,
TAATACACAGTAGTAT-1,
TAATAGAACAGAGTTA-1,1
TAATAGGTCACCAGAA-1,1
TAATCAACCAAATGGG-1,1
TAATGTCGGTTCATGG-1,
TAATTAGGACATCCGT-1,
TAATTCCAATGCTTCA-1,
TAATTGCGCTGATTAC-1,
TACAACGCACAACTCA-1,
TACAGAAACGGTGGGC-1,
TACATAGGCATACACC-1,
TACATCCCTATCCCTG-1,
TACATGCCGGAATTGT-1,1
TACATTTCTAACGTGC-1,
TACCAAATAGCCCAGA-1,1
TACCAATAAAGTACCA-1,
TACCAGAAGTAGGTTC-1,
TACCAGCTAGGTTTAA-1,
TACCAGGAATCCCGTC-1,
TACCATGTATTGATTT-1,1
TACCCTCGGTAACCCT-1,
TACCGGCTCACTGCCC-1,
TACCGGTCGTTTCCAT-1,
TACCGTAGGTTAACTA-1,1
TACCGTGCCTCGGACC-1,
TACCTACTCCCAGTAT-1,
TACCTCACGCTTGTAC-1,
TACCTCAGTTGTCTGT-1,
TACCTCCACACCAATG-1,
TACCTCTTTACCATCC-1,
TACCTTAAGATTTCCC-1,
TACGAACACGACTTCA-1,
TACGACGCTTGCTGCG-1,
TACGACTGCCTCTTAG-1,
TACGATGTTGATCATC-1,
TACGCAGTTCTTTCCT-1,
TACGCCATATTCTAAT-1,
TACGCCGAGGGTACCC-1,
TACGCCGCCTCAGAAG-1,
TACGCCTCCATTCCGA-1,
TACGCTCCTAGAACTG-1,
TACGCTGATAGTTGTA-1,
TACGCTGCTGTGTTAA-1,
TACGTACTAGTGCTGA-1,
TACGTTTACCGGCAAT-1,
TACTATGGTTCCTCAG-1,
TACTCCTCTAGTTGAC-1,
TACTCTTTCGTCTTCA-1,
TACTGAACAGATTTAG-1,
TACTGAGGGAAGAAAG-1,
TACTGTTTCTCTGGTA-1,1
TACTTGTTAGTAGTCC-1,
TACTTTCCGCACGCCA-1,
TAGAAAGGTGGCGCTA-1,
TAGAAGAAGGGTTACA-1,
TAGAATTAAGGGCAAC-1,
TAGACGAAACGCCAAT-1,
TAGACTCAGTTGGCCT-1,
TAGAGATCATGCAACT-1,
TAGAGGTTCTACTTGT-1,
TAGAGTCTAAGCGAAC-1,
TAGATATGGACTGGAA-1,
TAGATCCGAAGTCGCA-1,
TAGATTCAAAGTGCGG-1,
TAGCCATGATTGCCTA-1,
TAGCCATTTCAAAGTC-1,
TAGCGTCCCTCGATTG-1,
TAGCGTCCGGTGTGGT-1,
TAGCGTTGGGTCTTAC-1,
TAGCTAAGTCCGGGAG-1,
TAGCTAGAAGGCATGA-1,
TAGCTAGTGATGATGG-1,
TAGCTCGCCTGATAAC-1,
TAGGCGATGAGGTCTC-1,
TAGGCGGCTGCAAAGA-1,
TAGGTGACGATAACCT-1,
TAGGTGCTCGCCTAGC-1,
TAGGTGTTCCACAGAT-1,
TAGGTTCGAGTTCGTC-1,
TAGTACCACAACTTTC-1,
TAGTAGCTTATACCAG-1,
TAGTCCCGGAGACCAC-1,
TAGTCCGCAGAGAATG-1,
TAGTCCTGCACTAAGC-1,
TAGTCGATCACGGGTT-1,1
TAGTCTAACAACGAGA-1,
TAGTCTGCGGCACATT-1,
TAGTCTTTCCGAATTG-1,
TAGTTAAGATAGGATA-1,
TAGTTTATTCTTGCTT-1,
TAGTTTGATCGGTCGC-1,
TATACACAGACGCCTT-1,
TATACCGAGTGCCACA-1,
TATACGCGTCATCACT-1,
TATAGAGTCGCTTGAA-1,
TATAGATGGTCGCAGT-1,
TATAGCGCACGTTATC-1,1
TATAGTTAGGTGTACT-1,
TATATAGGGCTTTACG-1,
TATATATCGAGAAATG-1,
TATATCAAAGTGATCT-1,
TATCACTTCGAGTAAC-1,
TATCAGTGGCGTAGTC-1,
TATCCAATTGGTTATC-1,
TATCCATCTCGGTTAG-1,1
TATCCGCACCGTCGGG-1,
TATCCTATCAACTGGT-1,
TATCCTGCATGGGAAT-1,
TATCGATCTATGCATA-1,
TATCTACCACAGCGGG-1,
TATCTGAGCCGATATT-1,
TATCTTGCAATACAAC-1,1
TATGATAAATCTAACG-1,
TATGATCTTCTCTTTA-1,
TATGCTCCCTACTTAC-1,
TATGGGACCGAGCAGG-1,
TATGGGTACGTATCGT-1,
TATGGTCTGAGTAACA-1,
TATGGTTAGTGGGAGA-1,
TATGTAAAGTGCTTAA-1,
TATGTAGAAACCCGGC-1,
TATGTCAAGACCGACT-1,
TATTAACACCAAAGCA-1,
TATTAACCTGACCGCG-1,
TATTACCATCCTGCTT-1,
TATTATGTTTGCCTGC-1,1
TATTCAATTCTAATCC-1,
TATTCCACTCAGCTCG-1,
TATTCCGAGCTGTTAT-1,
TATTCCTCCGCCCACT-1,1
TATTCGTGCCAGAATA-1,
TATTTAGTCTAGATCG-1,
TATTTATACCGAGTAG-1,1
TATTTGATTTGCACAG-1,1
TCAAACAACCGCGTCG-1,
TCAAACTTAGATTGTT-1,
TCAAAGTCACGGCGTC-1,
TCAAATTTGAGACTCA-1,
TCAACAAAGATAATTC-1,
TCAACATAGCGCCCTA-1,
TCAACATCGACCGAGA-1,
TCAACGAGGAGACAAA-1,
TCAACGCAGGAAATAA-1,
TCAACGCGACCGGCAG-1,1
TCAAGGTTACTACACC-1,1
TCAATACGCCGTCATG-1,
TCACAGCAAACTCGAA-1,
TCACAGGAGAATAAGA-1,
TCACAGGTTATTGGGC-1,
TCACCCTCTTAAGATT-1,
TCACGATGTCCGTGGA-1,
TCACGCATTGTAGATC-1,
TCACGGCCCAAGAGAG-1,
TCACGTGCCCGATTCA-1,
TCACTACGACCAATGC-1,
TCACTCGTGCAACGGC-1,
TCAGACGCTATAGAAG-1,
TCAGAGTGTGAGCATG-1,
TCAGCAAATGCATCTC-1,
TCAGCAGTAGGCCCTG-1,
TCAGGGTGCACGAAAC-1,
TCAGGGTGTAACGTAA-1,
TCAGGTTCTTTGAGAA-1,
TCAGTAGGGACTATAA-1,
TCAGTGTATACGTCAT-1,
TCATAAGTCCAAGAAG-1,
TCATATGAGCTTTGTT-1,
TCATCCATCTGATCAC-1,
TCATCCCAGAGGGTGG-1,
TCATCGATGGTCCCAA-1,
TCATGCAGGTTCTCAT-1,
TCATTTAGAAGTGTGA-1,
TCCAACTTTAAATTCT-1,
TCCAATAAAGGCTACC-1,
TCCAATGCGTCGCCGC-1,
TCCACAATGGTTTACG-1,
TCCACATCGTATATTG-1,
TCCACCTCTAGCCTTT-1,
TCCACTTTATCTAGGT-1,
TCCAGAGCACCGGTTC-1,
TCCAGCGCTATAAGCG-1,
TCCAGGCAGGACGATC-1,
TCCAGGCGAGTACGGT-1,
TCCAGGGTATATACGA-1,
TCCATCAATACTAATC-1,
TCCATTGTGACCTCGT-1,
TCCCAAACATCCTCTA-1,
TCCCAAAGACGAAGGA-1,
TCCCAAAGCCCTAAAT-1,
TCCCAGCTTTAGTCTG-1,
TCCCAGGCTTAGCTAA-1,
TCCCGCGTACTCCTGG-1,
TCCCGGGTGTGCTGCT-1,
TCCCTGGCGTATTAAC-1,1
TCCCTTAGATTACTCG-1,
TCCGAACGTTGCCGCT-1,
TCCGACCGCTAATCAA-1,
TCCGATAATTGCCATA-1,
TCCGATGACTGAGCTC-1,
TCCGATTACATTGCCG-1,
TCCGCCTGTCTACAAG-1,
TCCGCGGCCCAATGAA-1,
TCCGCTGGGTCGATCG-1,
TCCGCTTATCCCATTA-1,
TCCGGCTGTCGGGTCG-1,
TCCGGTTCGTCCGGTC-1,
TCCGTTAAGCTAATAT-1,
TCCTAAATTGGGAAGC-1,
TCCTAACCGTCGGGCA-1,
TCCTACATCCACGGCC-1,
TCCTAGCAAAGAAGCT-1,
TCCTATCATAGGTAAC-1,1
TCCTCCTAAGACATTC-1,
TCCTCGGGCTGGGCTT-1,
TCCTCTGGCCCATTAG-1,
TCCTGCCAACTGGAGA-1,
TCCTGCGTTGATACTC-1,
TCCTTACGACGGTCCG-1,1
TCCTTCAGTGGTCGAA-1,
TCCTTGTCCTTTAATT-1,1
TCCTTTAAATCCGCTT-1,
TCCTTTCTTACGCTTA-1,
TCGAAGAACCGAGCAC-1,
TCGAATATCCCGCAGG-1,
TCGACAACTGAACCCG-1,1
TCGACATAGCGTAGCG-1,
TCGAGACCAACACCGT-1,
TCGAGCCAGGCAGGCC-1,
TCGCAAAGATGCATTT-1,
TCGCACCAGGAGGCAG-1,
TCGCCACCCGGATTAC-1,1
TCGCCGAAGTTGCGTC-1,
TCGCCGGTCGATCCGT-1,
TCGCGCGTTTACATGA-1,
TCGCGTAGCAGTGTCC-1,1
TCGCGTCCAGAAGGTC-1,
TCGCTAAACCGCTATC-1,
TCGCTACTGGCTTTGA-1,
TCGCTCGATATATTCC-1,
TCGCTGGGCGGATTGT-1,
TCGGAATGACCATCAA-1,
TCGGACGCCCAGCCCA-1,
TCGGAGAGTATCGGGA-1,
TCGGAGTACATGAGTA-1,
TCGGAGTCCTGGTTGC-1,
TCGGATCTGGATGACC-1,
TCGGCGAACCCAAACC-1,
TCGGCGTACTGCACAA-1,
TCGGCTTGTATCGACG-1,1
TCGGGAGACAGCGTAC-1,
TCGGGCCGTCGTGGTA-1,
TCGGGTGAAACTGCTA-1,
TCGGTCCCGACAATAG-1,
TCGGTCCCTGACTCCA-1,
TCGTACCGACGTCAAG-1,
TCGTATAGTGCAATTA-1,
TCGTATTACCCATTGC-1,
TCGTCAAGTACGCGCA-1,
TCGTCTTAGGCGTTAA-1,
TCGTGTATTGGTCACG-1,
TCGTGTCACGCTGACA-1,
TCGTTAGGAGTCCCTA-1,
TCGTTCGTTATTATGT-1,
TCGTTGCTATCCGGTC-1,1
TCTAAAGAACAGTCTC-1,
TCTAATACTGCCTCAG-1,
TCTACCGTCCACAAGC-1,
TCTACGCACGATCTCC-1,
TCTAGCAATCTCCGCC-1,1
TCTAGCATGCCCAGAA-1,
TCTAGTGATATCGTGG-1,
TCTAGTTATCAGAAGA-1,
TCTATCGGTCGCAACA-1,
TCTATTACTAGAGGAT-1,
TCTCATGAGATAGGGT-1,
TCTCCAACGTAGGTTA-1,
TCTCCCTGGGCAGCGT-1,
TCTCGAACGAGGTCAC-1,1
TCTCGACGTATCGCCG-1,
TCTCGAGGAGGTTCGC-1,
TCTCTCGCCGCACATA-1,1
TCTCTTACCGCGAACC-1,
TCTGAACTCGTACCCG-1,
TCTGAAGCACGTGGTC-1,
TCTGAGCAATTGACTG-1,
TCTGATGTATTCTGTC-1,1
TCTGCATACCTTGCTT-1,1
TCTGCTTAGAACAAGC-1,1
TCTGGGTAGCGCTCAT-1,
TCTGTGCCATCATAGT-1,
TCTGTTACCCAGCATA-1,
TCTTACCGGAACTCGT-1,
TCTTACTTATGCCTCT-1,
TCTTAGAGCTCCAATT-1,
TCTTAGAGTGAACTCT-1,
TCTTCGAATAGACGTT-1,
TCTTCGATACCAATAA-1,
TCTTCTATAACCCGCC-1,
TCTTGATGCGTAGCGA-1,
TCTTGCTCCCGATACT-1,
TCTTGGTAACACCAAA-1,
TCTTGGTCAATGATAC-1,1
TCTTTAGAGTCTAACA-1,
TCTTTCATCCGTCCTT-1,
TCTTTCCTTCGAGATA-1,
TCTTTCTCTTAAGGAG-1,
TGAAACTTATGCAAGC-1,1
TGAAAGGACCTGACTC-1,
TGAACAAGCAGGGACT-1,
TGAATGAGTGTTTCCC-1,
TGAATGTCAGCCGGCC-1,1
TGACAACGCATGTCGC-1,
TGACAACTTAAAGGTG-1,
TGACAGAAATCTTGCT-1,
TGACAGGACAAGTCCA-1,
TGACATGTAACGTGAC-1,
TGACCAAATCTTAAAC-1,
TGACCCACGTTAGACA-1,
TGACGAATATTTCCCT-1,
TGACGATGCACTAGAA-1,
TGACTATAATCCTTTC-1,
TGACTCCGAATCATAC-1,
TGACTCTAACTGGTAA-1,
TGAGAATGCTTTACCG-1,
TGAGAGATTTACCACG-1,
TGAGATTAGGCCCTAA-1,
TGAGCCATACAGTCTC-1,
TGAGCGGAAAGTGTTC-1,
TGAGCTTTAATGACGC-1,
TGAGGAGTGCCAGCTT-1,
TGAGGCATGTACTGTG-1,
TGAGGTGTGTGGCGGA-1,
TGAGTAAATTAGCGTA-1,
TGAGTGCCTCTTAAAT-1,
TGAGTTAAAGACATTC-1,
TGATACATTTAGCCGT-1,
TGATCACCACACTGAC-1,
TGATCAGGGAACTGCT-1,1
TGATCGGTTTGACCCT-1,
TGATCTACGCTGATCT-1,
TGATGTCAATTAAGTG-1,
TGATTCAGGTCCCGCG-1,1
TGATTCCCGGTTACCT-1,
TGATTCGTCTATCACT-1,
TGATTCTGTCGCCGGT-1,
TGATTTATTAGCTGTG-1,
TGCAAAGTTCGTCTGT-1,
TGCAACCCATCTGCGG-1,
TGCAAGAATGACGTAA-1,
TGCAGAACTATATCGT-1,
TGCAGAGTACCGAGCA-1,
TGCAGATCGTCCTAGG-1,
TGCAGCTACGTACTTC-1,
TGCAGTGGTAGGGAAC-1,1
TGCAGTTTCCTCCCAT-1,
TGCATATGTCTGTCAC-1,
TGCATGGATCGGATCT-1,
TGCATGTGACCCATAG-1,
TGCCAAAGTCAGACTT-1,
TGCCAATGGGTACTCT-1,
TGCCACCTGGCGAAAC-1,
TGCCAGTACGTGGAGA-1,
TGCCATTACTAAAGAA-1,
TGCCCGTACCGTTAAA-1,
TGCCGGATGTACGAGC-1,
TGCCGTGGATCGTCCT-1,
TGCCTAATTGAAGATT-1,
TGCCTGATCAAACGAT-1,
TGCCTTGGCCAGGCAA-1,1
TGCGAATATGGGATTT-1,
TGCGACACCCTAGTGC-1,
TGCGACGGCCGAACGT-1,
TGCGAGAATATTACCC-1,1
TGCGCAAAGCATTTGG-1,
TGCGCCGTTAATAACG-1,
TGCGGAGTAAAGGTGC-1,
TGCGGTGAAATTTCAT-1,
TGCGTAAGAACCTGAT-1,
TGCGTCATGACTGAGC-1,
TGCTAAGTGTCTATTT-1,
TGCTATGGCAAAGGGA-1,
TGCTCAAAGGATGCAC-1,1
TGCTCCACAGTTCTTA-1,
TGCTCGGCGAAACCCA-1,
TGCTCGGTGGGTCACC-1,
TGCTCTTGAGAGTTTG-1,
TGCTGTTGAAGAACTC-1,
TGCTTAGAGAGAATGC-1,
TGCTTCCCAAGCAGTA-1,
TGGAAGAAGGGAACGT-1,
TGGAAGGATAAAGATG-1,
TGGACCAATCTAAGAT-1,
TGGACGCAATCCAGCC-1,
TGGACTGTTCGCTCAA-1,
TGGAGAATAATCGTCC-1,
TGGAGTGATGCGATGA-1,
TGGCAAACTAAATTAC-1,
TGGCAAGCACAAGTCG-1,
TGGCAATGGGACGGCG-1,
TGGCAGATTACGATCA-1,
TGGCAGCAGTAATAGT-1,
TGGCATGAAGTTTGGG-1,1
TGGCCAAACTGAAGTA-1,
TGGCCAATTTGGTACT-1,
TGGCGACTGCTCCAAA-1,1
TGGCGATCAAGTTATG-1,
TGGCTATGTGACATAC-1,
TGGGCAATAGTTGGGT-1,
TGGGCACGTTCTATGG-1,1
TGGGCAGGCCACCGCA-1,1
TGGGCCACAAGAGCGC-1,
TGGGCCCATACTAATT-1,
TGGGCGATACAATAAG-1,
TGGGTAAGGTTCCCGC-1,
TGGGTTTCGGGCGTAC-1,
TGGTAGAATATATGGG-1,1
TGGTATCGCATCCCAA-1,
TGGTCCCACGCTACGG-1,
TGGTCGATATACCTCT-1,
TGGTCGGGTACAGGGC-1,
TGGTCTGTTGGGCGTA-1,
TGGTGCCCTGCCTTAC-1,1
TGGTTAACTTACATTT-1,
TGGTTCAACGGGTAAT-1,
TGGTTCGTAGCAAAGG-1,
TGGTTGGAGGATCCTG-1,
TGTAAGACTGATAAGA-1,
TGTACCCGACCCTAAT-1,
TGTACCTACACGAGGG-1,
TGTACGAACAAATCCG-1,
TGTAGTGATCTATAAT-1,
TGTATGGCGCAGACAG-1,
TGTCCCGACATAGCAC-1,
TGTCCGCAAACAATTC-1,
TGTCCTAAGTCACCGC-1,
TGTCGTTATCACATAT-1,
TGTGACTACGCCAGTC-1,
TGTGAGACTAGCCCAA-1,1
TGTGCCGGTGCCGGAA-1,
TGTGGACTATCTACGT-1,1
TGTGGCGGGCTTCTGG-1,
TGTGGCTCCCACCAAC-1,
TGTGGTAGGGTGCCTT-1,1
TGTGGTTGCTAAAGCT-1,
TGTTATTGTATGTGGC-1,
TGTTCCGCTTCCATGA-1,
TGTTCCGGCCTGAGCT-1,1
TGTTCGTATTGCGGTG-1,
TGTTCTTCCATTGACT-1,
TGTTGCCGTCGTCCCA-1,
TGTTTAATACTTCATC-1,
TGTTTCGGTACTTCTC-1,
TGTTTCTGAAGCGTGC-1,
TGTTTGAGATCGTCAG-1,
TTAAAGGCGATGCTCG-1,
TTAACCAACCCTCCCT-1,
TTAACTTCAGGTAGGA-1,
TTAAGATACCCAGAGA-1,
TTAAGATAGGATTGAC-1,
TTAAGCCGACAACTTC-1,
TTAAGCGCCTGACCCA-1,
TTAAGGCCCGTACTTT-1,
TTAATCAGTACGTCAG-1,
TTAATGTAGACCAGGT-1,
TTAATTGCTTTGGGTG-1,
TTAATTTCAGACGCGG-1,
TTACATGCCACAACTA-1,
TTACCATTGATTACCC-1,
TTACCCATTGCCGGGT-1,
TTACCCTAGGGATTGG-1,
TTACTCCGGCCGGGAA-1,
TTACTCTGGTACGTAC-1,
TTACTGGGATATTTCA-1,
TTAGAAGAACATGACT-1,
TTAGAATAAGGGTCGG-1,
TTAGACACGATCGTTG-1,1
TTAGACGAGTCACCTC-1,
TTAGAGTATTGTCGAG-1,1
TTAGAGTTTAGAAGGA-1,
TTAGCATCCCTCACGT-1,
TTAGCCATAGGGCTCG-1,
TTAGCTAATACGATCT-1,
TTAGCTGATTTGCCGT-1,
TTAGGATGGGAGGGTA-1,
TTAGGTCATAACCGAC-1,
TTAGTTATTCGTGGCA-1,
TTATAGGTAATTGTCT-1,
TTATATACGCTGTCAC-1,
TTATATTTGGCAATCC-1,
TTATCCGGGATCTATA-1,1
TTATCCTCAAGGAATA-1,
TTATCTGACATTAGGA-1,
TTATCTGTATCATAAC-1,
TTATGAATGAAAGGGA-1,
TTATGATCTTAACGAA-1,
TTATTAGAGCGTGTTC-1,
TTATTAGGGAAGCATC-1,
TTATTTAGGTTCCTTA-1,
TTCAAAGTCTCTAGCC-1,
TTCAAGCCGAGCTGAG-1,
TTCAATACTCTGAATC-1,
TTCAATTAGCCATAAT-1,
TTCACGAAAGGATCAC-1,
TTCACGGTCGTCACGT-1,
TTCACTCGAGCACCTA-1,
TTCACTTCCTAGAACG-1,
TTCAGCCCTGGTCCAC-1,
TTCAGCTGGCGTGCCC-1,
TTCAGTTCAAGAGGAG-1,
TTCATGGCGCAACAGG-1,
TTCCAATCTGGCTATC-1,
TTCCACACAGATTTGA-1,
TTCCAGACGAGATTTA-1,
TTCCAGTGGGTTTCGT-1,1
TTCCATCATGCGGTGA-1,
TTCCCGGCGCCAATAG-1,
TTCCGCAGAGAAATAT-1,
TTCCGCGTGAGGCGAT-1,
TTCCGGCCTTGAGGCT-1,1
TTCCGGTATCTGTGTC-1,
TTCCGGTTACCCACTT-1,
TTCCTCGGACTAACCA-1,
TTCGAACGAAACATGC-1,
TTCGACAGAGCCCGTG-1,
TTCGCACTGTACGACA-1,
TTCGCCGCTCGCGCTA-1,
TTCGCGCGCCATACGA-1,
TTCGCTAGGAAGTTGT-1,
TTCGCTATCTGACGTG-1,
TTCGGACTGGGCATGG-1,
TTCGGCAACCCGCTGA-1,
TTCGGGACTAATCGCG-1,
TTCGGGCGCTAGTCTT-1,
TTCGGTACTGTAGAGG-1,
TTCGGTGGAGACGCCC-1,1
TTCGTAATCCCAGCGG-1,
TTCTACCTCAATCGGT-1,1
TTCTACCTTTATGTTG-1,
TTCTAGAAAGTCTTAT-1,
TTCTATTAAACGCAGC-1,
TTCTCAATTGCTACAA-1,
TTCTCTTACAGGTGAT-1,
TTCTGACCGGGCTCAA-1,1
TTCTGCCGCGCCTAGA-1,
TTCTGCGGGTTAGCGG-1,
TTCTTAGTGGCTCAGA-1,
TTCTTATCCGCTGGGT-1,
TTCTTGAGCCGCGCTA-1,
TTCTTGCTAGCATCTC-1,
TTCTTGGACGATCTGC-1,
TTGAACGACGTGCTGA-1,
TTGAAGAATTCCCAGG-1,
TTGAAGGATGGGCGCC-1,
TTGAATATGGACTTTC-1,
TTGAATCGTTGTATAA-1,
TTGAATTCACGTGAGG-1,
TTGACAGGAGCTCCCG-1,
TTGACATGAACGTGGA-1,
TTGACCAGGAACAACT-1,
TTGACCGTGTTAATGA-1,
TTGACGCTCCATGAGC-1,
TTGACTACCATATGGT-1,
TTGACTATTGTCCGGC-1,
TTGAGAAGTTTAGCAT-1,
TTGAGAGTACTGCTAA-1,
TTGAGCAGCCCACGGT-1,
TTGAGGCATTTAACTC-1,
TTGAGTCCCGCTGCTG-1,
TTGATGCCGCTCGTCG-1,
TTGATTAGCTGTTTCT-1,1
TTGCACAATTCAGAAA-1,
TTGCACGGAGCAGCAC-1,
TTGCATGCTGATCACG-1,
TTGCCAAGCAGAACCC-1,
TTGCCATAGCCCGCTC-1,
TTGCCCTGATCACGGG-1,
TTGCCGCAGACCTACA-1,1
TTGCCGCTTTCTAGTA-1,
TTGCCGGTGATCCCTC-1,
TTGCCTAATCCAAAGT-1,1
TTGCGGAAAGCTGCCC-1,1
TTGCGGCATCAGAAAG-1,1
TTGCGTCGGCCAACCG-1,1
TTGCGTGAACGCTTAG-1,
TTGCTCCCATACCGGA-1,
TTGCTGAAGGAACCAC-1,
TTGCTGATCATGTTCG-1,
TTGCTGGCCGGGCTTC-1,
TTGGAAGAATACAGTC-1,
TTGGACATGTGGCTTA-1,
TTGGACCATCTGGCAA-1,
TTGGACCTATAACAGT-1,
TTGGATATCGTCTACG-1,
TTGGATCGACTTCTGG-1,
TTGGATTGGGTACCAC-1,
TTGGCCTAGAATTTCG-1,1
TTGGGAAGACGAGCCG-1,
TTGGGACACTGCCCGC-1,
TTGGGACGTAAGAGTT-1,
TTGGGCGGCGGTTGCC-1,
TTGGTCACACTCGTAA-1,
TTGGTTGCGGTGCGCG-1,
TTGTAAGGACCTAAGT-1,1
TTGTAATCCGTACTCG-1,
TTGTATCACACAGAAT-1,1
TTGTCGTTCAGTTACC-1,
TTGTCTCGGCAAGATG-1,
TTGTGAACCTAATCCG-1,
TTGTGAGGCATGACGC-1,
TTGTGCAGCCACGTCA-1,
TTGTGGCCCTGACAGT-1,
TTGTGGTAGGAGGGAT-1,
TTGTGTATGCCACCAA-1,
TTGTGTTTCCCGAAAG-1,
TTGTTCAGTGTGCTAC-1,
TTGTTGGCAATGACTG-1,
TTGTTGTGTGTCAAGA-1,
TTGTTTCACATCCAGG-1,
TTGTTTCATTAGTCTA-1,
TTGTTTCCATACAACT-1,
TTGTTTGTATTACACG-1,
