Barcode,Mesothelium
AAACACCAATAACTGC-1,
AAACAGCTTTCAGAAG-1,
AAACAGGGTCTATATT-1,
AAACAGTGTTCCTGGG-1,
AAACATGGTGAGAGGA-1,
AAACCGGGTAGGTACC-1,
AAACCGTTCGTCCAGG-1,
AAACCTCATGAAGTTG-1,
AAACGAAGATGGAGTA-1,
AAACGAGACGGTTGAT-1,
AAACTGCTGGCTCCAA-1,
AAACTTAATTGCACGC-1,
AAACTTGCAAACGTAT-1,
AAAGAATGACCTTAGA-1,
AAAGACTGGGCGCTTT-1,
AAAGGCCCTATAATAC-1,
AAAGGCTACGGACCAT-1,
AAAGGCTCTCGCGCCG-1,
AAAGGGATGTAGCAAG-1,1
AAAGGGCAGCTTGAAT-1,
AAAGTAGCATTGCTCA-1,
AAAGTCACTGATGTAA-1,1
AAAGTCGACCCTCAGT-1,
AAATACCTATAAGCAT-1,
AAATAGGGTGCTATTG-1,
AAATCGCGGAAGGAGT-1,
AAATCGTGTACCACAA-1,
AAATCTGCCCGCGTCC-1,
AAATGGCATGTCTTGT-1,1
AAATGGCCCGTGCCCT-1,
AAATGGTCAATGTGCC-1,
AAATGTATCTTATCCC-1,1
AAATTAACGGGTAGCT-1,
AAATTAATAAGCGCGA-1,
AAATTGATAGTCCTTT-1,
AAATTTGCGGGTGTGG-1,
AACAACTGGTAGTTGC-1,
AACAATACATTGTCGA-1,
AACAATTACTCTACGC-1,
AACACGACTGTACTGA-1,1
AACACGAGACGCGGCC-1,
AACAGCTGTGTGGCAA-1,
AACAGGAAATCGAATA-1,1
AACAGGATGGGCCGCG-1,
AACATTGAAGTTGATC-1,
AACATTGTGACTCGAG-1,
AACCAAGACTTCTCTG-1,
AACCATAGGGTTGAAC-1,
AACCCATCCCATGATC-1,
AACCCGACAACCCGTG-1,
AACCGAGCTTGGTCAT-1,
AACCGTTGTGTTTGCT-1,1
AACCTTTAAATACGGT-1,
AACGAAAGTCGTCCCA-1,
AACGATAATGCCGTAG-1,
AACGATAGAAGGGCCG-1,1
AACGATATGTCAACTG-1,
AACGCGACCTTGGGCG-1,
AACGCGGTCTCCAGCC-1,1
AACGGCCATCTCCGGT-1,
AACGTACTGTGGGTAC-1,
AACGTCAGACTAGTGG-1,
AACGTGCGAAAGTCTC-1,
AACGTTATCAGCACCT-1,1
AACTAGGCTTGGGTGT-1,
AACTCAAGTTAATTGC-1,
AACTCTCAGTGTGCTC-1,
AACTGATATTAGGCCT-1,1
AACTGGGTCCCGACGT-1,1
AACTTGCCCGTATGCA-1,
AACTTTACGGGAGCTT-1,
AAGAAAGTTTGATGGG-1,
AAGACCAAATAACTCA-1,
AAGACCCAACTGAACA-1,
AAGACTGCAAGCTACT-1,
AAGAGATGAATCGGTA-1,
AAGAGCTCTTTATCGG-1,
AAGAGGATGTACGCGA-1,
AAGAGGCATGGATCGC-1,
AAGATGGCACCGGACC-1,
AAGCACCCTGCGTATC-1,
AAGCATACTCTCCTGA-1,
AAGCCACTTGCAGGTA-1,
AAGCCGCCGTGAAATC-1,
AAGCGTCCCTCATCGA-1,
AAGCTAGATCGAGTAA-1,
AAGCTATGGATTGACC-1,
AAGCTCGTGCCAAGTC-1,
AAGGAGCGGTTGGTGC-1,
AAGGCGCGTAAAGCTT-1,
AAGGCTGTGCTCATCG-1,
AAGGGAACGACTGGCT-1,
AAGGGACTATGCATTC-1,
AAGGGTTTGATTTCAG-1,
AAGGTATCCTAATATA-1,1
AAGTAGAAGACCGGGT-1,1
AAGTAGTGACGCGAGG-1,
AAGTCTTCTGTGGCCT-1,
AAGTGACGACCGAATT-1,
AAGTGAGTCGGGTTTA-1,
AAGTGCAAAGGTAGAC-1,
AAGTGCGTTAGAATCT-1,
AAGTGCTTCTCTATTG-1,
AAGTTCGGCCAACAGG-1,
AATAACAACGCTCGGC-1,
AATAACACTAGAACAA-1,
AATACAATGTTTCAGG-1,1
AATACCGGAGGGCTGT-1,
AATAGAACAGAGTGGC-1,
AATAGGCACGACCCTT-1,
AATAGTCCGTCCCGAC-1,
AATAGTCGCGAGTCGG-1,
AATATCCTAGCAAACT-1,
AATATTGGAGTATTGA-1,
AATCAGGTTTCATTTA-1,
AATCGCCTCAGCGCCA-1,
AATCGGGACACTACGA-1,1
AATCTAGGTTTACTTG-1,
AATCTCTACTGTGGTT-1,
AATCTGGCTTTCTAGT-1,
AATGACAGCAATGTCT-1,
AATGACTGTCAGCCGG-1,
AATGCAACCGGGTACC-1,
AATGGTCCACCGTTCA-1,
AATGGTTCTCACAAGC-1,1
AATGTATGGCACTGTA-1,
AATGTGCCCGAGGTGT-1,
AATGTGCTAATCTGAG-1,
AATTAAAGGTCGGCGT-1,
AATTAACGGATTTCCA-1,
AATTACGAGACCCATC-1,
AATTAGCGCTGCAGCG-1,
AATTCATTGTCATGCA-1,
AATTCCAAGCATGTAC-1,
AATTCTAGAGTTAGGC-1,
AATTGCGTGGATTACA-1,
AATTTGGTTCCAAAGA-1,1
ACAAACCATGCGTCCT-1,
ACAAACTCCATCAGAG-1,
ACAAAGAAGGTAGGCC-1,
ACAACAGCATGAGCTA-1,
ACAACGGTCCCTGCGA-1,
ACAAGCAGTGCCTAGC-1,
ACAAGCTATATGGAAG-1,
ACAAGGACAAGAGGTT-1,
ACAAGTAATTGTAAGG-1,
ACAATAGTCGTACGTT-1,
ACAATCCATTTAAACC-1,
ACAATGAATACGGAGA-1,
ACAATTTAGGAGGCTC-1,
ACAATTTGAGCAGTGG-1,1
ACACAAAGACGGGTGG-1,
ACACACTTTCTACACG-1,1
ACACATGATCAAATCT-1,
ACACCCAGCATGCAGC-1,
ACACCCGAGAAATCCG-1,1
ACACCGGTCTGACCGC-1,
ACACCTTAAGTAGGGC-1,
ACACGAGACTCCTTCT-1,
ACACGGGAACTTAGGG-1,
ACACTGATCAAGGTGT-1,
ACAGAACTGAGAACAA-1,
ACAGCATAGAGCCAGT-1,1
ACAGGTGGAGGTGAGG-1,
ACAGGTGTGTTGTTGC-1,
ACAGTAATACAACTTG-1,
ACATAAGTCGTGGTGA-1,
ACATAATAAGGCGGTG-1,1
ACATCAGCTGGGACGC-1,
ACATCCCGGCCATACG-1,
ACATCGATCGTTTACC-1,
ACATCGCAATATTCGG-1,
ACATCGGTCAGCCGCG-1,
ACATGCTTACGGCAGC-1,
ACATTAGTTTATATCC-1,
ACATTCGCGCGGAATA-1,
ACCAACGCTTATTTAT-1,
ACCAAGAACGCGTGTC-1,1
ACCACAAGTTTCTATC-1,
ACCAGACCATAACAAC-1,
ACCATATCCGCAATAA-1,
ACCATCCGCCAACTAG-1,
ACCATCGTATATGGTA-1,
ACCCACCTACATGCTC-1,
ACCCATCTTGAGGGTA-1,
ACCCGAGCGAAATTAC-1,
ACCCGATTGGTTCCGA-1,
ACCCGGAAACTCCCAG-1,
ACCCGGTTACACTTCC-1,
ACCCGTAGCAGAGAAT-1,
ACCCGTGTCATCAGTA-1,
ACCCTATGCCATATCG-1,
ACCCTTCATCTGCGAA-1,1
ACCGAAAGGGCCCTGC-1,1
ACCGAAGAGTCTGGTT-1,
ACCGACACATCTCCCA-1,
ACCGACTGAGTCCCAC-1,
ACCGCTAGTCATTGGT-1,
ACCGGTCAGGTACACC-1,
ACCGTCCACTGGGCCC-1,
ACCGTGACCACGTGGG-1,
ACCTAAGTACCTTTCA-1,
ACCTAATCGACTTCCT-1,
ACCTCGAACTTATGCT-1,
ACCTGCGTGTCATGTT-1,
ACGAAATGGGCGGCAC-1,
ACGACTGGTCATACTC-1,
ACGAGGATACCACTCT-1,
ACGAGGTTTACAACGT-1,
ACGATACATAGAACTA-1,1
ACGATACCTATCCTGA-1,
ACGATCATACATAGAG-1,
ACGATGCATATGTTAT-1,
ACGATGGATCCGATGC-1,1
ACGCAAACTAATAGAT-1,
ACGCATTCGTGAGTAC-1,
ACGCCAGATGATTTCT-1,1
ACGCCGCTAGACGACC-1,
ACGCGAAGTCAGACGA-1,
ACGCGCTACACAGGGT-1,
ACGCGGGCCAAGGACA-1,
ACGCGTTTCTTAAGAG-1,
ACGCTGTGAGGCGTAG-1,
ACGGACGCAGCGACAA-1,
ACGGCACTTGCTTGGG-1,
ACGGCCAACATGGACT-1,
ACGGCTGGATGTAGAA-1,
ACGGGAGTGTCGGCCC-1,
ACGGGTTGTGACCTGT-1,
ACGGTCACCGAGAACA-1,
ACGTACAGATTTCTCT-1,1
ACGTACTTTGGCACGG-1,
ACGTAGATTGCTGATG-1,
ACGTCGGGCAACTCGG-1,
ACGTCTCGTTCCGGGA-1,
ACGTGACAAAGTAAGT-1,
ACGTGCGCCTCGTGCA-1,1
ACGTTAATGTCGAAGA-1,
ACGTTAGATTTGCCCG-1,
ACGTTCACTATGCCGC-1,
ACGTTCCGCGCTCCGT-1,1
ACGTTCGTTCAGGAAA-1,
ACGTTGTCGTTGAAAG-1,
ACGTTTAGTTGTGATC-1,1
ACTACATCCCGACAAG-1,
ACTACCAGCTCTCTGG-1,
ACTACCATCCGAGGGC-1,
ACTACGCGTTAGAATT-1,
ACTATGTCCAGCTGCC-1,
ACTATTTCCGGGCCCA-1,
ACTCAATAAAGGCACG-1,
ACTCATGGCAGCCTTC-1,
ACTCCAATATCATCAT-1,
ACTCCCATTCCTAAAG-1,
ACTCCCTAATGCTAAA-1,
ACTCCCTAGAATAGTA-1,
ACTCGTAACCCGTCCT-1,
ACTCGTCAGTAATCCC-1,
ACTCTAAACCTGGGAT-1,
ACTCTTGTATAGTAAC-1,
ACTGCCCGCCATTCTC-1,
ACTGCCGTCGTAACTC-1,1
ACTGCTCGGAAGGATG-1,
ACTGTACGATACACAT-1,
ACTGTAGCACTTTGGA-1,
ACTGTCCAGGATTATA-1,
ACTGTCTTCTTTAGAA-1,
ACTTATTAGGATCGGT-1,
ACTTCCAGTGGAAGCT-1,
ACTTCGCCATACGCAC-1,
ACTTGACTCCCTCTTT-1,
ACTTGCTCTATCTACC-1,
ACTTGTAGTCCCTTCA-1,
ACTTTATACACCACTT-1,
ACTTTCCTATAGCTTC-1,
ACTTTGACTGCATCCT-1,
ACTTTGGTCGTGCTCC-1,
AGAACACGGCGATGGT-1,
AGAACCCTCAATTGGG-1,
AGAACGTGGTACATTC-1,
AGAAGGTACACTTCAC-1,
AGAAGGTTGCCGAATT-1,
AGAAGTGATTCGTGAT-1,
AGAATAAATCTTCAGG-1,
AGACAGCTCAGAATCC-1,1
AGACCAAACCACACCT-1,
AGACCATGGGATACAA-1,1
AGACCCACCGCTGATC-1,
AGACCCGCCCTCCTCG-1,
AGACCGGGAAACCCTG-1,
AGACGACGATGCCGCT-1,
AGACTAGCCTTCCAGA-1,
AGACTGTTACCGGGTC-1,
AGAGAAACACCAGAAA-1,
AGAGAAGGAGTACAAT-1,
AGAGATCTCTAAAGCG-1,
AGAGCAGTTATGAGAC-1,
AGAGCGGGCTAATCAT-1,1
AGAGCGTACAAGCTCG-1,
AGATAACTTCAGGGCC-1,
AGATAATCACACCTAT-1,
AGATACCGGTGTTCAC-1,
AGATCTCAGGTGTGAT-1,
AGATCTGGAGAGGATA-1,
AGATGACTCGCCCACG-1,1
AGATGCAAGACGTGCA-1,
AGATGCATCCTGTGTC-1,
AGATTATAGGACGTTT-1,
AGATTCACAACCGATA-1,
AGCAAAGGCCGCTAGT-1,
AGCAACCGAAAGTAAT-1,
AGCACACGTTTAGACT-1,
AGCACCAGTACTCACG-1,
AGCACTACCGGCCTGT-1,
AGCACTTAAGGACGCC-1,
AGCAGCCAGATGAATA-1,
AGCATCATTTCGAAAG-1,
AGCATCGTCGATAATT-1,
AGCCAAGCTTTGTGTC-1,
AGCCACTCCCGTGCTT-1,1
AGCCCATACATGTAAG-1,
AGCCCGGCATTAGAGG-1,
AGCCCGGTAGCCTGTA-1,
AGCCCTAAGCGAAGTT-1,1
AGCCCTCCCTGGTGGC-1,
AGCCGCAAATTCAAAT-1,
AGCCGTGGCTAAATGT-1,
AGCCTAATACCCACGT-1,
AGCCTTAAAGCGGAAG-1,1
AGCCTTGTCACTGATA-1,
AGCGACAGGAACGGTC-1,
AGCGACATCCCATTCA-1,1
AGCGACCAACGATATT-1,
AGCGAGACGTGAAGGC-1,
AGCGCATAATGAATCG-1,
AGCGGACACTTCGTAG-1,
AGCGGCGGTTAGCGGT-1,
AGCGTGGTATTCTACT-1,
AGCTAACAAGCAATGT-1,
AGCTAAGCTCCGTCCG-1,
AGCTCTAGACGTTCCA-1,
AGCTCTTTACTCAGTT-1,
AGCTGTAACCTCAATC-1,
AGCTTGATCAGGGTAG-1,
AGCTTGATCTTAACTT-1,
AGGAAGCTGTCCGCCG-1,
AGGACGACCCATTAGA-1,
AGGATAAAGTCGGGAT-1,
AGGATCACGCGATCTG-1,
AGGCAGGGAGCGTACT-1,
AGGCCACCCGTTATGA-1,
AGGCCCATTGTACAGG-1,1
AGGCCCTAGAACGCCA-1,
AGGCGGTTTGTCCCGC-1,
AGGCTATGGTTAGCTT-1,
AGGCTTCCCGAAGAAG-1,
AGGCTTGCTAGACACC-1,
AGGGACTCTACGCGAC-1,
AGGGCGAGCAGCTGAT-1,
AGGGCGTGATCGGCTA-1,1
AGGGCTGCAGTTACAG-1,
AGGGTCAGAGCACTCG-1,
AGGGTGCCGTTCTTTA-1,
AGGGTGGATAGTGCAT-1,
AGGGTTCAGACGGTCC-1,
AGGGTTTAGTTCGGGA-1,
AGGTAGATCGAGATAT-1,
AGGTAGGTACAAAGCT-1,
AGGTCAGGTGAGAGTG-1,
AGGTGGTGACCTTCGC-1,
AGGTGTATCGCCATGA-1,
AGGTTCTCCTTTCCGG-1,
AGGTTGAGGCACGCTT-1,
AGGTTTCACACACCTT-1,
AGTAATGTCTTGCCGC-1,1
AGTAATTTGCAAGCGT-1,
AGTACGGCCCGTATCG-1,
AGTACGGGCACCTGGC-1,1
AGTATAATACTAGGCA-1,
AGTATACACAGCGACA-1,
AGTATGCTGGAGACCA-1,
AGTATTTGGCACGACC-1,
AGTCAAATGATGTGAT-1,
AGTCAACACCACCATC-1,
AGTCGAAACGATTCAG-1,
AGTCGGCCCAAACGAC-1,
AGTCGGCTCAACTTTA-1,
AGTCGTGGGCATTACG-1,
AGTCTCACAAGACTAC-1,
AGTCTTCTCCTCAAAT-1,
AGTGACCTACTTTACG-1,
AGTGACTGTGACACAA-1,
AGTGATATGAGTAGTT-1,
AGTGCGTAGCTCGTAA-1,
AGTGGCTCCGTCGGCC-1,
AGTGGTGTTACCCGTG-1,
AGTGGTTGCGTATAGG-1,
AGTGTGGTCTATTGTG-1,1
AGTTAAACACTTGCGA-1,
AGTTAAGTCAACCGCT-1,
AGTTACCCTTAAGACT-1,
AGTTACCGCACATGGT-1,
AGTTCACCGGTTGGAC-1,1
AGTTCCTACAGAATTA-1,
AGTTCCTATTTATGTT-1,
AGTTGCGGTCCTCAAC-1,
AGTTTCGCAGGTCGGA-1,1
AGTTTGCACCTGCCTC-1,
AGTTTGGCCAGACCTA-1,
ATAAACGGACCCGTAA-1,
ATAAAGGCTCGGTCGT-1,
ATAAATATTAGCAGCT-1,
ATAACGCCGGAGGGTC-1,
ATAACGGAGTCCAACG-1,
ATAAGGTGGAGAACAT-1,
ATAAGTTACCGCGACG-1,
ATAATAGCTGTTGAAT-1,
ATAATAGTGTAGGGAC-1,1
ATAATTAGCTAAGTAG-1,
ATACAGCGTCCACTGA-1,
ATACAGGCCCTCCAAT-1,
ATACCACGGGCAACTT-1,
ATACCAGGCTAATAGA-1,1
ATACCCTCCCGGCCAA-1,
ATACCTAACCAAGAAA-1,
ATACGGAACGTCGTTT-1,
ATACGGGTTTCGATTG-1,1
ATACGGTGAAGATGCA-1,
ATACGTACTTAGCCAC-1,
ATACGTTATGCACGGA-1,
ATACTAGCATGACCCT-1,1
ATACTTGTTCTCGAGC-1,
ATAGACGAAGAGAAAG-1,
ATAGAGTACTGGGACA-1,
ATAGGCGGCTATAGAA-1,
ATAGGGATATCCTTGA-1,1
ATAGGTTGGGCAGATG-1,
ATAGTGAAGCGTTCTC-1,
ATATAAAGCGCTCGTG-1,
ATATAAATGTAGCTGC-1,
ATATACATGTATGGTA-1,
ATATAGAGTATTGGTC-1,
ATATCAATTCCAGCCT-1,
ATATCTTAGGGCCTTC-1,
ATATTCAGTTAAACCT-1,
ATATTCCACATAGTGA-1,
ATATTCCCACAGGTCA-1,1
ATATTGCTGTCAAAGT-1,1
ATATTTAACCCTCAAG-1,
ATCAAACGAAGGTTTG-1,
ATCAATCTGGGCTGCA-1,
ATCAATGCCGTGGCTG-1,
ATCACATTAGAATATC-1,1
ATCACGTGCTAATTAA-1,
ATCACTTCATCCTCGC-1,1
ATCAGAAGCTGGTTGC-1,
ATCAGACGGCACGCCG-1,
ATCAGCTCGTCCACTA-1,
ATCATAGATCGACGAG-1,
ATCATCCAATATTTGT-1,
ATCATTGTACCGCATT-1,
ATCCAACGCAGTCATA-1,
ATCCAATGGAGGGTCC-1,
ATCCAATGGTACCGAA-1,
ATCCAGAGCAACAACC-1,
ATCCAGGATTCGTGAA-1,
ATCCCATCCACAGCGC-1,
ATCCTACCTAAGCTCT-1,
ATCCTGAATCGCTGCG-1,
ATCCTGCGTGGAATGG-1,
ATCGACCCAATACAGA-1,
ATCGACTCTTTCCGTT-1,1
ATCGCACGCCGGGAGA-1,
ATCGGAGACAGACGGC-1,
ATCGGTTACCTAGTAA-1,
ATCGTATTCCGAGAAC-1,
ATCGTGGAAAGTCTGG-1,
ATCTAATATCCTACGG-1,
ATCTCCCTGCAATCTA-1,1
ATCTGACATGGAAGGA-1,
ATCTGCTGTTATCGCC-1,
ATCTGGGCTGTTCTTG-1,
ATCTGGTTAAGACTGT-1,1
ATCTGTAATTGTACCC-1,1
ATCTTAGGGCATTAAT-1,
ATCTTGACCTGCAACG-1,
ATGAAGCCAAGGAGCC-1,
ATGAAGTGGACCCAGC-1,
ATGACGCCGGCTCTAA-1,1
ATGACGCGTTCTATCC-1,
ATGACTATCAGCTGTG-1,
ATGAGGAGTGTTAATC-1,
ATGATCGGGAATAGAC-1,1
ATGATGCAATGGTACA-1,
ATGCACGCGCTGTTCA-1,
ATGCACTACCGCATTG-1,
ATGCATGATCCAGGAT-1,
ATGCCGGTCTTGCATA-1,
ATGCGACAGTCCCATT-1,
ATGCTCAGTGTTGCAT-1,1
ATGGAAATTTAAGGAG-1,
ATGGACTGCTTAGTTG-1,
ATGGAGCAGGCCGTGA-1,
ATGGATCCGGCGTCCG-1,1
ATGGATTGACCAAACG-1,
ATGGCAGCATTACGAT-1,
ATGGCAGCCGAGAAAC-1,
ATGGGACCTGCTGAAC-1,
ATGGGTGTATACCTCC-1,
ATGGTATTTACTGATT-1,
ATGTCTTGTTTGACTC-1,
ATGTGAAAGCCTAATG-1,
ATGTGCATCCGACGCA-1,1
ATGTGGACATCTTGAT-1,
ATGTTCGTCGACCCAC-1,
ATGTTGTAGTCTGTTT-1,
ATTAAACATGCGGACC-1,
ATTAATACTACGCGGG-1,1
ATTAATGAACCAGTCG-1,1
ATTAATTCGGTCACTC-1,1
ATTACGCGCTGGCAGG-1,
ATTACGGGCTACGGTT-1,
ATTACTAGCCTCTTGC-1,1
ATTAGATTGATAGCGG-1,1
ATTAGGCGATGCTTTC-1,
ATTATACTTTGCTCGT-1,1
ATTATGAGACCCAATT-1,
ATTATGCCATAGGGAG-1,1
ATTATTATGTCCGTCA-1,
ATTCACTGATGTTGGA-1,
ATTCAGTAGCAGGGTC-1,
ATTCATATACTGTCCA-1,
ATTCCCACATAAACAA-1,
ATTCCCGAAGGTACAG-1,
ATTCCTCCGCCAGTGC-1,
ATTCGACGCCGGGCCT-1,
ATTGAAGATCTTAGTG-1,
ATTGATCACCACATTT-1,
ATTGCCTATTAGACCG-1,
ATTGCTGCTCCTCCAT-1,
ATTGGGAATATCTTGG-1,1
ATTGGTAGGATCCGCT-1,1
ATTTACAGTTTACTGG-1,
ATTTCCGGGTTCTGCG-1,
ATTTGCGCGAGTAGCT-1,
ATTTGGAGATTGCGGT-1,
ATTTGTTCCAGGGCTC-1,1
CAAACCAGGTCTGCAT-1,
CAAACGAGTATCGCAG-1,
CAAACGGTCGCACTTT-1,
CAAAGATTATTGGGCC-1,
CAAATCTCTCACAAGG-1,
CAAATGTCCTTCCGTG-1,
CAAATTGTCAGCAAGC-1,1
CAACGACCCGTTTACA-1,1
CAACGAGCTTATTATG-1,
CAACGCGATGAGCCAA-1,
CAACGGTTCTTGATAC-1,1
CAACTCCTTGATCCCG-1,1
CAACTGCTCATCCGAT-1,
CAAGCAACGTCGGAGT-1,
CAAGCACCAAATGCCT-1,1
CAAGCGGCACATAATT-1,
CAAGGATCGCATGTTC-1,
CAATAAACCTTGGCCC-1,1
CAATACGCTCTGAGGC-1,
CAATATTCTTGACCTA-1,
CAATTAAGGGTGATGA-1,
CAATTGGGCCGCACTC-1,
CAATTTCGTATAAGGG-1,
CACAAGCTAAGAAAGG-1,
CACAATGAGCTGCTAT-1,
CACACAGGGATAGATT-1,
CACAGAGACGAGGACG-1,
CACAGCACCCACGGCA-1,
CACAGCTAGGGAGTGA-1,1
CACAGGGCCGTTGTCA-1,
CACATCGTGCACGCGC-1,
CACATGATTCAGCAAC-1,
CACCAATCATCCGTCT-1,
CACCACGCCACACAGA-1,
CACCAGTCAGCATGCA-1,
CACCATCGGAGGAGAC-1,1
CACCCACACGTCACCC-1,1
CACCCGGTTTGTGACT-1,
CACCCTTGGTGAGACC-1,
CACCGCCAGAAGGTTT-1,
CACCGCCGACCAGCGA-1,1
CACCGGTAGAGACATT-1,
CACCGTTAGGGATCAC-1,
CACCGTTGCGCGATAT-1,
CACCTAATCAGTTTAC-1,1
CACCTCGATGGTGGAC-1,1
CACGAAAGTTAGTCCC-1,
CACGAGCAAACCAGAC-1,
CACGCACAGCGCAGCT-1,
CACGCAGCGAGGCTTT-1,
CACGGGATTGAGGGTT-1,
CACGTCGGCAACCTCT-1,
CACGTTCGTGCTCTAG-1,
CACTAAAGTTGCCTAT-1,
CACTCAAGAGCTATGG-1,
CACTCCTATGTAAGAT-1,
CACTCGGTTAGGAGGA-1,
CACTCTCAAGCATCGA-1,
CACTGACGATTGTGGA-1,
CACTGTCCAAGTGAGA-1,1
CACTTAATCAGACGGA-1,
CACTTCGCCACAGGCT-1,1
CAGACACCGATCGCTG-1,
CAGACGAACCTGATAC-1,
CAGAGACGGTCACCCA-1,
CAGAGCATGAGCTTGC-1,
CAGAGGCGATGCATGA-1,
CAGAGTGATTTAACGT-1,1
CAGATACTAACATAGT-1,
CAGATATGAAGATGAC-1,
CAGATCCTGGTTTGAA-1,
CAGATGTTTGTCCCAA-1,
CAGCAGCCCGTTCCTT-1,
CAGCCTCCTGCAGAGG-1,
CAGCGATTCCCTTCAA-1,
CAGCGCCAACACGATA-1,
CAGCTCACTGAGACAT-1,
CAGCTCTGGGCTCACT-1,
CAGCTGGCGTAACCGT-1,
CAGCTTAGTAGGTAGC-1,
CAGGATATATCGTTGT-1,
CAGGCCAGTACCACCT-1,
CAGGCCGTTTGGGTGT-1,
CAGGCGCACGGTGGTC-1,
CAGGCGCCATGCTAGG-1,
CAGGGAGATAGGCCAG-1,
CAGTAAGGGACGTCTC-1,
CAGTAATCCCTCCCAG-1,1
CAGTACCAGTTTACGT-1,
CAGTCGGCCTAGATAT-1,
CAGTCTGTATACTGGG-1,
CAGTGAATAAATGACT-1,1
CAGTGTTAATCTCTCA-1,
CAGTTCAAATTGACAC-1,
CAGTTCCGCGGGTCGA-1,
CAGTTCGAGGACCCGA-1,
CATAAGAAGCTTGGCT-1,
CATAAGCTCTCCGTCT-1,
CATACACAAAGTCAGC-1,
CATACACGGTTCCCAC-1,
CATACCCGTACCCAGT-1,
CATACGAACTAGCTGG-1,
CATACGGCGTCTGGGC-1,
CATACTATGTAATTGT-1,
CATACTTCTTTCTCCG-1,
CATAGCCGCCCGGGAT-1,
CATAGCGTTGCCCACC-1,
CATAGGGACACTTGTG-1,
CATAGTAGCATAGTAG-1,1
CATAGTCCACAAGAAC-1,
CATATAGGTACAGTCA-1,
CATATGTCAGGCTACG-1,
CATCATCTACCCGGAC-1,1
CATCCAATATAGTTTG-1,
CATCGGACGGGTTAAT-1,
CATCGTCCGGTTACTA-1,1
CATCTGCAGGATCATT-1,
CATGAGTCCATCACGG-1,
CATGATGCACAATTCT-1,1
CATGCACATGAGAGGC-1,
CATGCCAACTCGCAAA-1,
CATGCGTTAGACAGAA-1,1
CATGCGTTGAGAGGAG-1,
CATGCTGGCTCCAATT-1,1
CATGGCAGGAAGATCG-1,1
CATGGCTCCCTATGTC-1,1
CATGGTAAGTAGCGTT-1,
CATGGTATTAGTTTGT-1,
CATGGTCTAGATACCG-1,
CATTACGTCGGCCCGT-1,1
CATTATCCCATTAACG-1,
CATTATGCTTGTTGTG-1,
CATTGCGAAATGGGCG-1,
CATTTAGCGGACCATG-1,1
CATTTGAGTGGTACGT-1,
CCAAACAGAACCCTCG-1,
CCAAATCAAAGGGCAA-1,
CCAACCTTATGTAACT-1,
CCAACGATGCACTGAT-1,
CCAAGAAAGTGGGCGA-1,
CCAAGACTTCTGCGAA-1,1
CCAAGCGTAACTCGTA-1,
CCAATAGATTTCATCT-1,
CCAATAGTGCCGTCGA-1,
CCAATGTCACAGCAAG-1,
CCAATTGAATGTTAAT-1,1
CCACACTGAGATATTA-1,
CCACATGGCTCTTTAT-1,
CCACCAACTTTACTGT-1,
CCACCCAAGGAAAGTG-1,
CCACGGAGCCATAAGA-1,
CCACGGCAGGTGTAGG-1,
CCACTGGTGGCTGGTT-1,
CCAGAAAGCAACTCAT-1,
CCAGAGACAAAGCCGG-1,
CCAGCCTGGACCAATA-1,
CCAGCTCGAACGCATT-1,
CCAGCTGATGGTACTT-1,
CCAGCTTCCGCCCGCA-1,
CCAGGCGAGATGGTCT-1,
CCAGGGACGTGGCCTC-1,
CCAGTCAAATCTCTTA-1,
CCAGTCTTGTCATAGA-1,
CCAGTGTACAGACCGA-1,
CCATAACCTGTGCAGT-1,
CCATACTCGCCTCTCC-1,
CCATAGAGGCTGCCAG-1,
CCATAGGTTGGCGTGG-1,1
CCATCGCAGTTAAACT-1,
CCATGCCTGTTTAGTA-1,
CCATGCTCTGCAGGAA-1,1
CCATGGCAAACGCTCA-1,
CCATGGCCCTTGTACC-1,
CCATGTTCATCTATAT-1,
CCATTAGCGATAATCC-1,
CCATTCCCTGCCCACA-1,
CCATTTCTACCTATTA-1,
CCCAACATACGTCGCG-1,
CCCAATGAGATTTGCA-1,
CCCAATTTCACAACTT-1,
CCCACTCCACGGTATC-1,
CCCAGATTCCCGTGAC-1,
CCCAGTAAACTTGGGA-1,
CCCGAAGTTTCGCGAA-1,
CCCGACCATAGTCCGC-1,1
CCCGCAGCGCGAACTA-1,
CCCGCCATGCTCCCGT-1,1
CCCGCGCAATGCACCC-1,1
CCCGGGTCGTTCAGGG-1,
CCCGGTGGAAGAACCT-1,
CCCGGTGTATCGGAAT-1,
CCCGTAAGTCTAGGCC-1,
CCCGTAGCTGGGAAGA-1,
CCCGTCAGCGTCTGAC-1,
CCCGTGAGGGCGGTGA-1,
CCCTAGGCAACAAGAG-1,
CCCTATGTAGAGCAGA-1,
CCCTCAGATCGAGAAC-1,
CCCTCATCACAGAGTA-1,
CCCTCATTCTGGAATT-1,1
CCCTCGATAATACACA-1,
CCCTGAAATGAGTTGA-1,
CCCTGACTAACAAATT-1,
CCCTGCCCAATCCGCT-1,
CCCTGCGCTACGCATA-1,
CCCTGGCTGTTCCTTC-1,
CCCTTTGACAGGTCTT-1,
CCGAAACACGACCTCT-1,
CCGAACACTGGGCCTC-1,
CCGAACCTTCCCGGCC-1,
CCGAAGCATTGACCAA-1,
CCGAAGTATATTGTTC-1,1
CCGACAAAGGGAGTGC-1,
CCGACGGGCATGAGGT-1,
CCGATTCGAGGGACCC-1,
CCGCACAAAGACCAAC-1,
CCGCACGTGACCTCGG-1,
CCGCATGTGGTACGAT-1,
CCGCCGGAACTTCTCG-1,
CCGCCGGTCAACACAC-1,1
CCGCCTTGCGATGTCG-1,
CCGCGATTTGGTAGGT-1,
CCGCGCAAGATACCCA-1,
CCGCGGAATGCGTCAC-1,
CCGCGGGTACGAAGAA-1,
CCGCGTAGGTAAGGGC-1,
CCGCTATCAGCACCAG-1,
CCGCTCCGGATAAGCT-1,
CCGCTTACCTCACTCT-1,
CCGGAATGGTTTCAGT-1,
CCGGAGCGTACTTTCT-1,
CCGGCCGCGAGCATAT-1,
CCGGCGCATATTGGAT-1,1
CCGGCGTGAGACTCTG-1,
CCGGGACCCGCAGAGA-1,1
CCGGGCGGTCTCGTCA-1,
CCGGGCTAAGAATTTC-1,
CCGGGTTCGAGGTTAC-1,
CCGGTTTGTAATTGTG-1,
CCGTAAGTTGGTCCCA-1,
CCGTATCTCGTCGTAG-1,
CCGTCAACCTCTGGCG-1,
CCGTGTTAAATTCCAT-1,
CCGTTCCGAATCTCGG-1,
CCTAAATTAACGGTTC-1,
CCTACATTCACAGACG-1,
CCTACTGCTTACACTT-1,
CCTAGGTAAAGGTAGC-1,
CCTATACCGTCCTGTC-1,
CCTATATCGTGTCACG-1,
CCTATATTTGTCCTGG-1,
CCTATCTATATCGGAA-1,1
CCTATGGCTCCTAGTG-1,
CCTATGGGTTACCGTC-1,
CCTATTATTCCGGCCG-1,
CCTCAACGATCGCTGT-1,
CCTCCCGACAATCCCT-1,1
CCTCCGACAATTCAAG-1,
CCTCCTAGCTAGAGTC-1,
CCTCCTGAGCCCACAT-1,
CCTCGAAGTGGACGGG-1,1
CCTCGCCAGCAAATTA-1,1
CCTCGCGCTGTGCGAT-1,
CCTCGGATGCTACCTG-1,
CCTCGGTTTCCTTGCC-1,
CCTCTAATCTGCCAAG-1,
CCTCTACAAGGATTGG-1,
CCTCTATCGATTAGCA-1,
CCTCTCTCCCATCTAG-1,
CCTCTGTACTATTCTA-1,
CCTGAATATTTACATA-1,
CCTGACCACCGATGGT-1,
CCTGAGAATAAATGCA-1,
CCTGCCCGTTGTCTAG-1,
CCTGCGTTCTACGCTT-1,
CCTGCTATTTGAGAAG-1,
CCTGGCTAGACCCGCC-1,
CCTGGTCGAATGTGGG-1,
CCTGTAAGACATGATA-1,
CCTGTACTCACGCCCA-1,
CCTGTCACCCGGGCTC-1,
CCTGTCGCCCGTAAAT-1,
CCTGTCGTGTATGAAG-1,
CCTGTGAAACCGTAAC-1,
CCTTCAGTTAAAGTGA-1,
CCTTCCGCAACGCTGC-1,
CCTTCTCAGCGTTCCT-1,
CCTTCTTGATCCAGTG-1,1
CCTTTAAGGGAGCACT-1,
CCTTTGAATTATGGCT-1,
CGAAACGCAATTCATG-1,
CGAACCCGCATGCGTC-1,
CGAACCTCTTTCCTAG-1,
CGAACGCCCAGTGCCG-1,1
CGAACGGCCGGACAAC-1,
CGAAGACGGTGAGTGC-1,
CGAAGCCACAGCATGG-1,
CGAAGGGTTTCAGATT-1,
CGAAGTTGCTCTGTGT-1,
CGAATCTGCTCGACGC-1,
CGAATGAAGTCATTGC-1,
CGAATGACGCATAATG-1,
CGAATGGTAGGTCGTC-1,
CGACAGTTCGCGTTAT-1,
CGACATGCGATCTTCT-1,1
CGACCCTTAACGCCGG-1,
CGACCGTTGGTATTCG-1,
CGACCTACTAGACAAT-1,
CGACGCATCCGTACCT-1,
CGACTTGCCGGGAAAT-1,
CGAGACCCTAGAGTGT-1,
CGAGAGATGTGAACCT-1,
CGAGAGCGCGTAGATA-1,
CGAGCACTTCAAGTTT-1,
CGAGCTGGGCTTTAGG-1,1
CGAGGCTAAATATGGC-1,
CGAGGGACTGCGGTCG-1,
CGAGGGTATCCAGGTG-1,
CGAGTACTAAAGAGGA-1,
CGAGTGAAGGTACCAG-1,
CGAGTTCTGTCCCACC-1,1
CGATACCTCGCGGACA-1,
CGATAGCGATACAGTG-1,
CGATCCGACCCAGTGC-1,
CGATCCTCGCAACATA-1,
CGATCTGTTGGAGGAC-1,
CGATGTTGTTATCTAC-1,
CGATTAAATATCTCCT-1,
CGATTCGCCTGGCTGC-1,
CGATTTGTCATTAATG-1,
CGCAAACACGAGTTAC-1,
CGCAATCGATCATTAG-1,1
CGCAATTACTTTCGGT-1,
CGCAATTAGGGTAATA-1,
CGCAATTCTACAATAA-1,
CGCACGTCTGTTTATG-1,
CGCAGAAACATTTGCG-1,1
CGCATGGTGCGATGCT-1,
CGCATTAGCTAATAGG-1,
CGCCAAGAAGCCGAGT-1,
CGCCACAGGTCGCGAT-1,
CGCCAGTAGTACCTTG-1,
CGCCATCCGATTATGA-1,1
CGCCCAGCACGCCTAG-1,
CGCCCTAATTGTTCAA-1,
CGCCCTTGAAGGCTGA-1,
CGCCGACTATTCGCTA-1,
CGCCGCGTTCTGAACG-1,
CGCCTGGCCTACGTAA-1,
CGCGACACTGCGCAGC-1,
CGCGAGTCTGCCGGGT-1,
CGCGCAAATGTCCAGA-1,
CGCGCATGTTTGATTG-1,
CGCGCCCGACTTAATA-1,
CGCGGGAATTAGGCAG-1,
CGCGTGGGCCTGTGTT-1,
CGCGTTCATGAAATAC-1,
CGCTACGGGACATTTA-1,
CGCTATTCAATGTATG-1,1
CGCTATTCTTAGGCTC-1,
CGCTCGACATAATGAT-1,1
CGCTCTCCGTAGATTA-1,
CGCTGTGACGCCGCAC-1,
CGCTGTGTGGATGTTG-1,
CGCTTAGTATTGATAC-1,
CGCTTATTCCCGGTCG-1,
CGCTTCCACTGAAATC-1,1
CGGAAAGAATCAAACG-1,
CGGAACGTAAACATAG-1,
CGGACGTTACTTGAAG-1,
CGGAGCAATTTAATCG-1,
CGGAGCATGGCGATCC-1,
CGGAGTTTGAGAGACA-1,
CGGATAAGCGGACATG-1,1
CGGATGAATGCTGTGA-1,
CGGATTCTGCCTTATG-1,
CGGCAAACATCGTGCG-1,
CGGCCACGCACAAAGT-1,
CGGCCAGAGCGACCAT-1,
CGGCTTTGTATGATAA-1,1
CGGGAACGCCCTGCAT-1,
CGGGAAGTACCGTGGC-1,
CGGGAATTTATGTAAA-1,
CGGGATCAATGTAAGA-1,1
CGGGCAGCTAAACCGC-1,
CGGGCCTTCTTTGTAA-1,
CGGTACGGCAAACCCA-1,
CGGTCAAGTGGGAACC-1,1
CGGTCCGTCGCAAGCC-1,
CGGTGAAGACTAAAGT-1,
CGGTGCAGATAGAACG-1,
CGGTGCGCGTTGGTCC-1,
CGGTGTACTTGATCCC-1,1
CGGTTGACCTGGCATA-1,
CGGTTGAGTATCCTTC-1,
CGGTTTACTGAACATT-1,
CGTAAAGCAAGAAATC-1,
CGTAACTTCGACACTT-1,
CGTACCTGATAGGCCT-1,1
CGTATTAAGAGATCTA-1,
CGTATTGTTTGGCGCC-1,
CGTCAAGGCTATAAAT-1,
CGTCACGTCCATTGGT-1,
CGTCATACCATATCCA-1,1
CGTCGCTTGGTTATAC-1,
CGTCGGGTCTAAGCGC-1,
CGTCTGGAAGGGCCCG-1,1
CGTGAACTGACCCGAT-1,
CGTGAAGTTAATTCAC-1,
CGTGACCAGTCCTCTG-1,
CGTGCATTGTCGACGC-1,
CGTGCCCTCCCGAAGA-1,
CGTGCTTCTACCTAAA-1,
CGTGGTACCCAAAGGC-1,
CGTGTCCCATTCGCGA-1,
CGTGTCTCGTTACGAC-1,
CGTTATCATACTTCCA-1,
CGTTCAAGGAAACGGA-1,
CGTTCAGACCCGCGAA-1,
CGTTCATGGTGCGCGT-1,
CGTTGAGCGACCGTCG-1,
CGTTGCCCGCGTGGGA-1,
CGTTGTAAACGTCAGG-1,1
CGTTGTTTCAATTCCC-1,
CGTTTAAGCGGAGCAC-1,1
CGTTTCGCTCATTACA-1,
CGTTTGTGTAGAGGGT-1,
CTAAAGAATGCCTACT-1,
CTAAAGGGAAATAGGA-1,
CTAAATCCGGTGTACA-1,
CTAAATCCTATTCCGG-1,1
CTAACAGCACAATAAC-1,
CTAACCGCGCGCCCGT-1,
CTAACTGGTCCGGTTC-1,
CTAATTCGCACGCGCT-1,
CTAATTTCAACAACAC-1,1
CTACAAGAAATAACCC-1,
CTACATATCGCGGGAC-1,
CTACGACTAGCTATAA-1,
CTACGATCCTATCCTA-1,
CTACGCACGGAGTACC-1,
CTACTATCATAGGTTT-1,
CTACTCAAGGTATAGT-1,
CTACTCTAGGCCCGGC-1,
CTACTGCCACCTGACC-1,
CTAGCATAGTATAATG-1,
CTAGCCCGGGAGACGA-1,
CTAGGGATAGGGACAA-1,
CTAGGTTCGGACGTGA-1,
CTAGTCACGTCTTAAG-1,
CTAGTGAAGGACAGGA-1,
CTAGTTACAACCCGGT-1,
CTAGTTGGGCCCGGTA-1,
CTATAAGTAGGGTTTG-1,
CTATACTTAAAGCGAG-1,
CTATAGGCGTTGATGT-1,
CTATATCCAGCCTGGC-1,
CTATCGGGTCTCAACA-1,
CTATGAACACCTTGCC-1,
CTATGCCCGAATGCAA-1,
CTATGTCACTAGCCCA-1,
CTATGTCTATTGAAAC-1,1
CTATGTGAGTCACGGC-1,
CTATTCATGTGTCCCA-1,
CTATTTGGTTACGGAT-1,
CTCAAACCACTGCCCG-1,
CTCACCAGTACAAGTG-1,
CTCACTTGGCTGGTAA-1,
CTCAGATTGTGATAAG-1,
CTCATGGCTCACAATC-1,1
CTCATGGTAATTTGCG-1,
CTCATTCGTGAACATC-1,
CTCATTTGATGGGCGG-1,1
CTCCCTCCTTTCGATC-1,
CTCCCTTGTATCAAGG-1,
CTCCGCCCACATGAGG-1,
CTCCGGCCTAATATGC-1,1
CTCCTAGTAATCGTGA-1,
CTCCTCCAGCTCACAC-1,
CTCGAGACATACGATA-1,
CTCGAGGCAAGTTTCA-1,
CTCGAGGTCGAACAGT-1,
CTCGCACCTATATAGT-1,
CTCGCATTGCATAGCC-1,
CTCGCCGAATGTAGGG-1,
CTCGGGTTCTCTGGCC-1,
CTCGGTCCGTAGCCTG-1,1
CTCGGTTGTCGGCCCT-1,
CTCGTCGAGGGCTCAT-1,
CTCGTTACGGCTACCA-1,
CTCTACACTGGCGATT-1,
CTCTATTTGGCTGCAG-1,
CTCTCACAATCGATGA-1,
CTCTCGCTGTACTATG-1,
CTCTCTAACTGCCTAG-1,
CTCTGCAGGCATTCTT-1,
CTCTGGACGCCTGGTG-1,
CTCTGTTTGAGGATTC-1,1
CTCTTCTGGAAGTTAG-1,
CTCTTGTCCCGCTTGG-1,
CTGAAAGAGATCCGAC-1,1
CTGAATCCGAGACCTC-1,
CTGATAGTGTATCTCA-1,
CTGATCCCTTTATGCA-1,
CTGCACAACTACATAT-1,
CTGCACTCCAGTACAG-1,
CTGCCAAGGTTGGAAG-1,1
CTGCCATGCATCACAT-1,
CTGCCCACGAAGCGTT-1,
CTGCCTTTAATACCTT-1,
CTGCGGGTGAAATGTT-1,
CTGCTGAGGCCACGAA-1,
CTGCTTGGCGATAGCT-1,
CTGGAAATGGATGCTT-1,
CTGGACGCAGTCCGGC-1,
CTGGATTTACACTTGA-1,
CTGGCATCCGAATGAG-1,
CTGGCGGGAATAAGTA-1,1
CTGGCTGGTTGTCAGT-1,
CTGGGCCTGCTATATC-1,
CTGGGTTGAGTTAAAG-1,
CTGGTCATTCCAATCC-1,1
CTGGTGAATGGGCCTA-1,
CTGTACTTCTTAGCAT-1,
CTGTAGCCATCTCACT-1,
CTGTAGTGAGGATCGA-1,
CTGTATGGTGTAGAAA-1,1
CTGTCAAATGGCTCGG-1,1
CTGTCCTGCGCACTAC-1,
CTGTGCAGGGTAGGTC-1,
CTGTTACCCAATCTAG-1,
CTGTTCACTGCCTGTG-1,1
CTGTTCATCTCACGGG-1,
CTGTTGTTCAGTCGTA-1,
CTTAAATAAGACCCAT-1,
CTTAACTTCGAAGTAC-1,1
CTTAAGCAGCGAGCCG-1,
CTTACACGGTATTCCA-1,
CTTACACTGGGAAATA-1,1
CTTAGCCCGGATAGTG-1,
CTTAGCCTTCCACATG-1,1
CTTAGGTATAGACCAG-1,
CTTAGTTGAGGAATCG-1,
CTTATGCGCTCAGGGC-1,
CTTCACGCCCTGGTAC-1,
CTTCAGTGGTCGCCTA-1,
CTTCATAGCTCAAGAA-1,1
CTTCATTGTCAGTGGA-1,
CTTCCGCTCCGTGAAG-1,
CTTCGTAGATAGGTGA-1,
CTTCTATGTTGAAGTA-1,
CTTCTATTAATGCTAG-1,
CTTCTGGGCGTACCTA-1,
CTTCTTACGTCGTATA-1,1
CTTGACCCGAAAGATA-1,1
CTTGCAACCGCCTCCT-1,
CTTGCCCAGGCTCTAC-1,
CTTGGCCAAGCTGGGA-1,
CTTGTACTTGTTGACT-1,1
CTTGTCAACATTCGAG-1,
CTTGTTGCTGAGTCAA-1,
CTTGTTTATGTAGCCA-1,1
CTTTAACTTTCAAAGG-1,1
CTTTAATATTGGTCGA-1,
CTTTAGTGCTATTATT-1,
CTTTCTGTGCGGGCTT-1,
CTTTGACGTCGCTTCT-1,
CTTTGGCGCTTTATAC-1,
CTTTGGCTTTAGTAAA-1,
CTTTGGGATTGTTGCA-1,
CTTTGTCGAATGCTCC-1,
GAAACAGCCATGCAGT-1,1
GAAACATAGGAAACAG-1,
GAAACCGAATTACCTT-1,
GAAACCTATACAAATG-1,
GAAACTCGTGCGATGC-1,
GAAAGCAGTGCACTTT-1,
GAAAGCCCTTTGGACC-1,
GAAAGTGACTAACTGC-1,
GAAATATCACCATCAG-1,
GAAATCGCGCGCAACT-1,1
GAAATGGCGGTGTTAG-1,
GAAATTGTCTCTATAA-1,
GAACACACATCAACCA-1,
GAACAGATTACTAAAT-1,
GAACCCTCTGTGTTCT-1,
GAACCTCGACCTACAC-1,
GAACGACCGAATGATA-1,1
GAACGTTAGGAAGACG-1,
GAAGAAACGATATTGT-1,
GAAGCCGGGTAAGCTC-1,1
GAAGCCTGCACATTCC-1,
GAAGCGTGAGGAATTT-1,
GAAGCTCGGACCCGTC-1,
GAAGCTTGCTGACCGC-1,
GAAGTCAGTTGCACTA-1,
GAAGTGATTTATCGTG-1,
GAAGTGCTGGATAGCT-1,1
GAAGTTTCCACTCAAT-1,
GAATAGTGCTCGATTA-1,
GAATCGACATGGTCAC-1,
GAATCTGAACATTCTC-1,
GAATGCCGAAATGACC-1,1
GAATGGGCTTATCGAC-1,
GAATGTTGGGTAATCT-1,
GAATTATAGTGAAAGG-1,
GAATTCACCCGGGTGT-1,
GAATTTCTCGCTGCAG-1,
GACAACGACCATTGAA-1,1
GACAACGCAGCTTACG-1,1
GACACAAGGGAAGAAA-1,
GACACCCAAAGACGCG-1,
GACACGAGTTAGAGGA-1,1
GACACTGAGTTCAGTG-1,
GACAGATTTCTGGCTC-1,
GACAGGCACACACTAT-1,
GACATACTGTCGCAGA-1,1
GACATCGATTTATAAC-1,
GACATTTCGCCCAGCC-1,
GACCAGAGCCCTGTAG-1,
GACCCAATTATGATAC-1,
GACCCGTCGCCGGCTA-1,1
GACCGACTGAAGCGTC-1,
GACCGATTAAATATGT-1,
GACCGGTGATACTCTC-1,
GACCGTGCTGACGGTG-1,
GACCGTTACATGCGAC-1,
GACGACGATCCGCGTT-1,
GACGATATCACTGGGT-1,
GACGCATACCCGTCGG-1,
GACGCCGTAAAGGCTA-1,
GACGCTTGCTTCTAAA-1,
GACGGGTTGGCCCGTA-1,
GACGTGTAGGGATTAT-1,
GACGTTGCTCGGCGGC-1,
GACTAAGATCATGCAC-1,
GACTAAGTAGGCTCAC-1,
GACTACAAAGCGGTGG-1,
GACTCCTTCCAATTGA-1,
GACTGCGGCACGTGTA-1,
GACTGCTGGTGAGAAA-1,
GAGAATCTCACGATCA-1,
GAGACTGATGGGTAGA-1,
GAGACTTCGCGACCGA-1,
GAGAGCGCAGTCCCTG-1,
GAGAGGGCGCGAGGTT-1,
GAGAGGTGCATTCTGG-1,
GAGAGTCTCGGGAGAG-1,
GAGATCGATCTTACTC-1,
GAGATCTGCTTGGCAT-1,
GAGATCTGTCACTCCG-1,
GAGATGGGAGTCGACA-1,
GAGCATCAACAACTTG-1,
GAGCGAGGGAGTACCG-1,1
GAGCGCTGTTAGGTAA-1,
GAGCGGAATGCGGTGT-1,
GAGGAATATCTCTTTG-1,
GAGGAATGGAGAGGTT-1,
GAGGCCCGACTCCGCA-1,
GAGGCTATCAAAGTCG-1,
GAGGGAGTCAGATCGC-1,
GAGGGTAGTAACAAAG-1,
GAGGTACATCCATCTT-1,1
GAGGTCCGTTCGCTGT-1,
GAGTAAGGCCACGGGA-1,
GAGTAGATACTAGTTG-1,
GAGTATACCCTAATCA-1,
GAGTATGCCCGCCTTG-1,
GAGTCAGACCAGAATC-1,
GAGTCCGCTTACCGGA-1,
GAGTCGACAGACCCTC-1,
GAGTCTTGTAAAGGAC-1,
GAGTTCTGTGGGTGCT-1,
GAGTTGATGGCAATTT-1,
GAGTTGTCACCAGTCT-1,
GATACGATGGGAGTCA-1,
GATAGGTAACGTTGAC-1,
GATAGTGCGAGTAAGT-1,
GATATCAAGCAGGAGC-1,
GATATCTCATGCAATA-1,1
GATATGGATTACGCGG-1,
GATCAACATAAAGGGA-1,
GATCATTCCAAACATT-1,
GATCCAACCTTTAAAC-1,
GATCCCTTTATACTGC-1,
GATCCTCGACACTGGC-1,
GATCGACACTATCTGA-1,
GATCGCGGGCTCTCCA-1,
GATCGCTATATCTCAG-1,
GATCGCTGTGGTGCGT-1,
GATCGGATAGAACCAT-1,
GATCGGCGATAAGTCG-1,1
GATCGGTGGCCATAAC-1,
GATCGTGACTGATATC-1,
GATCTAACCGTATTCA-1,
GATCTGCTATCTAAGG-1,
GATCTTGGAGGGCATA-1,
GATCTTTGCAGGGTAT-1,
GATGACAAGTAGGGCA-1,
GATGCCAGCAGAAGGC-1,1
GATGCCTTCTGCGGCA-1,
GATGCGAATGGTATTA-1,
GATGCGTCCTGCATTC-1,
GATGCTACAAGCGCCT-1,1
GATGGCGCACACATTA-1,1
GATGTAACGAACCACC-1,
GATGTTCAATCCACGA-1,
GATGTTTGTGCGAGAT-1,1
GATTACTGAATTTGGG-1,
GATTAGAAACAAGCGT-1,
GATTCCCTTGTCGCAG-1,
GATTCCTATACGGCGC-1,
GATTCGACGGTTCACG-1,
GATTGCTCCAGTTGCA-1,
GCAAACCTTGGCCATA-1,
GCAAACGTAAGCGACC-1,
GCAAAGGGCGTTAGCC-1,
GCAAATATTACGCTTT-1,
GCAAATGAGGACACTT-1,
GCAACACACTAGAACT-1,
GCAACCACGGCCGCGT-1,
GCAACCCAAGTTGTTT-1,
GCAAGAATTCCTTGGC-1,
GCAAGCTGGAAACCGC-1,
GCAAGTGCACAGAGAA-1,
GCAAGTGTAAAGCATG-1,
GCACAAACCCTAGATG-1,
GCACAACCTCGGGCGT-1,
GCACAAGTGTCGGAAG-1,1
GCACACGCCCATGGTC-1,
GCACAGCACGGGCCGA-1,
GCACGCCTACTTAGAT-1,
GCAGATCCTCGCAAAT-1,1
GCAGATTAGGGATATC-1,
GCAGCACACAGCCCAG-1,
GCAGGAACTTAGATCT-1,
GCAGGACTATAGAATA-1,
GCATACGAGGTCTTTA-1,
GCATAGAGCACTCAGG-1,
GCATCCCTAACTTTGA-1,1
GCATGGGTACTGACGC-1,
GCATTCGAAATGAACA-1,
GCATTGACTTGCGGAA-1,
GCATTGTAATTCATAT-1,
GCCAAGAATACTTCTG-1,
GCCACAATTTAAGGAC-1,
GCCACCTTATTCGCGA-1,
GCCAGGAAAGAACACT-1,
GCCATCGAGCTGCGTG-1,
GCCATTAGCCTCAAAC-1,
GCCCAGCGACACAAAG-1,
GCCCAGTTGGTATGCC-1,
GCCCGACTTCTTCCCG-1,
GCCCGAGAGTCTAAAT-1,
GCCCGATCTGTGGTCG-1,
GCCCGATGCCCAGTTC-1,
GCCCGCGCGTAAACGG-1,
GCCCGCGCGTTTGACA-1,1
GCCCGTAATACCTTCT-1,1
GCCCGTTCACACAATT-1,
GCCCTAGCCGTCGCGA-1,
GCCGAAATTCCTACGT-1,
GCCGACCCACGACTGC-1,
GCCGATTGGCCAAGCT-1,
GCCGCATTAGTCCGGC-1,
GCCGCTTGTGAGAAAC-1,
GCCGGGTTAGGGTCGC-1,
GCCGTCGGTTTCGGGC-1,
GCCTAGCGATCTGACC-1,1
GCCTATTCCGATATAG-1,
GCCTCAGGTACCGGTC-1,
GCCTCTATACATAGCA-1,
GCCTTCAGCCCTACCG-1,1
GCCTTTGTCAGTGGAC-1,
GCGAAGCCATACCCGT-1,
GCGACCCAACCATCTG-1,
GCGACGATAGTTGTAC-1,
GCGAGGCCCGAGCAGA-1,
GCGAGTTCTGCAAAGA-1,
GCGATTGTTAACGTTA-1,
GCGCAAATATATTCAA-1,
GCGCCGTTCCACGATA-1,
GCGCTAATTGAATAGA-1,
GCGCTATGCCGAGGCA-1,
GCGGACCGCGTTGTGG-1,
GCGGAGAAACTTCGCA-1,
GCGGCAAAGTATTGCC-1,
GCGGCTCTGACGTACC-1,
GCGGGAACCAGGCCCT-1,1
GCGGGCGAGCCTTACC-1,
GCGGTTCCCTATCATG-1,
GCGTCCCTAAGACATA-1,
GCGTCGAAATGTCGGT-1,1
GCGTCGCCAGGGTGAT-1,
GCGTCTCTGCATTGGG-1,
GCGTTATATTTGGAAC-1,
GCTAAACCTGAGGTGA-1,
GCTAAGTAAAGGCGAT-1,
GCTAAGTAGTTTCTCT-1,
GCTAATACCGAATGCC-1,1
GCTACAGTACGGACCG-1,
GCTACGACTTATTGGG-1,
GCTACTCGGACGCAGA-1,
GCTAGCGATAGGTCTT-1,
GCTAGCTTGAATAGCT-1,
GCTAGTAGAGCTTGTA-1,
GCTATCATACTCATGG-1,
GCTATCGCGGCGCAAC-1,1
GCTATGCCAGCTTATG-1,
GCTCAATCCGTTTATT-1,
GCTCAATGTAATACCG-1,
GCTCCTGACATACTGG-1,
GCTCGCGGTTCCGCTC-1,
GCTCTAAACCCTGACG-1,1
GCTCTATGTTACGTGC-1,
GCTCTCGGGTACCGAA-1,
GCTCTTTCCGCTAGTG-1,
GCTGAAGGGTTCTTGG-1,
GCTGAATCTTCCAATC-1,
GCTGAGGCGTGAGTAT-1,
GCTGCGAAGAATTATT-1,
GCTGCTAAGTAGTCGA-1,
GCTGCTACTGCGTAGC-1,
GCTGCTCTCCGGACAC-1,
GCTGGCAGGTGCCGTG-1,
GCTGGCATATTCACCT-1,
GCTGGCGGCGCATGCT-1,
GCTGGGAGCGCGTCAA-1,
GCTGGTTTAGGCCATA-1,
GCTGTATTACTGGCCC-1,
GCTTCCGTCCCTAGAC-1,
GCTTCGACGTTCAATC-1,
GCTTGATGATAATCAG-1,
GGAAACAGAGCTTGGG-1,
GGAAAGTCTTGATTGT-1,
GGAACCCGAACAAGAA-1,1
GGAACCGTGTAAATTG-1,
GGAACCTTGACTCTGC-1,
GGAACGGCCTGCAGCC-1,
GGAATGCGCTAGCGTG-1,
GGACAAGCCATGATCG-1,
GGACAAGTTGCAGTGA-1,
GGACCAACAGGATAAC-1,
GGACCTCTAGGCCGCC-1,
GGACTAAGTCAGGAGT-1,
GGACTCGACAGCGCAT-1,
GGACTCGTGAGTGGTC-1,
GGAGAAGTCATTGGCA-1,
GGAGACCATCTACATA-1,
GGAGACGACACCTTTG-1,
GGAGCACCAAGAACTA-1,1
GGAGGGCTTGGTTGGC-1,
GGAGTGCCGCCCTGGA-1,1
GGATCAGAGCCATCAG-1,
GGATCTACCGTTCGTC-1,
GGATCTTACTGCCCTT-1,
GGATCTTGACTCAACC-1,
GGATGACGCGAGTTTA-1,
GGATGCTGGCGTTCCT-1,
GGATTCAGTACGGTGG-1,1
GGATTCCGCTATACCC-1,1
GGATTTCACTTCTATA-1,
GGCAAAGGCGCCAATA-1,
GGCAAATTACTTTACT-1,
GGCAAGGCGAAATAGC-1,
GGCAATAGTCAATGAG-1,
GGCACTCCACTGGGCA-1,
GGCAGAGAGATCGGGA-1,
GGCATACAGGTAGCGG-1,
GGCCCTCACCCACTTA-1,
GGCCGAGACTCTGGTG-1,
GGCCGTTTGGGTTTCA-1,
GGCCTTTGCAACTGGC-1,
GGCGAGCGAAACGGCA-1,
GGCGCAGGACATCTTC-1,
GGCGCATGAATTGATG-1,
GGCGCGTTCGAGTTTA-1,
GGCGGAGTAATATTAG-1,
GGCGGTAGGATCATTG-1,
GGCGTCCTATCCGCTG-1,
GGCTACTATACACTCC-1,
GGCTATTAAGTTGTAT-1,
GGCTCCTCCACCTGTT-1,
GGCTCGTGCCACCAGC-1,1
GGCTCTGCTCCAACGC-1,
GGCTTGGCTCTCACCT-1,1
GGCTTTCAATAAGGGT-1,
GGGAACGGGAGGTTAG-1,
GGGAACGGTTTCAGAT-1,
GGGAATTCTGTCCAGT-1,
GGGACAGAGTTACTCC-1,
GGGACCCGTATATCTT-1,
GGGACTGCATAGATAG-1,
GGGAGAACTCACAGTA-1,
GGGAGGATGCCCGAAA-1,
GGGAGTTAATGAGGCG-1,
GGGATACGGTAATAAT-1,1
GGGATATTGATCGCCA-1,
GGGATGGACCCGCGTC-1,
GGGATGGTCGTAACCG-1,
GGGCAACCGCACGTGC-1,
GGGCACGAATTGGCCG-1,
GGGCACGTAGTACTGT-1,
GGGCACTATTGACCAT-1,
GGGCAGACGTCACTGC-1,
GGGCAGAGCAATCGTT-1,
GGGCAGGATTTCTGTG-1,
GGGCCATTCGTGCTGG-1,
GGGCCCGTCTTAAACA-1,
GGGCCCTACGAAAGGG-1,
GGGCCCTTATCTATAC-1,
GGGCCTAAATGGGCTA-1,
GGGCGATATGTGTGAA-1,
GGGCGATCCATAGGCC-1,
GGGCGGCAAATGAATT-1,
GGGCGGGTTCCCTACG-1,
GGGCGTACATTTATAT-1,
GGGCGTCACCACGTAA-1,
GGGCGTTTACATTCAT-1,
GGGCTACTATTTCGTG-1,
GGGCTATGATCGATGG-1,
GGGCTGCCTAGGGCGA-1,
GGGCTGGTTAGTCGCG-1,
GGGTACTTCATGAACT-1,
GGGTATGTATGCACTT-1,
GGGTATTCTAGCAAAC-1,
GGGTCACCGTGACGGT-1,
GGGTCAGGAGCTAGAT-1,
GGGTCATGCGTACCAT-1,1
GGGTCCTTGGAAGAAG-1,
GGGTGACACCTTAACT-1,
GGGTGTTTCAGCTATG-1,1
GGGTTAACATTTGAGT-1,
GGGTTCAGACGAACAA-1,1
GGTAACCGGGAGGATA-1,
GGTACAAACATGCTAT-1,
GGTACATCTGGGACGA-1,
GGTAGAAGACCGCCTG-1,
GGTAGACCGTTGGGCG-1,
GGTAGTGCTCGCACCA-1,
GGTATGAAAGAACTGA-1,
GGTATTGCCGAGTTTA-1,
GGTCAGTGGGTCCCAC-1,
GGTCCACGTCTATTTG-1,
GGTCGGTCGTCCACAG-1,
GGTCGTAAGCTCGCAC-1,
GGTCTCTGAATGGACT-1,
GGTCTGAGAATCTGGA-1,
GGTGAAGTACAGGGAT-1,
GGTGATAAGGAGCAGT-1,
GGTGATGAAGGAAGTG-1,
GGTGCATAAATGATTA-1,
GGTGCGGATAAGTGGC-1,1
GGTGCTGATCACAAAG-1,
GGTGCTGGTACACATT-1,
GGTGGGATTAGGTCCC-1,
GGTTACCACCCTCGGG-1,
GGTTAGGCTTGGAGAA-1,
GGTTAGGGATGCTAAT-1,
GGTTAGTTACGGCGCC-1,
GGTTCCGTACGACTAA-1,
GGTTCGGATTATACTA-1,
GGTTGTGCTCTTGTCC-1,
GGTTGTGTAGCCTGGC-1,
GGTTTAATTACCATCG-1,
GGTTTACAATCTCAAT-1,
GTAACTACGTAGACCT-1,
GTAACTGCCCAAGGAG-1,
GTAAGCGGGCAGTCAG-1,1
GTAAGGATTTGTCGGA-1,1
GTAAGTAGGGTATACC-1,
GTAATCTGATTCTTCG-1,
GTACACTTACCTGAAG-1,
GTACAGAGGCAAGGGT-1,
GTACGAGATTGCGACA-1,1
GTACGCTTCATTGCAC-1,
GTACGTTTGCCCGTCA-1,
GTACTAAGATTTGGAG-1,
GTACTCCCTTATCGCT-1,
GTACTGGAGTTAGACC-1,
GTAGAAACGGGTGGAG-1,
GTAGAGGGAGACAAGT-1,
GTAGCCAAACATGGGA-1,
GTAGCGGCTATACACT-1,
GTAGCTCCGGGAGGCT-1,
GTAGTTCGAAGGCGAA-1,
GTAGTTTAAGCACACG-1,
GTATAGGACTCAGTAG-1,1
GTATCAGCTTGGGTTC-1,1
GTATCTCAGTCTTGAC-1,
GTATCTCGGGCGCTTT-1,
GTATCTTTCATAACCA-1,
GTATGAAATTTCACTC-1,
GTATTAAGGCGTCTAA-1,1
GTATTCTGAGAAACGA-1,
GTCAAAGAAGTGGTGT-1,
GTCAAGCGGACTCGGG-1,
GTCACAAAGTTTCCAA-1,1
GTCACTCATGAGCGAT-1,
GTCACTCTCCAAATCT-1,
GTCAGAATAGTCTATG-1,
GTCAGTTGTGCTCGTT-1,1
GTCAGTTTGGTAGTCG-1,
GTCATCCCAAACTCAC-1,
GTCATGCACCTCCGTT-1,
GTCATGGACATGACTA-1,
GTCATTAGAGCGAACG-1,
GTCATTGCATTGACCC-1,
GTCCAATATTTAGCCT-1,
GTCCAGGCACGTGTGC-1,
GTCCCAACGTAAAGTA-1,
GTCCCAATCATCCCGC-1,
GTCCGAGAGCAATCAT-1,
GTCCGGCTGAATTGCG-1,
GTCCTACTCTACGGGC-1,
GTCCTAGGATACCTTA-1,
GTCCTATTGTTGTGGT-1,
GTCCTTCTACAACCCA-1,1
GTCGAATTTGGGCGCT-1,
GTCGCCGTTGTGTGTT-1,
GTCGCGTAACCCGTTG-1,
GTCGGATATCTCAGAC-1,
GTCGGGAACATGGTAG-1,
GTCGGGAAGCAGAAAC-1,
GTCGTACCATCTCGGG-1,
GTCGTACCTACGATTG-1,
GTCTACTCAATTACAA-1,
GTCTATCTGAGTTTCT-1,
GTCTCAAGGCCCGGCT-1,
GTCTCCTGCCAGTATG-1,
GTCTCGATCTGCTTTC-1,1
GTCTGGGCGGTCGAGA-1,
GTCTGTAGGTTGAACA-1,
GTCTTCCTCACCTAAG-1,
GTGAAGTCACGACTCG-1,
GTGACTTCAGTAGTGC-1,
GTGAGATAACCTTATA-1,
GTGAGCGTGCTGCACT-1,
GTGAGTCTAAGACGGA-1,
GTGAGTGGTACAACGC-1,
GTGATCAAGCGTGCAC-1,
GTGATCATAGATCTGC-1,
GTGATTCGCCGCTCAA-1,
GTGCAACAAATGTGGC-1,1
GTGCACCAGCTTCAAC-1,
GTGCACGAAAGTGACT-1,1
GTGCCAAACGTTTCGA-1,
GTGCCATCACACGGTG-1,
GTGCCGCTTCAAAGGT-1,
GTGCGAAATCGAACAC-1,
GTGCGGGTCTCCAAAT-1,1
GTGCTCAAGTACTGTC-1,
GTGCTGCAGATAAGGA-1,
GTGGACCAACCCGATT-1,
GTGGACGCATTTGTCC-1,
GTGGAGCGTTTACCGA-1,
GTGGAGTCGGCGGTTG-1,
GTGGCAAACAGCGGCA-1,
GTGGCCGGTTTCTCGG-1,
GTGGCCTAATATCATT-1,
GTGGCGGTCCCAGCGT-1,
GTGGGAAGACTGAATC-1,
GTGGGCTTAGACACAC-1,
GTGGGTACTGAGCGTA-1,
GTGGTATAGTCTGCCG-1,
GTGGTTTCCGCCTTTC-1,
GTGTACCTTGGCTACG-1,1
GTGTCAGTGTACGTGG-1,
GTGTCGTATAGCGTTC-1,
GTTAACATCACTTAAA-1,
GTTAATGTCTATCTTA-1,
GTTACAATTGGTGACG-1,
GTTACCTACAACTTGC-1,
GTTACTTTGGGCCTAG-1,
GTTAGGCTACCCGTTT-1,
GTTATATTATCTCCCT-1,
GTTATTAACGTGGGAG-1,1
GTTCACAGGAGTCTAG-1,
GTTCCAGTCTGACCAT-1,1
GTTCCGTCCGCCTGCA-1,
GTTCGACAATTGTATA-1,
GTTCGCCATAAGTGCC-1,
GTTGAACCGGTTCCAT-1,
GTTGAGTCCCGCCGGT-1,
GTTGCACGGAGTTTCG-1,
GTTGCCCTAACGGGTG-1,
GTTGGATTTGCGTTGG-1,
GTTGGTCATGCTATCC-1,
GTTTACGTTCCATCTG-1,
GTTTATGGGATTTAGA-1,1
GTTTCATATCGTCGCT-1,
GTTTCCTGGAGGGTGA-1,
GTTTCTGCAGTCTCCC-1,
GTTTCTTGTTAGAGCT-1,
GTTTGACCAAATCCTA-1,
GTTTGGGCTTGTGAGC-1,
GTTTGGTAGGGTCAAC-1,
GTTTGGTGATCGGTGC-1,
GTTTGTTAGCCAAGTA-1,
TAAACCCAGGAGGGCA-1,
TAAAGCGGTATTTCCA-1,
TAAAGCGTTAGGAGAA-1,
TAAATGAATCCGTTTC-1,
TAAATTTAGTAACACC-1,
TAACAAAGGGAGAAGC-1,1
TAACAATATTTGTTGC-1,
TAACAGCGTTTGTGCT-1,
TAACATACAATGTGGG-1,
TAACATACACGCGATC-1,
TAACGCTTTGAGAGCG-1,
TAACTATCGAAGGTCC-1,
TAACTCATCCGCGCGG-1,
TAACTCCATGGAGGCT-1,1
TAACTGAAATACGCCT-1,
TAAGAGGGACAGGGAC-1,
TAAGCAGGCGACACGC-1,
TAAGCGCGAATCAAAT-1,
TAAGGCAACATAAGAT-1,
TAAGGCATAACATCAA-1,
TAAGGGCTGGGAGAGG-1,
TAAGTAACATCTTGAC-1,
TAAGTCGCCGAGTATC-1,
TAAGTGAATAGTCTAC-1,
TAATACACAGTAGTAT-1,1
TAATAGAACAGAGTTA-1,
TAATAGGTCACCAGAA-1,
TAATAGTGACGACCAG-1,1
TAATATTGAAATTCGC-1,1
TAATGAAAGACCCTTG-1,
TAATGTCGGTTCATGG-1,
TAATTGCGCTGATTAC-1,
TAATTTCCGTCCAGTA-1,
TACAACGCACAACTCA-1,
TACAAGTCTCGTGCAT-1,
TACATAGGCATACACC-1,
TACATCCCTATCCCTG-1,
TACATGACCTTATCCG-1,1
TACATTTCTAACGTGC-1,
TACCAAATAGCCCAGA-1,
TACCAGAAGTAGGTTC-1,
TACCAGCTAGGTTTAA-1,1
TACCAGGAATCCCGTC-1,
TACCGGCTCACTGCCC-1,
TACCGGTCGTTTCCAT-1,
TACCGTAGGTTAACTA-1,
TACCGTGCCTCGGACC-1,
TACCTACTCCCAGTAT-1,
TACCTATCCCTAGAGG-1,
TACCTCACGCTTGTAC-1,1
TACCTCAGTTGTCTGT-1,
TACCTCCACACCAATG-1,
TACCTGCTGCACTGTG-1,
TACCTTAAGATTTCCC-1,
TACGAACACGACTTCA-1,
TACGACGCTTGCTGCG-1,
TACGACTGCCTCTTAG-1,
TACGAGAACTTCACGT-1,
TACGATGTTGATCATC-1,
TACGCAGTTCTTTCCT-1,
TACGCCATATTCTAAT-1,
TACGCCGAGGGTACCC-1,
TACGCCTCCATTCCGA-1,
TACGCTGATAGTTGTA-1,
TACGCTGCTGTGTTAA-1,
TACGGGATGCTAGCAG-1,1
TACGTACTAGTGCTGA-1,
TACGTGCACTATGCTG-1,1
TACGTTTACCGGCAAT-1,
TACTATGGTTCCTCAG-1,
TACTCCTCTAGTTGAC-1,
TACTCGGCACGCCGGG-1,
TACTCTCCGAACAAAT-1,1
TACTCTTTCGTCTTCA-1,
TACTGAACAGATTTAG-1,
TACTGAGGGAAGAAAG-1,
TACTGGACAGCTCGGC-1,
TACTTTCCGCACGCCA-1,
TAGAAAGGTGGCGCTA-1,
TAGAAATTCACGTATA-1,
TAGACTCAGTTGGCCT-1,
TAGAGATCATGCAACT-1,
TAGAGCTACGAAGAAC-1,1
TAGAGTCTAAGCGAAC-1,
TAGATATGGACTGGAA-1,
TAGATTCAAAGTGCGG-1,
TAGATTCCTGGTTATT-1,
TAGCAACCTGTCACAA-1,1
TAGCCATGATTGCCTA-1,
TAGCGTCCGGTGTGGT-1,
TAGCGTCGAATATTGA-1,
TAGCGTTGGGTCTTAC-1,
TAGCTAAGTCCGGGAG-1,
TAGCTAGAAGGCATGA-1,
TAGCTAGTGATGATGG-1,
TAGCTCGCCTGATAAC-1,
TAGCTGATGTGAAGCG-1,
TAGGCGATGAGGTCTC-1,
TAGGCGGCTGCAAAGA-1,
TAGGGTGTTTCAAGAG-1,1
TAGGTCCAAGTAAGGA-1,
TAGGTGAGCCCTACTC-1,
TAGGTGTTCCACAGAT-1,
TAGGTTCGAGTTCGTC-1,
TAGTACCACAACTTTC-1,
TAGTACCTTAGTGGTC-1,1
TAGTAGCTTATACCAG-1,
TAGTCCCGGAGACCAC-1,
TAGTCCGCAGAGAATG-1,
TAGTCCTGCACTAAGC-1,
TAGTCTAACAACGAGA-1,
TAGTCTGCGGCACATT-1,
TAGTGCCCTCCAGAGT-1,
TAGTGTCAGAAACGGC-1,1
TAGTTTATTCTTGCTT-1,1
TAGTTTGATCGGTCGC-1,
TATAAATCCACAAGCT-1,1
TATAAGTGAGGATAGC-1,1
TATACACAGACGCCTT-1,
TATACACGCAAAGTAT-1,1
TATACGCGTCATCACT-1,
TATACTCATGCGGCAA-1,1
TATAGAGTCGCTTGAA-1,
TATAGCGCACGTTATC-1,
TATAGCTATTATCTCT-1,
TATAGGGTACTCATGA-1,
TATAGTTAGGTGTACT-1,
TATATAGGGCTTTACG-1,
TATATATCGAGAAATG-1,
TATATCAAAGTGATCT-1,
TATATCATTGATCAGT-1,
TATATGCTGGGTTGCC-1,1
TATCAAAGGTCTGTAA-1,
TATCAGTGGCGTAGTC-1,
TATCCATATCATGCGA-1,1
TATCCATCTCGGTTAG-1,
TATCCGCACCGTCGGG-1,
TATCCTGCATGGGAAT-1,1
TATCGATGATTAAACG-1,
TATCTACAGAGGTAAT-1,
TATCTACCACAGCGGG-1,
TATCTAGCCTAAAGGA-1,
TATCTGAGCCGATATT-1,
TATCTTGCAATACAAC-1,
TATGAAGACAGGTGCG-1,
TATGACCTTGCGCTGG-1,
TATGCTCCCTACTTAC-1,
TATGGATGTGCTACGC-1,
TATGGCCCGGCCTCGC-1,
TATGGGACCGAGCAGG-1,
TATGGGTACGTATCGT-1,
TATGGTCTGAGTAACA-1,
TATGTAAAGTGCTTAA-1,
TATGTAGAAACCCGGC-1,
TATGTCTCATTGTGCC-1,
TATTAACACCAAAGCA-1,
TATTAACCTGACCGCG-1,
TATTATGTTTGCCTGC-1,
TATTCAATTCTAATCC-1,
TATTCCACTCAGCTCG-1,
TATTCCTCCGCCCACT-1,
TATTCGTGCCAGAATA-1,
TATTTAGTCTAGATCG-1,1
TATTTGTTACCCTTTA-1,
TCAAACAACCGCGTCG-1,1
TCAAACTTAGATTGTT-1,
TCAAAGAGCTATCTGT-1,
TCAAAGTCACGGCGTC-1,
TCAAATTTGAGACTCA-1,
TCAACAAAGATAATTC-1,
TCAACATAGCGCCCTA-1,
TCAACATCGACCGAGA-1,
TCAACCATGTTCGGGC-1,
TCAACGAGGAGACAAA-1,
TCAACGCAGGAAATAA-1,
TCAACGCGACCGGCAG-1,
TCAACTAACGTATAAC-1,
TCAATACAATTGCTGC-1,
TCAATACGCCGTCATG-1,
TCACAGCAAACTCGAA-1,
TCACAGGAGAATAAGA-1,
TCACAGGTTATTGGGC-1,
TCACATCTTATCTGAT-1,
TCACCCTCTTAAGATT-1,
TCACGATGTCCGTGGA-1,
TCACGATTAATACGTT-1,
TCACGCATTGTAGATC-1,
TCACGGCCCAAGAGAG-1,
TCACGGTCATCGCACA-1,
TCACGTGCCCGATTCA-1,
TCAGACGCTATAGAAG-1,
TCAGAGCATGTCAACG-1,
TCAGCAAATGCATCTC-1,
TCAGCAGTAGGCCCTG-1,
TCAGCTTGAGCTTTCG-1,
TCAGGGCGACTTCCTT-1,1
TCAGGGCGCAAACTCG-1,1
TCAGGGTGTAACGTAA-1,
TCAGGTTCTTTGAGAA-1,
TCAGTACTGACCCGCG-1,
TCAGTAGGGACTATAA-1,
TCAGTGTATACGTCAT-1,
TCATACTTACAGATCC-1,1
TCATATGAGCTTTGTT-1,
TCATCCATCTGATCAC-1,
TCATCCCAGAGGGTGG-1,1
TCATCGATGGTCCCAA-1,
TCATGAAGCGCTGCAT-1,
TCCAACTTTAAATTCT-1,
TCCAATAAAGGCTACC-1,
TCCAATGCGTCGCCGC-1,
TCCACAATGGTTTACG-1,
TCCACCTCTAGCCTTT-1,
TCCACTTTATCTAGGT-1,
TCCAGAGCACCGGTTC-1,
TCCAGGCGAGTACGGT-1,
TCCAGGGTATATACGA-1,
TCCATCAATACTAATC-1,
TCCCAAACATCCTCTA-1,
TCCCAAAGACGAAGGA-1,
TCCCAGCTTTAGTCTG-1,
TCCCAGGCTTAGCTAA-1,
TCCCGCGTACTCCTGG-1,
TCCCGGGTGTGCTGCT-1,
TCCCGTCAGTCCCGCA-1,
TCCCTGGCGTATTAAC-1,
TCCCTGGCTCGCTGGA-1,
TCCGAACTTGGCTTAC-1,
TCCGACCGCTAATCAA-1,
TCCGATAATTGCCATA-1,1
TCCGATGACTGAGCTC-1,
TCCGATGGTGCGACAT-1,
TCCGATTACATTGCCG-1,
TCCGCCTGTCTACAAG-1,
TCCGCTGGGTCGATCG-1,
TCCGCTTATCCCATTA-1,
TCCGGTTCGTCCGGTC-1,
TCCGTAACCACAATCC-1,1
TCCTAAATTGGGAAGC-1,
TCCTAACCGTCGGGCA-1,
TCCTAGCAAAGAAGCT-1,
TCCTCCTAAGACATTC-1,
TCCTCTACGAGATGGC-1,
TCCTCTCCAGTTGTCC-1,
TCCTGCGTTGATACTC-1,
TCCTTCAATCCCTACG-1,
TCCTTCAGTGGTCGAA-1,1
TCCTTTCTTACGCTTA-1,
TCGAAATTTAGGACCA-1,
TCGAATATCCCGCAGG-1,
TCGACAACTGAACCCG-1,
TCGACATAGCGTAGCG-1,
TCGAGACCAACACCGT-1,
TCGAGCCAGGCAGGCC-1,
TCGAGTCTACGATTCG-1,
TCGATGTTACGGCCGT-1,
TCGCCACCCGGATTAC-1,
TCGCCCACTGCGAGAG-1,
TCGCCGAAGTTGCGTC-1,
TCGCCGCACCGCGTGA-1,
TCGCCGGATGGGCAAG-1,
TCGCCGGTCGATCCGT-1,1
TCGCGCGTTTACATGA-1,
TCGCGTCCAGAAGGTC-1,
TCGCTCGATATATTCC-1,
TCGCTGGGCGGATTGT-1,
TCGCTGTGCGTAAATC-1,1
TCGGAATGCGCTCTGA-1,
TCGGACGCCCAGCCCA-1,
TCGGAGAGTATCGGGA-1,
TCGGAGTACATGAGTA-1,
TCGGAGTCCTGGTTGC-1,
TCGGATCTGGATGACC-1,
TCGGCGTACTGCACAA-1,
TCGGGAGACAGCGTAC-1,
TCGGGATTCAAACATA-1,
TCGGGTGAAACTGCTA-1,1
TCGGTCCCGACAATAG-1,
TCGTAAGACGACATTG-1,
TCGTATAGTGCAATTA-1,1
TCGTATTACCCATTGC-1,
TCGTCAAGTACGCGCA-1,
TCGTCACACTGTTAGC-1,
TCGTCCGCTGGCGTCT-1,
TCGTGTCACGCTGACA-1,
TCGTTAGGAGTCCCTA-1,
TCGTTCGTTATTATGT-1,1
TCGTTGACAGGGTCCC-1,
TCGTTGCTATCCGGTC-1,
TCTAAAGAACAGTCTC-1,
TCTAACTGTATGTAAA-1,
TCTAATACTGCCTCAG-1,
TCTACCGTCCACAAGC-1,
TCTACGCACGATCTCC-1,
TCTAGCAATCTCCGCC-1,
TCTAGCATCTTCGATG-1,
TCTAGCATGCCCAGAA-1,
TCTAGTTATCAGAAGA-1,
TCTATCATGCAGTTAC-1,1
TCTATCGGTCGCAACA-1,1
TCTATTACTAGAGGAT-1,
TCTCCAACGTAGGTTA-1,1
TCTCGTGTTACGAGGA-1,
TCTCTAATAGCTGGTA-1,1
TCTCTTACCGCGAACC-1,
TCTGAACCGGTCGGCT-1,1
TCTGCAGATTCGAGTC-1,
TCTGGCGCAAGCCGGG-1,
TCTGGGTAGCGCTCAT-1,
TCTGTGCCATCATAGT-1,
TCTGTTACCCAGCATA-1,
TCTGTTTAGATTGTTC-1,
TCTTACGGCATCCGAC-1,
TCTTCGAATAGACGTT-1,
TCTTCGATACCAATAA-1,
TCTTGATGCGTAGCGA-1,
TCTTGGTAACACCAAA-1,1
TCTTGGTCAATGATAC-1,
TCTTTCATCCGTCCTT-1,
TGAACAAGCAGGGACT-1,
TGAACCTGAATGTGAG-1,
TGAACTGCTATGACTT-1,
TGAATGAGTGTTTCCC-1,
TGAATTTCACTTGCCT-1,
TGACAACTTAAAGGTG-1,
TGACAGAAATCTTGCT-1,
TGACAGGACAAGTCCA-1,
TGACATATATGACGAT-1,
TGACCCACGTTAGACA-1,
TGACGAATATTTCCCT-1,
TGACTATAATCCTTTC-1,
TGACTCCGAATCATAC-1,
TGAGAATGCTTTACCG-1,1
TGAGACGTACCTCTCA-1,
TGAGCCATACAGTCTC-1,
TGAGCGGAAAGTGTTC-1,
TGAGGAGTGCCAGCTT-1,
TGAGGCATGTACTGTG-1,
TGAGTAAATTAGCGTA-1,
TGAGTGCCTCTTAAAT-1,
TGATACATTTAGCCGT-1,
TGATAGCGGGATTCTA-1,
TGATCACCACACTGAC-1,
TGATCAGGGAACTGCT-1,
TGATCGGTTTGACCCT-1,
TGATCTCCGGCGCCAG-1,
TGATTCAGGTCCCGCG-1,
TGATTCCCGGTTACCT-1,
TGATTCGTCTATCACT-1,
TGATTCTGTCGCCGGT-1,
TGATTTATTAGCTGTG-1,
TGCAAGAATGACGTAA-1,
TGCAGAACTATATCGT-1,
TGCAGAGTACCGAGCA-1,
TGCAGATCGTCCTAGG-1,
TGCAGCTACGTACTTC-1,
TGCAGGATCGGCAAAG-1,
TGCAGTGGTAGGGAAC-1,
TGCATGGATCGGATCT-1,1
TGCATGTGACCCATAG-1,
TGCATGTGGTAATCTA-1,
TGCCAAAGTCAGACTT-1,
TGCCAATGGGTACTCT-1,
TGCCACACTAGAGGAA-1,
TGCCACCTGGCGAAAC-1,1
TGCCAGTACGTGGAGA-1,
TGCCGGATGTACGAGC-1,
TGCCGTGGATCGTCCT-1,
TGCCGTTCTTAATCGG-1,
TGCCTGATCAAACGAT-1,1
TGCGAATATGGGATTT-1,
TGCGACACCCTAGTGC-1,
TGCGACGGCCGAACGT-1,
TGCGAGAATATTACCC-1,
TGCGATGCTAATGGCT-1,1
TGCGCAAAGCATTTGG-1,
TGCGCGATTAACGGAG-1,
TGCGGAGTAAAGGTGC-1,1
TGCGGCATAGTTCAAC-1,1
TGCGGTGAAATTTCAT-1,1
TGCGTAAGAACCTGAT-1,
TGCGTCATGACTGAGC-1,
TGCTATGGCAAAGGGA-1,
TGCTCAAAGGATGCAC-1,
TGCTCGGCGAAACCCA-1,
TGCTGGTTGGACAATT-1,1
TGCTGTTGAAGAACTC-1,
TGCTTAGAGAGAATGC-1,
TGCTTCCCAAGCAGTA-1,
TGGAAGAAGGGAACGT-1,
TGGAAGGATAAAGATG-1,1
TGGAATTAGACGCTTT-1,
TGGACACCGTTGCTTG-1,1
TGGACGCAATCCAGCC-1,
TGGACTGTTCGCTCAA-1,
TGGAGAATAATCGTCC-1,
TGGAGTGATGCGATGA-1,
TGGCAAGCACAAGTCG-1,
TGGCAGATTACGATCA-1,
TGGCAGCAGTAATAGT-1,
TGGCATGAAGTTTGGG-1,
TGGCCAAACTGAAGTA-1,
TGGCCAATTTGGTACT-1,
TGGCCGTATATTGACC-1,
TGGCGACTGCTCCAAA-1,
TGGCGATCAAGTTATG-1,
TGGCTCTTGTCGCGTA-1,
TGGCTTATGTATAATG-1,
TGGCTTTGGGTAGACA-1,1
TGGGAAATGCCTTTCC-1,
TGGGCCACAAGAGCGC-1,1
TGGGTTTCGGGCGTAC-1,
TGGTAAGCAGGATTGA-1,
TGGTATCGCATCCCAA-1,1
TGGTATCGGTCTGTAT-1,1
TGGTCCCACGCTACGG-1,
TGGTCGATATACCTCT-1,
TGGTCGGGTACAGGGC-1,
TGGTCGTGCAAGGCAA-1,
TGGTCTAGCTTACATG-1,1
TGGTCTGTTGGGCGTA-1,
TGGTGATCGTATTTGT-1,
TGGTTAACTTACATTT-1,
TGGTTATGCTTGCGGT-1,1
TGGTTCAACGGGTAAT-1,
TGGTTCGTAGCAAAGG-1,
TGTAAGACTGATAAGA-1,
TGTAATGACCACAATA-1,
TGTACCCGACCCTAAT-1,
TGTACGAACAAATCCG-1,
TGTAGTGATCTATAAT-1,
TGTATAACAGATCCTG-1,
TGTCCCGACATAGCAC-1,1
TGTCCGTGGCGCCTTT-1,
TGTCCTAAGTCACCGC-1,
TGTCGTTATCACATAT-1,
TGTCTACAGTTTCTGT-1,1
TGTGACTACGCCAGTC-1,
TGTGAGACTAGCCCAA-1,
TGTGCCAGAGGCAAAG-1,
TGTGCTTTACGTAAGA-1,
TGTGGCGGGCTTCTGG-1,
TGTGGTTGCTAAAGCT-1,
TGTGTCGAAGTCGAGG-1,
TGTGTCGCGAGTTGCA-1,
TGTGTGACCATGAATC-1,
TGTGTTCGTATCCAAG-1,
TGTTCATAAATGTGCT-1,
TGTTCCGCTTCCATGA-1,
TGTTCGTATTGCGGTG-1,
TGTTCTTCCATTGACT-1,
TGTTGTCAAGAAGTCT-1,1
TGTTTCGGTACTTCTC-1,1
TGTTTCTGAAGCGTGC-1,
TTAAACCTGGTTCCTT-1,
TTAACACCTCGAACAT-1,
TTAACCAACCCTCCCT-1,1
TTAACGTCGCAAGACC-1,1
TTAACGTTAAAGCCTG-1,
TTAACTCACGCGTGGA-1,
TTAACTTCAGGTAGGA-1,
TTAAGATACCCAGAGA-1,
TTAAGCGCCTGACCCA-1,
TTAAGGCCCGTACTTT-1,
TTAATGTAGACCAGGT-1,
TTAATTTCAGACGCGG-1,1
TTACAACTACGCATCC-1,
TTACATCGTGGCCTGG-1,1
TTACCATTGATTACCC-1,
TTACCCTAACAGTCCT-1,
TTACCCTAGGGATTGG-1,
TTACTATCGGCTTCTC-1,
TTACTCCGGCCGGGAA-1,
TTACTCTGGTACGTAC-1,
TTACTGGGATATTTCA-1,
TTAGAAGAACATGACT-1,
TTAGAATAAGGGTCGG-1,
TTAGAGGGATATACAG-1,
TTAGAGTATTGTCGAG-1,
TTAGCAACATGGATGT-1,1
TTAGCATCCCTCACGT-1,
TTAGCCATAGGGCTCG-1,
TTAGCTCTGTAATCCG-1,
TTAGGTCATAACCGAC-1,
TTAGTAGGGCGGCGGG-1,
TTATATACGCTGTCAC-1,
TTATATTTGGCAATCC-1,
TTATCCTCAAGGAATA-1,
TTATCGCCTGCGAAGC-1,
TTATCTGACATTAGGA-1,
TTATCTGTATCATAAC-1,1
TTATGAATGAAAGGGA-1,
TTATGACAAACTGGAT-1,
TTATGTTTGCGATAGA-1,
TTATTAGAGCGTGTTC-1,
TTATTAGGGAAGCATC-1,1
TTCAAAGTCTCTAGCC-1,
TTCAACGACCCGACCG-1,1
TTCACGAAAGGATCAC-1,
TTCACGGTCGTCACGT-1,
TTCACTCGAGCACCTA-1,
TTCACTTCCTAGAACG-1,
TTCAGGCGTCAAAGCC-1,
TTCAGTTCAAGAGGAG-1,
TTCAGTTTGTGGCAGC-1,
TTCATGGCGCAACAGG-1,1
TTCCAATCTGGCTATC-1,
TTCCACACAGATTTGA-1,
TTCCCGGCGCCAATAG-1,
TTCCGCGTGAGGCGAT-1,
TTCCGGCCTTGAGGCT-1,
TTCCTCGAGGGTGTCT-1,1
TTCCTCTGCCCGAATA-1,
TTCGAACGAAACATGC-1,
TTCGACAGAGCCCGTG-1,
TTCGACGGGAAGGGCG-1,
TTCGCACTCGCGTGCT-1,
TTCGCACTGTACGACA-1,
TTCGCCGCTCGCGCTA-1,
TTCGCGCGCCATACGA-1,
TTCGGACTGGGCATGG-1,
TTCGGGACTAATCGCG-1,
TTCGGGCGCTAGTCTT-1,
TTCGTACTCCAGAACG-1,
TTCTACCTCAATCGGT-1,
TTCTACTTGCGAGGGC-1,
TTCTAGAAAGTCTTAT-1,
TTCTAGGCCAATTGTG-1,
TTCTATTAAACGCAGC-1,
TTCTCAATTGCTACAA-1,
TTCTCTTACAGGTGAT-1,
TTCTGCCGCGCCTAGA-1,
TTCTGCGAGCGCCCTT-1,
TTCTGTTTCCTGTCGC-1,1
TTCTTAGTGAACGGTG-1,1
TTCTTAGTGGCTCAGA-1,1
TTCTTGAGCCGCGCTA-1,
TTCTTGGACGATCTGC-1,
TTCTTGGAGTAATGAG-1,1
TTCTTGTAACCTAATG-1,
TTCTTGTGTCCATCAG-1,
TTGAACGAATCCTTTG-1,1
TTGAAGAATTCCCAGG-1,
TTGAAGGATGGGCGCC-1,
TTGAATATGGACTTTC-1,
TTGAATCGTTGTATAA-1,
TTGACATGAACGTGGA-1,
TTGACCATGTTCTCCG-1,1
TTGACCGTGTTAATGA-1,
TTGACTACCATATGGT-1,
TTGAGAGTACTGCTAA-1,
TTGATCTAACTTTGTC-1,
TTGATGCCGCTCGTCG-1,
TTGATTAGCTGTTTCT-1,
TTGATTATGCAGATGA-1,
TTGCACAATTCAGAAA-1,
TTGCACGGAGCAGCAC-1,1
TTGCATGCTGATCACG-1,
TTGCCATAGCCCGCTC-1,
TTGCCCTGATCACGGG-1,
TTGCCGCAGACCTACA-1,
TTGCCTAATCCAAAGT-1,
TTGCGCTCTCTCGCTT-1,1
TTGCGGAAAGCTGCCC-1,
TTGCGGCATCAGAAAG-1,
TTGCGTAGTTTGAGGA-1,
TTGCGTCGGCCAACCG-1,
TTGCTCCCATACCGGA-1,
TTGCTGAAGGAACCAC-1,1
TTGCTGATCATGTTCG-1,
TTGCTGCACCTATCCA-1,1
TTGGAAGAATACAGTC-1,
TTGGACATGTGGCTTA-1,
TTGGATATCGTCTACG-1,
TTGGATCGACTTCTGG-1,1
TTGGATTGGGTACCAC-1,1
TTGGCTCGCATGAGAC-1,
TTGGGACACTGCCCGC-1,
TTGGGCGGCGGTTGCC-1,
TTGGTCACACTCGTAA-1,
TTGGTTGCGGTGCGCG-1,
TTGTAAGGACCTAAGT-1,
TTGTAAGGCCAGTTGG-1,1
TTGTAATCCGTACTCG-1,
TTGTACACCTCGAACA-1,
TTGTCACCGCGGTATC-1,
TTGTCGTTCAGTTACC-1,1
TTGTCTCGGCAAGATG-1,
TTGTGAGGCATGACGC-1,
TTGTGCGGAAGCGGAT-1,
TTGTGGAGACAGCCGG-1,
TTGTGGCCCTGACAGT-1,1
TTGTGGTAGGAGGGAT-1,
TTGTGTATGCCACCAA-1,
TTGTGTTTCCCGAAAG-1,
TTGTTAGCAAATTCGA-1,
TTGTTCAGTGTGCTAC-1,1
TTGTTGGCAATGACTG-1,
TTGTTGTGTGTCAAGA-1,
TTGTTTCACATCCAGG-1,
TTGTTTCATTAGTCTA-1,
TTGTTTCCATACAACT-1,
TTGTTTGTATTACACG-1,
