Barcode,Parenchyma
AAACAAGTATCTCCCA-1,1
AAACACCAATAACTGC-1,1
AAACAGAGCGACTCCT-1,1
AAACAGTGTTCCTGGG-1,1
AAACATGGTGAGAGGA-1,1
AAACATTTCCCGGATT-1,1
AAACCACTACACAGAT-1,1
AAACCCGAACGAAATC-1,1
AAACCGGAAATGTTAA-1,1
AAACCGTTCGTCCAGG-1,
AAACCTAAGCAGCCGG-1,1
AAACGAAGAACATACC-1,1
AAACGAAGATGGAGTA-1,1
AAACGACAGTCTTGCC-1,1
AAACGAGACGGTTGAT-1,1
AAACGCCCGAGATCGG-1,1
AAACGGTTGCGAACTG-1,1
AAACGTGTTCGCCCTA-1,1
AAACTAACGTGGCGAC-1,1
AAACTCGGTTCGCAAT-1,1
AAACTCGTGATATAAG-1,1
AAACTGCTGGCTCCAA-1,1
AAACTTAATTGCACGC-1,1
AAAGAATGACCTTAGA-1,
AAAGAATGTGGACTAA-1,1
AAAGACATGAAGTTTA-1,1
AAAGACCCAAGTCGCG-1,1
AAAGCTTGCCTACATA-1,1
AAAGGCCCTATAATAC-1,1
AAAGGCTACGGACCAT-1,1
AAAGGCTCTCGCGCCG-1,1
AAAGGGATGTAGCAAG-1,
AAAGGTAAGCTGTACC-1,1
AAAGGTCAACGACATG-1,1
AAAGTAGCATTGCTCA-1,1
AAAGTCACTGATGTAA-1,1
AAAGTGCCATCAATTA-1,1
AAAGTGTGATTTATCT-1,1
AAATAACCATACGGGA-1,1
AAATACCTATAAGCAT-1,1
AAATAGGGTGCTATTG-1,1
AAATCACTCCTAAACG-1,1
AAATCCGATACACGCC-1,
AAATCGCGGAAGGAGT-1,1
AAATCGTGTACCACAA-1,1
AAATCTAGCCCTGCTA-1,1
AAATCTGCCCGCGTCC-1,1
AAATGATTCGATCAGC-1,1
AAATGGCATGTCTTGT-1,1
AAATGGCCCGTGCCCT-1,1
AAATGGTCAATGTGCC-1,1
AAATGTGGGTGCTCCT-1,1
AAATTAACGGGTAGCT-1,1
AAATTACACGACTCTG-1,1
AAATTACCTATCGATG-1,1
AAATTGATAGTCCTTT-1,1
AAATTGGTGAGAAGCA-1,1
AAATTTACCGAAATCC-1,1
AAATTTGCGGGTGTGG-1,1
AACAATACATTGTCGA-1,1
AACACACGCTCGCCGC-1,1
AACACGACTGTACTGA-1,1
AACAGCTGTGTGGCAA-1,1
AACAGGAAATCGAATA-1,1
AACAGGTAGTATGGAT-1,1
AACATATCAACTGGTG-1,1
AACATCGATACGTCTA-1,1
AACATTGAAGTTGATC-1,1
AACATTGTGACTCGAG-1,
AACCAGTATCACTCTT-1,1
AACCATAGGGTTGAAC-1,1
AACCCATCCCATGATC-1,1
AACCCGACAACCCGTG-1,
AACCCGAGCAGAATCG-1,1
AACCCTGGTGGAACCA-1,1
AACCGAGCTTGGTCAT-1,1
AACCGCTAAGGGATGC-1,1
AACCGTTGTGTTTGCT-1,1
AACCTAAAGCCGTCCG-1,1
AACCTCGCTTTAGCCC-1,1
AACCTTTAAATACGGT-1,1
AACCTTTACGACGTCT-1,1
AACGAAAGTCGTCCCA-1,1
AACGATAATGCCGTAG-1,1
AACGATAGAAGGGCCG-1,1
AACGATATGTCAACTG-1,1
AACGCATGATCTGGGT-1,1
AACGCGACCTTGGGCG-1,
AACGCGGTCTCCAGCC-1,1
AACGCTGTTGCTGAAA-1,1
AACGGACGTACGTATA-1,1
AACGGCCATCTCCGGT-1,
AACGTACTGTGGGTAC-1,1
AACGTCGCTGCACTTC-1,
AACGTGATGAAGGACA-1,1
AACGTGCGAAAGTCTC-1,1
AACTACCCGTTTGTCA-1,1
AACTAGGCTTGGGTGT-1,1
AACTCAAGTTAATTGC-1,1
AACTCCAGAGCGTGTT-1,1
AACTCCTAATCCCATG-1,1
AACTCTCAGTGTGCTC-1,
AACTGAGGTCAGCGTC-1,1
AACTGAGTTATACTGA-1,1
AACTGATATTAGGCCT-1,1
AACTGGGTCCCGACGT-1,1
AACTGGGTTCGAGCCG-1,1
AACTGGTGTGGGCCTT-1,1
AACTTTCTCGATCATG-1,1
AAGAAAGTTTGATGGG-1,1
AAGAAATCACCAGATT-1,1
AAGACCAAATAACTCA-1,1
AAGACCCAACTGAACA-1,1
AAGACTAACCCGTTGT-1,1
AAGACTCACGCCCACT-1,1
AAGACTGCAAGCTACT-1,1
AAGAGCTCTTTATCGG-1,1
AAGAGGCATGGATCGC-1,1
AAGAGGCCCTTTGGAA-1,1
AAGATGGCACCGGACC-1,1
AAGATTGGCGGAACGT-1,1
AAGCACCCTGCGTATC-1,1
AAGCATACTCTCCTGA-1,1
AAGCCACTTGCAGGTA-1,1
AAGCCGAAGCGGTTTA-1,1
AAGCCGCCGTGAAATC-1,1
AAGCCGCTTTACCTTG-1,1
AAGCCGGAGAGCAGGA-1,1
AAGCGCAGGGCTTTGA-1,1
AAGCGGCGTCATGGGT-1,1
AAGCGTCCCTCATCGA-1,1
AAGCTAGATCGAGTAA-1,1
AAGCTCGTGCCAAGTC-1,
AAGCTCTTTCATGGTG-1,1
AAGGAGAACTTATAAG-1,1
AAGGAGCGGTTGGTGC-1,1
AAGGATGAGGGACCTC-1,
AAGGCAGGCTGTCTCC-1,1
AAGGCTGTGCTCATCG-1,1
AAGGGAACGACTGGCT-1,1
AAGGGACAGATTCTGT-1,1
AAGGGACTATGCATTC-1,1
AAGGGTTTGATTTCAG-1,1
AAGGTATCCTAATATA-1,1
AAGGTGATAAACCAGC-1,1
AAGTAAGCTTCCAAAC-1,1
AAGTCAATTGTCGTCA-1,1
AAGTCTAGTAGCTGCC-1,1
AAGTGAGTCGGGTTTA-1,1
AAGTGCCTTGACTGTA-1,1
AAGTGCGTTAGAATCT-1,1
AAGTGCTTCTCTATTG-1,1
AAGTGTTTGGAGACGG-1,1
AAGTTCACTCCAAGCT-1,1
AAGTTCAGTCTGCGTA-1,1
AAGTTCGGCCAACAGG-1,
AAGTTGTGATGTTATA-1,1
AAGTTTACTAATGGCA-1,1
AAGTTTATGGGCCCAA-1,1
AATAACACTAGAACAA-1,1
AATAAGTCCTCGAGAC-1,1
AATAATCTTCGTATCG-1,1
AATACCGGAGGGCTGT-1,1
AATACCTGATGTGAAC-1,
AATAGAACAGAGTGGC-1,
AATAGAATCTGTTTCA-1,1
AATAGCAAGCCTCCTG-1,1
AATAGCTACCGCGTGC-1,1
AATAGGCACGACCCTT-1,1
AATAGTCCGTCCCGAC-1,1
AATATCGAATCAATGC-1,1
AATATCGAGGGTTCTC-1,1
AATCAGGTTTCATTTA-1,1
AATCATGTAAAGACTC-1,1
AATCCAAGGGCCTGAG-1,1
AATCGCCTCAGCGCCA-1,1
AATCGCGCAGAGGACT-1,1
AATCGGGACACTACGA-1,1
AATCGGTATAGCCCTC-1,1
AATCGTGAGCCGAGCA-1,
AATCTAGGTTTACTTG-1,1
AATCTGGCTTTCTAGT-1,1
AATCTGGGTAGACCCT-1,1
AATGACAGCAATGTCT-1,1
AATGACGTAGGATGTC-1,1
AATGATGATACGCTAT-1,1
AATGATGCGACTCCTG-1,1
AATGCAACCGGGTACC-1,1
AATGCACCAAGCAATG-1,1
AATGGCCGCCAATGCG-1,1
AATGTATGGCACTGTA-1,1
AATGTGCCCGAGGTGT-1,1
AATGTGCTAATCTGAG-1,1
AATTAAAGGTCGGCGT-1,1
AATTAACGGATTTCCA-1,1
AATTACGAGACCCATC-1,1
AATTAGCGCTGCAGCG-1,1
AATTCATAAGGGATCT-1,1
AATTCATTGTCATGCA-1,
AATTCCAAGCATGTAC-1,
AATTCGATTCGAGGAT-1,1
AATTCTAGAGTTAGGC-1,1
AATTGAACGCTCTGGT-1,1
AATTGCAGCAATCGAC-1,1
AATTGCGTGGATTACA-1,1
AATTGTGGTTGCCAAA-1,1
AATTTGGGACATAGTA-1,1
AATTTGGTTCCAAAGA-1,
ACAAACCATGCGTCCT-1,1
ACAAACCGACAAGGCG-1,1
ACAAACTCCATCAGAG-1,1
ACAAAGCATGACCTAG-1,1
ACAAATCGCACCGAAT-1,1
ACAAATGGTAGTGTTT-1,1
ACAAATTCAGATCTGA-1,1
ACAACAGCATGAGCTA-1,1
ACAAGGAAATCCGCCC-1,1
ACAAGGATGCTTTAGG-1,1
ACAAGGCCTACCAGCC-1,1
ACAAGGGCAGGCTCTG-1,1
ACAAGTAATTGTAAGG-1,1
ACAATCGATCTTTATA-1,1
ACAATGAATACGGAGA-1,1
ACAATGATTCTTCTAC-1,1
ACAATTGTGTCTCTTT-1,1
ACAATTTGAGCAGTGG-1,1
ACAATTTGGCCATATT-1,1
ACACACCAGGACCAGT-1,1
ACACACTTTCTACACG-1,
ACACATGATCAAATCT-1,1
ACACCCGTAAATCTGT-1,1
ACACCGGTCTGACCGC-1,1
ACACCTTACTACTTGC-1,1
ACACGAGACTCCTTCT-1,1
ACACGGCACTATGCAT-1,1
ACACGGGAACTTAGGG-1,1
ACACGTAGGCCACAAG-1,1
ACACTGATCAAGGTGT-1,
ACACTGGGACAGTCGT-1,1
ACAGAACTGAGAACAA-1,1
ACAGATTAGGTTAGTG-1,1
ACAGCATAGAGCCAGT-1,1
ACAGCGACATTCTCAT-1,1
ACAGCGCACCCGCAGC-1,1
ACAGGCTTGCCCGACT-1,1
ACAGGTGGAGGTGAGG-1,1
ACAGTATACCGTGGGA-1,1
ACAGTGCAGCGCATTT-1,1
ACATAAGTCGTGGTGA-1,1
ACATAATAAGGCGGTG-1,1
ACATCCCGGCCATACG-1,1
ACATCGATCGTTTACC-1,1
ACATCGCAATATTCGG-1,1
ACATCGGTCAGCCGCG-1,1
ACATCGTATGCAATGG-1,1
ACATCGTTAACCTAGT-1,
ACATCTCAACGCGTAA-1,
ACATGCTTACGGCAGC-1,1
ACATTAGTTTATATCC-1,1
ACATTCGCGCGGAATA-1,1
ACATTTGAAACCTAAC-1,
ACCAAACACCCAGCGA-1,1
ACCAAACTAGAAATCC-1,1
ACCAACACCACACACT-1,1
ACCAACCGCACTCCAC-1,1
ACCAACGCTTATTTAT-1,
ACCAAGTCATCGGCAG-1,1
ACCAATATGCAAGTTA-1,1
ACCACAACTCAGAACA-1,1
ACCACAAGTTTCTATC-1,
ACCACCAATGTAACAA-1,1
ACCACCCTCTCTTCTA-1,1
ACCACGTGCAGCTATA-1,1
ACCAGCCCGGTCTTTG-1,1
ACCAGGAGTGTGATCT-1,1
ACCAGTGCCCGGTCAA-1,1
ACCAGTGCGGGAGACG-1,1
ACCATATCCGCAATAA-1,1
ACCATCGTATATGGTA-1,1
ACCCAACGCCCGTGGC-1,
ACCCATTTGTCCCTCT-1,1
ACCCGAGCGAAATTAC-1,1
ACCCGATTGGTTCCGA-1,1
ACCCGGAAACTCCCAG-1,1
ACCCGGAGCACCACAA-1,1
ACCCGGTTACACTTCC-1,1
ACCCGTAGCAGAGAAT-1,
ACCCGTGTCATCAGTA-1,1
ACCCTATGCCATATCG-1,
ACCCTCCCTTGCTATT-1,1
ACCCTGGTAACGCCCT-1,1
ACCCTTCATCTGCGAA-1,
ACCCTTTAGTTCTCCA-1,1
ACCGAAAGGGCCCTGC-1,1
ACCGAAGAGTCTGGTT-1,1
ACCGACACATCTCCCA-1,1
ACCGACTGAGTCCCAC-1,1
ACCGATAGGCATAACC-1,1
ACCGATATTTAATCAT-1,1
ACCGCAATAACTGCCT-1,1
ACCGCGGTGGAAGTCG-1,1
ACCGCTAGTCATTGGT-1,1
ACCGGGCCTTTGTTGA-1,1
ACCGGTCAGGTACACC-1,1
ACCGGTCTGAGTACGG-1,1
ACCGTCCACTGGGCCC-1,1
ACCGTGACCACGTGGG-1,1
ACCGTTCCCGCTCTGA-1,1
ACCTAAGTACCTTTCA-1,1
ACCTACTATAAATCTA-1,1
ACCTCCGCCCTCGCTG-1,1
ACCTCGAACTTATGCT-1,1
ACCTTTCCTTTAGAAG-1,1
ACGACCCATGAGTTGC-1,1
ACGACTGGTCATACTC-1,1
ACGAGATATTTGCTTA-1,1
ACGAGGATACCACTCT-1,1
ACGAGGTTTACAACGT-1,1
ACGAGTACGGATGCCC-1,1
ACGATACATAGAACTA-1,1
ACGATCATACATAGAG-1,1
ACGATGGATCCGATGC-1,1
ACGCAAACTAATAGAT-1,1
ACGCAATCACTACAGC-1,1
ACGCATAAATGACATG-1,1
ACGCATACGTTTACTA-1,1
ACGCATTCGTGAGTAC-1,1
ACGCCAGATGATTTCT-1,1
ACGCCAGTGCGTTTGC-1,
ACGCCCAGCTGTCGAT-1,1
ACGCCGCTAGACGACC-1,1
ACGCGAAGTCAGACGA-1,1
ACGCGGGCCAAGGACA-1,1
ACGCTAGTATCAGTGC-1,1
ACGCTAGTGATACACT-1,1
ACGCTTAGTGTCTCTC-1,1
ACGGAACACGAGTGCC-1,
ACGGACGCAGCGACAA-1,1
ACGGACTCTCAAAGCG-1,1
ACGGAGCGCAAATTAC-1,1
ACGGATGGTGCGGATA-1,1
ACGGCACTTGCTTGGG-1,1
ACGGCCAACATGGACT-1,1
ACGGCGACGATGGGAA-1,1
ACGGCGGGTTGCCCTG-1,1
ACGGCTGGATGTAGAA-1,1
ACGGGAGTGTCGGCCC-1,1
ACGGGCGTATGCGACA-1,1
ACGGGTTGTGACCTGT-1,
ACGGTCACCGAGAACA-1,1
ACGTACAGATTTCTCT-1,
ACGTACTTTGGCACGG-1,1
ACGTAGATTGCTGATG-1,1
ACGTCCTAAACGAGAT-1,1
ACGTCGGGCAACTCGG-1,1
ACGTGCGCCTCGTGCA-1,1
ACGTGGTCGAATGTGC-1,1
ACGTTAATGTCGAAGA-1,1
ACGTTCACTATGCCGC-1,1
ACGTTCCGCGCTCCGT-1,1
ACGTTCGTTCAGGAAA-1,1
ACGTTCTGTACAAGTC-1,1
ACGTTGTCGTTGAAAG-1,1
ACGTTTAGTTGTGATC-1,1
ACTAAGGACGCACACC-1,1
ACTAATACGTCAGGCG-1,1
ACTACAAAGAGAGGTG-1,1
ACTACATCCCGACAAG-1,1
ACTACCATCCGAGGGC-1,1
ACTACGCGTTAGAATT-1,1
ACTAGTTGCGATCGTC-1,1
ACTATATGCTGTGTTC-1,1
ACTATCTGCCCGCGTA-1,1
ACTATGTCCAGCTGCC-1,1
ACTATTCGTCCGTGGT-1,1
ACTATTTCCGGGCCCA-1,1
ACTCAAGTGCAAGGCT-1,1
ACTCAATAAAGGCACG-1,1
ACTCAGACCTGCTTCT-1,1
ACTCATGGCAGCCTTC-1,1
ACTCCAATATCATCAT-1,1
ACTCCCATTCCTAAAG-1,1
ACTCCCGTAGACTAGG-1,1
ACTCCCTAATGCTAAA-1,1
ACTCCCTAGAATAGTA-1,1
ACTCGCCGTTCGATAA-1,1
ACTCGCGATCTGACGC-1,1
ACTCGTAACCCGTCCT-1,1
ACTCGTCAGTAATCCC-1,1
ACTCTCTGACTTAGGT-1,1
ACTCTCTTATACACGA-1,1
ACTCTTGTATAGTAAC-1,1
ACTGAAACGCCGTTAG-1,1
ACTGAATGGCGAAAGT-1,1
ACTGATTTAGTGATTC-1,1
ACTGCCCGCCATTCTC-1,1
ACTGCCGTCGTAACTC-1,1
ACTGCTCGGAAGGATG-1,1
ACTGGCGAACCTGCGT-1,1
ACTGGGATGCCAGTGC-1,1
ACTGTACGATACACAT-1,1
ACTGTCCAGGATTATA-1,1
ACTGTCTTCTTTAGAA-1,1
ACTGTTTAGTGTAGGC-1,1
ACTTACCGGGCGCGCA-1,1
ACTTACGCATCCACGC-1,1
ACTTATCTGATCTATA-1,1
ACTTATTAGGATCGGT-1,1
ACTTATTTATGTGCCA-1,1
ACTTCAGGCTGATCCC-1,1
ACTTCCAGTGGAAGCT-1,1
ACTTCCATGCGGGACA-1,1
ACTTCCTGTCGTGCGA-1,1
ACTTCGCCATACGCAC-1,1
ACTTGACTCCCTCTTT-1,1
ACTTGCCATATTGTAC-1,1
ACTTGCTCTATCTACC-1,1
ACTTGGGACCCGGTGG-1,1
ACTTGTGGATGGAACG-1,1
ACTTTATACACCACTT-1,1
ACTTTCCTATAGCTTC-1,1
ACTTTGGTCGTGCTCC-1,1
ACTTTGTCGACGCACT-1,
AGAAATTATGACTCGC-1,1
AGAACACGGCGATGGT-1,1
AGAACCCAGCGTGACA-1,1
AGAACCCTCAATTGGG-1,
AGAACGTGGTACATTC-1,1
AGAACTGTACTTTGTA-1,1
AGAAGGTACACTTCAC-1,1
AGAAGGTTGCCGAATT-1,1
AGAAGGTTGTAGGTCG-1,1
AGAAGTGATTCGTGAT-1,1
AGAATGCGGGTTCGGA-1,1
AGAATTATGGATTCGA-1,1
AGACAGGCATCTCAGC-1,1
AGACATAGATCCTTCC-1,1
AGACCAAACCACACCT-1,1
AGACCCACCGCTGATC-1,1
AGACCGCTCCGCGGTT-1,1
AGACGAAGTGCCGGTC-1,1
AGACGACGATGCCGCT-1,1
AGACGCCCACTTCGCC-1,1
AGACGGGATTGGTATA-1,1
AGACGGGCCGATTTAA-1,1
AGACTGTTACCGGGTC-1,1
AGAGAAACACCAGAAA-1,1
AGAGAACCGTCTAGGA-1,1
AGAGAAGGAGTACAAT-1,1
AGAGCCGCCGAGATTT-1,1
AGAGCGGGCTAATCAT-1,1
AGAGGCTTCGGAAACC-1,1
AGAGGGACAATTGTCC-1,1
AGAGTAAACTTCACTA-1,1
AGAGTGAACAGACACC-1,1
AGAGTTAGAGACCGAT-1,1
AGAGTTGCAGGCCTCC-1,1
AGATAACTTCAGGGCC-1,1
AGATAATCACACCTAT-1,1
AGATACCAATAGAACC-1,1
AGATACCAGCACTTCA-1,1
AGATACCGGTGTTCAC-1,1
AGATACTCAAGATCGA-1,1
AGATATAATACGACTA-1,1
AGATCGTGCATAAGAT-1,1
AGATCTCAGGTGTGAT-1,1
AGATGAGGGTTGCGAT-1,1
AGATGCAAGACGTGCA-1,1
AGATTATAGGACGTTT-1,1
AGATTCAAGCGGGTCG-1,1
AGATTCACAACCGATA-1,1
AGCAAAGGCCGCTAGT-1,1
AGCAACATATCTTATT-1,1
AGCAACCGAAAGTAAT-1,1
AGCACACGTTTAGACT-1,1
AGCACCAGTACTCACG-1,1
AGCACTACCTCACCAG-1,1
AGCAGAAGGAGAAAGA-1,1
AGCAGCCAGATGAATA-1,1
AGCATATCAATATGCT-1,1
AGCATCATTTCGAAAG-1,1
AGCATTACGAGGCAAG-1,1
AGCCAAGCTTTGTGTC-1,1
AGCCACAGGTTACCCG-1,1
AGCCACTCCCGTGCTT-1,1
AGCCATATAGTATGTG-1,1
AGCCCGCAACAAGCAG-1,
AGCCCGCACTACAATG-1,
AGCCCGGCATTAGAGG-1,1
AGCCCGGTAGCCTGTA-1,1
AGCCCTAAGCGAAGTT-1,1
AGCCCTCCCTGGTGGC-1,1
AGCCCTTCTAATCCGA-1,1
AGCCCTTGGACATCCC-1,
AGCCGTGGCTAAATGT-1,1
AGCCTAATACCCACGT-1,1
AGCCTTGTCACTGATA-1,1
AGCGACAGGAACGGTC-1,1
AGCGACATCCCATTCA-1,1
AGCGACCAACGATATT-1,1
AGCGACTTTGAAGACA-1,1
AGCGAGACGTGAAGGC-1,1
AGCGATGCGCCTAATA-1,1
AGCGCATAATGAATCG-1,1
AGCGCGGGTGCCAATG-1,1
AGCGCTAGAGCGATGT-1,1
AGCGCTTATGGGCAAG-1,1
AGCGGACACTTCGTAG-1,1
AGCGGCGGTTAGCGGT-1,1
AGCGGGTCTGACACTC-1,1
AGCGGTTGAGATGTAC-1,1
AGCGGTTGCCGCTCTG-1,1
AGCGTAGCGCTAGACC-1,1
AGCGTGGTATTCTACT-1,1
AGCGTTCCGATTTAAA-1,1
AGCTAACAAGCAATGT-1,1
AGCTAAGCTCCGTCCG-1,1
AGCTAAGTACGCAGGC-1,1
AGCTAGAAGCAGAAGT-1,1
AGCTATTTAATCCAAC-1,1
AGCTCCATATATGTTC-1,1
AGCTCCTTCGCACATC-1,1
AGCTCTAGACGTTCCA-1,
AGCTCTTCCCAGTGCA-1,1
AGCTCTTTACTCAGTT-1,1
AGCTGAAGTAAACCAA-1,
AGCTGCATTTGAGGTG-1,1
AGCTGCTGTGCCGAAT-1,1
AGCTGTAACCTCAATC-1,1
AGCTTCAATACTTTGA-1,1
AGCTTGATCAGGGTAG-1,1
AGGAACGAACGACTTC-1,1
AGGAAGCTGTCCGCCG-1,1
AGGACAGTCGAATCCC-1,1
AGGACGACCCATTAGA-1,1
AGGACGCTCGATGTTG-1,1
AGGAGACATCCACAGT-1,1
AGGAGAGTCTGGCTAC-1,1
AGGAGGCCTTCGCGCG-1,1
AGGATAAAGTCGGGAT-1,1
AGGATATAGGGATTTA-1,1
AGGATCACGCGATCTG-1,1
AGGCAAAGAGGAATCA-1,1
AGGCACGTGACTGTCC-1,
AGGCAGATGCGTAAAC-1,1
AGGCAGGGAGCGTACT-1,1
AGGCATTGTCGTAGGG-1,1
AGGCCACATTGGTTAC-1,
AGGCCACCCGTTATGA-1,
AGGCCCATTGTACAGG-1,1
AGGCCTATCATACCAA-1,1
AGGCCTGAGAATCTCG-1,1
AGGCGATAACTGGCGT-1,1
AGGCGGTTTGTCCCGC-1,1
AGGCGTCTATGGACGG-1,1
AGGCTTCCCGAAGAAG-1,1
AGGGAAACGAGGTACT-1,1
AGGGACTCTACGCGAC-1,1
AGGGCAGCGGCGTGGT-1,
AGGGCCCTAATGTTCT-1,1
AGGGCTGCAGTTACAG-1,1
AGGGTCAGAGCACTCG-1,1
AGGGTCAGTAACCCTA-1,1
AGGGTGCCGTTCTTTA-1,1
AGGGTGTGCTACACGC-1,1
AGGGTTCAGACGGTCC-1,
AGGGTTCCCTTTGGTT-1,
AGGGTTTAGTTCGGGA-1,1
AGGTACGATATTGCCA-1,1
AGGTAGATCGAGATAT-1,1
AGGTCAGGTGAGAGTG-1,1
AGGTCGCCACTTCGGT-1,1
AGGTCGCCTCCCAACA-1,1
AGGTCGCGGAGTTACT-1,1
AGGTGCACGTCCACAT-1,1
AGGTGGTGACCTTCGC-1,1
AGGTGTTGCCGACCAC-1,1
AGGTTACACCATGCCG-1,1
AGGTTCTCCTTTCCGG-1,1
AGGTTGAGGCACGCTT-1,1
AGGTTTCACACACCTT-1,1
AGTAACGTTCATCCTG-1,1
AGTAACTATAGCAGCC-1,1
AGTAATGTCTTGCCGC-1,1
AGTAATTTGCAAGCGT-1,1
AGTACCTTCGAGTGCT-1,1
AGTACGGGCACCTGGC-1,1
AGTACGTGGCCTGTCT-1,1
AGTACTCTTATGCCCA-1,1
AGTAGAAGGCGCCTCA-1,1
AGTAGCGTGAACGAAC-1,1
AGTAGCTAGACGCCGA-1,1
AGTAGGAAGGAAGTTG-1,1
AGTAGGTAACATACAT-1,1
AGTATAATACTAGGCA-1,
AGTATACACAGCGACA-1,
AGTATCCATAATAACG-1,1
AGTATGCTGGAGACCA-1,1
AGTATTTGGCACGACC-1,1
AGTCAAATGATGTGAT-1,1
AGTCAACACCACCATC-1,1
AGTCAAGATGACACTT-1,1
AGTCACTAGCTCTCGA-1,1
AGTCACTCCGCCTCAT-1,1
AGTCCCGCCTTTAATT-1,1
AGTCCCTCGCAGAAAG-1,1
AGTCGAAACGATTCAG-1,1
AGTCGGCTCAACTTTA-1,1
AGTCGTATAAAGCAGA-1,1
AGTCGTCGACCACCAA-1,1
AGTCGTGGGCATTACG-1,1
AGTCTCACAAGACTAC-1,1
AGTCTTCTCCTCAAAT-1,1
AGTCTTTAAAGTGTCC-1,1
AGTGAACAAACTTCTC-1,1
AGTGAAGATGGTGTCC-1,1
AGTGACCTACTTTACG-1,1
AGTGACTGTGACACAA-1,1
AGTGAGCCTCGCCGCC-1,1
AGTGAGGGTTTCTGAC-1,1
AGTGATAACCTGCGCG-1,1
AGTGATATGAGTAGTT-1,1
AGTGCACGCTTAAGAA-1,1
AGTGCGTAGCTCGTAA-1,1
AGTGCTAAACACAGCA-1,1
AGTGCTTGCACGAATA-1,1
AGTGGCGGCAATTTGA-1,1
AGTGGCGTCTGAAGGT-1,1
AGTGTATTGCGCATTG-1,1
AGTTAAACACTTGCGA-1,1
AGTTAAGCGGTCCCGG-1,1
AGTTAAGTCAACCGCT-1,1
AGTTACTCTATCGTGG-1,1
AGTTATTGAAAGGTAA-1,1
AGTTCCTACAGAATTA-1,
AGTTCCTATTTATGTT-1,
AGTTGACGGTCCTTGC-1,1
AGTTGCGGTCCTCAAC-1,1
AGTTGGCAAGGCTAGA-1,1
AGTTTATGTAAAGACA-1,1
AGTTTCGCAGGTCGGA-1,1
AGTTTGCACCTGCCTC-1,1
AGTTTGGCACGGGTTG-1,1
AGTTTGGCCAGACCTA-1,1
ATAAACGGACCCGTAA-1,1
ATAAACGTTGCACCAC-1,1
ATAAAGGCTCGGTCGT-1,1
ATAAAGGTCAAGTACG-1,1
ATAACGCCGGAGGGTC-1,1
ATAACGGAGTCCAACG-1,1
ATAACGTTACCTCCAC-1,1
ATAAGCAAACACCGAG-1,1
ATAAGGTGGAGAACAT-1,1
ATAAGTACCCGATTGT-1,1
ATAAGTAGGATTCAGA-1,1
ATAAGTTACCGCGACG-1,1
ATAATAGCTGTTGAAT-1,1
ATAATCTTGGAGAACC-1,1
ATAATTAGCTAAGTAG-1,1
ATACAGGCCCTCCAAT-1,1
ATACCAGCAAATTGCT-1,1
ATACCAGGCTAATAGA-1,1
ATACCAGGTGAGCGAT-1,1
ATACCGTCATCCATAA-1,1
ATACCTAACCAAGAAA-1,1
ATACGACAGATGGGTA-1,1
ATACGCCGATCTACCG-1,
ATACGCCGGCGAAACC-1,1
ATACGGAACGTCGTTT-1,1
ATACGGGTTTCGATTG-1,1
ATACGTACTTAGCCAC-1,1
ATACGTCCACTCCTGT-1,1
ATACGTTATGCACGGA-1,1
ATACTACCCGTACCAC-1,1
ATACTAGCATGACCCT-1,1
ATACTGCCTTACACCG-1,1
ATAGACAACGGGACCT-1,1
ATAGACGAAGAGAAAG-1,1
ATAGAGTTATCAACTT-1,1
ATAGATTTGCAGTCGG-1,
ATAGCAACTAGGGAAG-1,1
ATAGGAATCTAAGCTT-1,1
ATAGGCGGCTATAGAA-1,1
ATAGGCTAGCTTCGCA-1,
ATAGGGATATCCTTGA-1,1
ATAGGTTGGGCAGATG-1,1
ATAGTCTTTGACGTGC-1,1
ATAGTGAAGCGTTCTC-1,1
ATATAAAGCGCTCGTG-1,1
ATATAAATGTAGCTGC-1,1
ATATAACACGGGCGCA-1,1
ATATACGCTCGTGACG-1,1
ATATAGAGTATTGGTC-1,1
ATATCAATTCCAGCCT-1,1
ATATCGTGCCAGACCC-1,1
ATATCGTTCCTCGAAC-1,1
ATATCTCCCTCGTTAA-1,1
ATATCTTAGGGCCTTC-1,1
ATATGGGATAGCAACT-1,
ATATGTGCACAAACCA-1,1
ATATTCAGTTAAACCT-1,1
ATATTCCACATAGTGA-1,1
ATATTCCCACAGGTCA-1,1
ATATTGGAGAGGCCTT-1,1
ATATTTAACCCTCAAG-1,1
ATCAAACACTGTTCCA-1,1
ATCAAACGAAGGTTTG-1,1
ATCAAGATCCCAGGAC-1,
ATCAATCTGGGCTGCA-1,1
ATCAATGCCGTGGCTG-1,1
ATCACATTAGAATATC-1,1
ATCACGTGCTAATTAA-1,
ATCACTTCATCCTCGC-1,1
ATCAGACGGCACGCCG-1,1
ATCAGCCTCATGCTGC-1,1
ATCAGCTCGTCCACTA-1,1
ATCAGGTCGCCATTGC-1,1
ATCAGTAGGCAGGGAT-1,1
ATCATAGATCGACGAG-1,1
ATCATAGCCCTATGTA-1,
ATCATCCAATATTTGT-1,1
ATCATCTGCCCAGTGT-1,1
ATCATGGACTACCGAC-1,
ATCATTGTACCGCATT-1,
ATCCACATCGACAGAA-1,1
ATCCACGCTAAATGTT-1,1
ATCCACTTTCAGACTA-1,1
ATCCAGAGCAACAACC-1,1
ATCCAGGATTCGTGAA-1,1
ATCCCATCCACAGCGC-1,1
ATCCCATTTCCGTGGG-1,
ATCCTACCTAAGCTCT-1,1
ATCCTGCGTGGAATGG-1,1
ATCCTTCTGAAAGAAC-1,1
ATCGACCCAATACAGA-1,1
ATCGACTCTTTCCGTT-1,1
ATCGCCAGTCAACATT-1,1
ATCGCTGCGTGCAGCA-1,1
ATCGGAGACAGACGGC-1,1
ATCGGCAAGCAGTCCA-1,1
ATCGTGGAAAGTCTGG-1,1
ATCGTTAGCTAGCGGA-1,1
ATCGTTCACTTTCGCC-1,1
ATCTAATATCCTACGG-1,1
ATCTAGCTTGTGAGGG-1,1
ATCTCATAAACCTACC-1,1
ATCTCCCACGGAATAT-1,1
ATCTCCCTGCAATCTA-1,1
ATCTCGTGAGCGAAAC-1,
ATCTGACATGGAAGGA-1,1
ATCTGCACCTCTGCGA-1,1
ATCTGCTGTTATCGCC-1,
ATCTGGGCTGTTCTTG-1,1
ATCTGGTTAAGACTGT-1,1
ATCTGTAATTGTACCC-1,1
ATCTTAGGGCATTAAT-1,1
ATCTTATCGCACACCC-1,1
ATCTTTCGTATAACCA-1,1
ATGACGCCGGCTCTAA-1,1
ATGACGCGTTCTATCC-1,1
ATGACTATCAGCTGTG-1,1
ATGACTATGCGACATT-1,1
ATGAGGGCAGCGGCTA-1,1
ATGATCGGGAATAGAC-1,1
ATGATGCAATGGTACA-1,1
ATGCACGCGCTGTTCA-1,1
ATGCATGATCCAGGAT-1,1
ATGCCAATCGCTCTGC-1,1
ATGCCATTTGCGACCA-1,1
ATGCCGGTCTTGCATA-1,1
ATGCCGGTTGATGGGA-1,1
ATGCGACAATTGGTCC-1,1
ATGCGACAGTCCCATT-1,1
ATGCGAGTCCCACCAC-1,1
ATGCTCTGGCGCGGTA-1,1
ATGCTTAGGAGTTGAT-1,1
ATGGAAATTTAAGGAG-1,1
ATGGAACAGAATAAAC-1,1
ATGGACTGCTTAGTTG-1,1
ATGGAGCAGGCCGTGA-1,1
ATGGATCCGGCGTCCG-1,1
ATGGATTGACCAAACG-1,1
ATGGCAGCATTACGAT-1,1
ATGGCTGGAAATGGCC-1,1
ATGGGAACGGAAGCGG-1,1
ATGGGACCTGCTGAAC-1,1
ATGGGCCTCGGCCTCT-1,1
ATGGGTGTATACCTCC-1,1
ATGGTATTGGGAACCG-1,1
ATGGTATTTACTGATT-1,1
ATGGTCGCGTGGTTTC-1,1
ATGGTGCTCAAAGCCA-1,1
ATGGTTACGAAACATG-1,1
ATGTACATGCGGTGAG-1,1
ATGTACGATGACGTCG-1,1
ATGTCTTGTTTGACTC-1,1
ATGTGAAAGCCTAATG-1,1
ATGTGGACATCTTGAT-1,1
ATGTGTAGTTTAGTCA-1,1
ATGTTGTAGTCTGTTT-1,
ATGTTTGTAAGATCAT-1,1
ATTAAACATGCGGACC-1,1
ATTAATACTACGCGGG-1,1
ATTAATGAACCAGTCG-1,1
ATTAATTCGGTCACTC-1,
ATTACAACTACCGGCC-1,1
ATTACATGTCAGTCTT-1,1
ATTACCACACTGCCTG-1,1
ATTACGACTCCACAGT-1,1
ATTACGGGCTACGGTT-1,1
ATTACTTACTGGGCAT-1,1
ATTAGATTCCTCAGCA-1,1
ATTAGGCGATGCTTTC-1,1
ATTATACTTTGCTCGT-1,1
ATTATCGGAATGTACG-1,
ATTATCTCGACAGATC-1,1
ATTATGAGACCCAATT-1,1
ATTATGCTCAGTATTG-1,1
ATTATTATGTCCGTCA-1,1
ATTATTCAGAGTCACT-1,1
ATTCAACCATTTAAGG-1,1
ATTCACTGATGTTGGA-1,1
ATTCAGATGAATCCCT-1,1
ATTCAGGACCTATTTC-1,1
ATTCAGGATCGCCTCT-1,1
ATTCATATACTGTCCA-1,1
ATTCATCGTTGAGGCA-1,1
ATTCCCGAAGGTACAG-1,1
ATTCCTAAGACGTGGA-1,1
ATTCGCGCCTTGAGAG-1,1
ATTCGTGCTATCTCTT-1,1
ATTCTCGTCTCTTTAG-1,1
ATTCTGAGTATGAACT-1,1
ATTCTTCGTACTTATG-1,1
ATTGAAGATCTTAGTG-1,
ATTGACCGGCGATGAC-1,1
ATTGACGTAACTCGGT-1,1
ATTGATCACCACATTT-1,1
ATTGCCTATTAGACCG-1,1
ATTGCCTTTATGTTTG-1,1
ATTGCGATCAGTAACT-1,1
ATTGGATTACAGCGTA-1,1
ATTGGGAATATCTTGG-1,1
ATTGGGAGTTCTGTAA-1,1
ATTGGTTGTGCATTAC-1,
ATTGTCGCAATACCTT-1,1
ATTGTCTGTTTCATGT-1,
ATTGTGACTTCGCTGC-1,1
ATTGTTCAACGATCCG-1,1
ATTTAACTCGTATTAC-1,1
ATTTCATTATTTCGCG-1,1
ATTTCCGGGTTCTGCG-1,1
ATTTGCCTAGTTACGA-1,1
ATTTGCGCGAGTAGCT-1,1
ATTTGGAGATTGCGGT-1,1
ATTTGTTCCAGGGCTC-1,1
CAAACGAGTATCGCAG-1,1
CAAACGTGGTCTTGCG-1,1
CAAACTACGATAGAGA-1,1
CAAACTATTGAGCTTC-1,1
CAAACTCGCGACGCCG-1,1
CAAAGATTATTGGGCC-1,1
CAAAGGTCATCTGAAA-1,1
CAAAGGTTAAATTCAG-1,1
CAAATGCGGAGTGTTC-1,1
CAAATGTCCTTCCGTG-1,1
CAAATTGGATTATGCC-1,1
CAAATTGTCAGCAAGC-1,
CAACAGAATAACGCTA-1,1
CAACAGTGCCAAACGG-1,1
CAACCAGTGGCCTACC-1,1
CAACCTACCGAGCAGT-1,1
CAACCTGAACCTGCCA-1,1
CAACGCGATGAGCCAA-1,1
CAACGTGGTGGAGTCT-1,1
CAACTATATCGAATGC-1,1
CAACTCCAACGTTTAG-1,1
CAACTCCGTAACTTGC-1,1
CAACTGAGGGTATGAC-1,1
CAACTGCTCATCCGAT-1,1
CAAGAAACCCTAAACT-1,1
CAAGAGGGCGGAGTAC-1,1
CAAGATATTATAACGT-1,1
CAAGCACCAAATGCCT-1,1
CAAGCGGCACATAATT-1,1
CAAGGATCGCATGTTC-1,1
CAAGGCCAGTGGTGCA-1,1
CAAGTAAGTGATAGAC-1,
CAAGTGAACTTTGGTT-1,1
CAATAAACCTTGGCCC-1,1
CAATACGAGAGTCTGA-1,1
CAATATGTAGATTTAC-1,1
CAATATTCTTGACCTA-1,
CAATCCATTATCCGTT-1,1
CAATCCCTATACCAGC-1,1
CAATGACCCTTAATTT-1,1
CAATGCGAGAAGTATC-1,1
CAATGGAATCTACATA-1,1
CAATGGATCTCTACCA-1,1
CAATGGTCGGCCTGGG-1,1
CAATTAAGGGTGATGA-1,1
CAATTTCGTATAAGGG-1,1
CACAAGAAAGATATTA-1,1
CACAAGCTAAGAAAGG-1,1
CACAATGAGCTGCTAT-1,1
CACACACGCTAACGAG-1,1
CACACAGCTTGCGCTC-1,1
CACACGTTTCAATGGG-1,1
CACACTTGTATTGCGA-1,1
CACAGAGACGAGGACG-1,1
CACAGCACCCACGGCA-1,1
CACAGCTAGGGAGTGA-1,1
CACAGGGCCATATAGT-1,1
CACAGGGCCGTTGTCA-1,1
CACAGTCCCGCTTCGC-1,1
CACAGTTCGCTTCCCA-1,1
CACATAAGGCGACCGT-1,1
CACATATTAGCAGGAT-1,1
CACATCGTGCACGCGC-1,1
CACATCTCACCGACGA-1,1
CACATGATTCAGCAAC-1,1
CACATTCTTTCGATGG-1,1
CACATTTCTTGTCAGA-1,1
CACCAGTCAGCATGCA-1,1
CACCATCGGAGGAGAC-1,1
CACCATGATCGCAAAG-1,1
CACCCACGAGGCAATT-1,
CACCCGGTTTGTGACT-1,
CACCCTAACAAGATCT-1,1
CACCCTTGGTGAGACC-1,1
CACCGATACACCGAGC-1,1
CACCGCCAGAAGGTTT-1,1
CACCGCCGACCAGCGA-1,
CACCGCGTCCACTCTA-1,1
CACCGGAGATATCTCC-1,1
CACCGGTAGAGACATT-1,1
CACCGTATCCCATCCG-1,1
CACCGTTAGGGATCAC-1,1
CACCGTTGCGCGATAT-1,1
CACCTAATCAGTTTAC-1,1
CACCTCGATGGTGGAC-1,1
CACCTCTACGAGTGTG-1,1
CACCTTGCGAAACTCG-1,1
CACGACCACAGACTTT-1,1
CACGACGTAATAGTAA-1,1
CACGAGCAAACCAGAC-1,1
CACGATTGGTCGTTAA-1,1
CACGCACAGCGCAGCT-1,1
CACGCAGCGAGGCTTT-1,1
CACGGACGTGGATGGC-1,1
CACGGCGCGCCAAAGG-1,1
CACGTCAATCAATGGA-1,1
CACGTCGGCAACCTCT-1,1
CACGTCTATGATGTGG-1,1
CACGTTCGTGCTCTAG-1,1
CACGTTTCGTACACAC-1,1
CACTAAAGTTGCCTAT-1,1
CACTACGGGAGCTGCC-1,1
CACTACTCAGTTCTGT-1,
CACTCAAGAGCTATGG-1,1
CACTCAGCTCTTGAGG-1,1
CACTCCTATGTAAGAT-1,1
CACTCCTCTCGGTCGG-1,1
CACTCGAGCTGAACAA-1,1
CACTCTCAAGCATCGA-1,
CACTCTTCTGCTAGCC-1,
CACTGACGATTGTGGA-1,
CACTTAATCAGACGGA-1,1
CAGAACTTAGCCCTCT-1,1
CAGAATAACACACGGA-1,1
CAGAATATTCGTTATC-1,1
CAGACACCGATCGCTG-1,1
CAGACCTGTAAGTGTT-1,1
CAGACGAACCTGATAC-1,1
CAGAGACGGTCACCCA-1,1
CAGAGCATGAGCTTGC-1,1
CAGAGGCGATGCATGA-1,
CAGAGTGATTTAACGT-1,1
CAGATAATGGGCGGGT-1,1
CAGATATGAAGATGAC-1,1
CAGATCATTTAAAGTC-1,1
CAGATCCTGGTTTGAA-1,1
CAGCAGCCCGTTCCTT-1,1
CAGCAGTCCAGACTAT-1,1
CAGCAGTCTGTGCTGC-1,1
CAGCCCTCACAGGCAG-1,1
CAGCCGGGCCCTCTAT-1,1
CAGCCTCCTGCAGAGG-1,1
CAGCCTCGATAGCGGT-1,1
CAGCCTCTCCTCAAGA-1,1
CAGCGATTCCCTTCAA-1,
CAGCTCACTGAGACAT-1,1
CAGCTCGACAAGTTAA-1,1
CAGCTCTGGGCTCACT-1,1
CAGCTGGCGTAACCGT-1,1
CAGGAAGACTTTATAT-1,1
CAGGATATATCGTTGT-1,1
CAGGCAGTCTTACCAG-1,
CAGGCCAGTACCACCT-1,1
CAGGCCGTTTGGGTGT-1,1
CAGGCGCACGGTGGTC-1,1
CAGGCGCCATGCTAGG-1,1
CAGGGAGATAGGCCAG-1,1
CAGTAACTATTTATTG-1,1
CAGTAAGGGACGTCTC-1,1
CAGTACATTCTCTAAA-1,1
CAGTACCAGTTTACGT-1,1
CAGTAGCCCACGCGGT-1,1
CAGTAGCGAGGTAGTA-1,1
CAGTCCAACGCCTTCT-1,1
CAGTCGAGGATGCAAT-1,1
CAGTCTCTCGGCTAAT-1,1
CAGTCTGTATACTGGG-1,1
CAGTGAATAAATGACT-1,1
CAGTGTCGGCTGGCCC-1,1
CAGTGTTAATCTCTCA-1,1
CAGTTCAAATTGACAC-1,1
CAGTTCGAGGACCCGA-1,
CATAAGAAGCTTGGCT-1,1
CATACACAAAGTCAGC-1,1
CATACACGGTTCCCAC-1,1
CATACGAACTAGCTGG-1,1
CATACGGCGTCTGGGC-1,1
CATACTATGTAATTGT-1,1
CATACTTCTTTCTCCG-1,
CATAGCGTTGCCCACC-1,
CATAGGGACACTTGTG-1,
CATAGTACATTGAGAG-1,1
CATAGTCAAATACATA-1,1
CATAGTCCACAAGAAC-1,1
CATATACTACTGATAA-1,1
CATATAGGTACAGTCA-1,1
CATATGTCAGGCTACG-1,1
CATATTATTTGCCCTA-1,1
CATCAAACTGGCGCCC-1,1
CATCATCTACCCGGAC-1,
CATCATTACCCTGAGG-1,1
CATCCAATATAGTTTG-1,1
CATCCCGAGATTCATA-1,1
CATCCTCTCAAAGATC-1,1
CATCGGACGGGTTAAT-1,1
CATCTACCCGAGAACG-1,1
CATCTAGTGAAGGGAA-1,1
CATCTATCCCGTGTCT-1,1
CATGAACCTCTTATCA-1,1
CATGAGATGCACTCTC-1,1
CATGAGTCCATCACGG-1,1
CATGATCGCTTTGAGA-1,1
CATGATGCACAATTCT-1,1
CATGATGGAAGTTAGC-1,1
CATGCACATGAGAGGC-1,1
CATGCACGTGTTACTG-1,1
CATGCATGGAGACCCT-1,1
CATGCGACCAGTTTAA-1,1
CATGCGTTAGACAGAA-1,1
CATGCGTTGAGAGGAG-1,1
CATGCTGGCTCCAATT-1,1
CATGGAAATGGGACCA-1,1
CATGGATTGTCTTCCG-1,1
CATGGCAGGAAGATCG-1,1
CATGGGTATGCCTTAT-1,1
CATGGGTCGGGTGTGG-1,1
CATGGTAAGTAGCGTT-1,1
CATGGTATTAGTTTGT-1,1
CATGGTCTAGATACCG-1,1
CATGGTTTATTAATCA-1,1
CATGTAAGAGACATTT-1,1
CATGTAGGAGCGCCAA-1,1
CATGTCTCATTTATGG-1,1
CATTACATAGATTGTG-1,1
CATTACGCAGGAAGGG-1,1
CATTACGTCGGCCCGT-1,1
CATTATAACAGGGTCC-1,1
CATTATCCCATTAACG-1,1
CATTATGCTTGTTGTG-1,1
CATTCACTGACAGCTA-1,1
CATTCGTCGTAGCGGT-1,1
CATTGATGAACACGCC-1,1
CATTGCAAAGCATAAT-1,1
CATTGCGGGTCAATTC-1,
CATTTAGCGGACCATG-1,1
CATTTATCGTTCAAGA-1,1
CATTTGAGTGGTACGT-1,1
CCAAAGTCCCGCTAAC-1,1
CCAAATAACAAGATTC-1,1
CCAAATCAAAGGGCAA-1,1
CCAACCTTATGTAACT-1,
CCAACGCTTGCCAGGG-1,1
CCAACTTGATAGATCC-1,1
CCAAGAAAGTGGGCGA-1,1
CCAAGACTTCTGCGAA-1,1
CCAAGCGTAACTCGTA-1,1
CCAATCGGTAGATCGA-1,1
CCAATGTCACAGCAAG-1,1
CCAATTACGGGTCGAG-1,1
CCACAATGTACGTCTT-1,
CCACACTGAGATATTA-1,1
CCACAGTACCCATCCT-1,1
CCACATACTGCACCCA-1,1
CCACCAACTTTACTGT-1,
CCACCCAAGGAAAGTG-1,1
CCACCTGTATGGAATA-1,1
CCACGAATTTAACCTC-1,1
CCACGAGAAGAGAATC-1,1
CCACGGAGCCATAAGA-1,1
CCACGGCAGGTGTAGG-1,1
CCACTGTTTGGATTAA-1,1
CCAGAAACTGATGCGA-1,1
CCAGAAAGCAACTCAT-1,1
CCAGATAGTTGAGTGA-1,1
CCAGATGTAAATGGGT-1,1
CCAGCCTGGACCAATA-1,1
CCAGCTCGAACGCATT-1,1
CCAGGCGAGATGGTCT-1,1
CCAGGCTGGCGTCTGA-1,1
CCAGTAGTCTGATCCA-1,1
CCAGTCTAGACGGCGC-1,1
CCAGTCTTGTCATAGA-1,1
CCAGTGTACAGACCGA-1,1
CCATAAACAACCCGAC-1,1
CCATACCTTTACTTGT-1,1
CCATAGAGGCTGCCAG-1,1
CCATAGGTTGGCGTGG-1,1
CCATATGGAAACTATA-1,1
CCATCATAAGAACAGG-1,1
CCATCGCAGTTAAACT-1,1
CCATGCCCTAGATTTC-1,1
CCATGCCTGTTTAGTA-1,1
CCATGGCAAACGCTCA-1,1
CCATGTTCATCTATAT-1,1
CCATTAGCGATAATCC-1,1
CCATTTCTACCTATTA-1,1
CCCAACATACGTCGCG-1,1
CCCAACCACACTAACA-1,1
CCCAAGAATGCACGGT-1,1
CCCAATGAGATTTGCA-1,1
CCCAGAGGAGGGCGTA-1,1
CCCAGATTCCCGTGAC-1,1
CCCAGGTCTGAAGGCT-1,1
CCCAGTAAACTTGGGA-1,1
CCCAGTTAAGGCGCCG-1,1
CCCATATAGGTCGATT-1,1
CCCGACCATAGTCCGC-1,1
CCCGAGTTTCTCCGTA-1,1
CCCGCAGCGCGAACTA-1,1
CCCGCAGGGCCCAAAG-1,1
CCCGCTAGAGGGTTAA-1,1
CCCGCTTGCCCTCGTC-1,1
CCCGGGTCGTTCAGGG-1,
CCCGGTGTATCGGAAT-1,1
CCCGTAGCTGGGAAGA-1,
CCCGTTTCGCAGATGT-1,1
CCCTATGTAGAGCAGA-1,1
CCCTCAGATCGAGAAC-1,1
CCCTCATCACAGAGTA-1,1
CCCTCCTCGCTCGTAT-1,1
CCCTCGATAATACACA-1,1
CCCTCGGGAGCCTTGT-1,1
CCCTGGTATGGGCGGC-1,
CCCTTCTCGTACGCGA-1,1
CCCTTTAATGGAGTTC-1,1
CCCTTTGACAGGTCTT-1,1
CCGAACCTTCCCGGCC-1,1
CCGAAGCATTGACCAA-1,1
CCGACAATAGGCCGCC-1,1
CCGACGGGCATGAGGT-1,1
CCGACGTAAACACAAC-1,1
CCGACTCGCATAGTCT-1,1
CCGAGAAGTCGCATAA-1,1
CCGAGCTGTGCTTGTC-1,1
CCGAGGGATGTTAGGC-1,1
CCGATATGACGTAAGG-1,1
CCGATCTTAAGAGGCT-1,1
CCGATTGGTCAATGAA-1,1
CCGCACAAAGACCAAC-1,1
CCGCACACGAACGTGT-1,1
CCGCACTTGCAATGAC-1,1
CCGCATGTGGTACGAT-1,1
CCGCCACCACAATCCA-1,1
CCGCCGGAACTTCTCG-1,1
CCGCCGGTCAACACAC-1,1
CCGCCGTTGAGGATAA-1,1
CCGCCTGCGAATTGGT-1,1
CCGCGCAAGATACCCA-1,
CCGCGGAATGCGTCAC-1,
CCGCTATCAGCACCAG-1,1
CCGCTCCGGATAAGCT-1,1
CCGCTCTTCCGAACTA-1,
CCGCTGGTGCCATTCA-1,
CCGCTTACCTCACTCT-1,
CCGCTTCGCGGTTAAC-1,1
CCGCTTGCTGACATGG-1,1
CCGGAAGTGCAATATG-1,1
CCGGAAGTTATCAGTC-1,1
CCGGAATGGTTTCAGT-1,1
CCGGAGCGTACTTTCT-1,1
CCGGAGGTCTTATGGT-1,1
CCGGCCGCGAGCATAT-1,1
CCGGCGCATATTGGAT-1,1
CCGGGACCCGCAGAGA-1,1
CCGGGCGGTCTCGTCA-1,1
CCGGGCTAAGAATTTC-1,1
CCGGTTTGTAATTGTG-1,
CCGTAAGTTGGTCCCA-1,1
CCGTAGGAAATCCCTG-1,1
CCGTAGGGTTGTTTAC-1,1
CCGTATCTCGTCGTAG-1,1
CCGTATTAGCGCAGTT-1,1
CCGTCAACCTCTGGCG-1,1
CCGTGCCCATGACGGC-1,1
CCGTGGAACGATCCAA-1,1
CCGTGTTAAATTCCAT-1,1
CCGTTACGTTAGAACA-1,1
CCTAAACAGGGTCCGT-1,1
CCTAAAGGCTGACGCT-1,1
CCTAAATTAACGGTTC-1,1
CCTAAATTGTATCCTA-1,1
CCTAACCCAAACAAGT-1,1
CCTAACTAAGGCTCTA-1,1
CCTACAAGTCCGGAAT-1,1
CCTACATTCACAGACG-1,1
CCTACGCGACCTTACA-1,1
CCTACTCAACACGATT-1,1
CCTACTGCGGCGGCCA-1,1
CCTAGGTAAAGGTAGC-1,1
CCTAGTTAGTCGCATG-1,1
CCTATAATGAGTGCCC-1,1
CCTATACCGTCCTGTC-1,
CCTATATCGTGTCACG-1,1
CCTATATTTGTCCTGG-1,
CCTATCTATATCGGAA-1,1
CCTATGGCTCCTAGTG-1,1
CCTATGGGTTACCGTC-1,1
CCTATGGTCAAAGCTG-1,1
CCTATGTCCACTCCAC-1,1
CCTATTATTCCGGCCG-1,1
CCTCACCTGAGGGAGC-1,1
CCTCACCTTAGCATCG-1,1
CCTCACGTCAGCTAAT-1,1
CCTCCCGACAATCCCT-1,
CCTCCTAGCTAGAGTC-1,1
CCTCCTGTTGTGTCGT-1,1
CCTCGAAGTGGACGGG-1,1
CCTCGACCCACTGCCT-1,1
CCTCGCCAGCAAATTA-1,1
CCTCGCGCGATATAGG-1,1
CCTCGCGCTGTGCGAT-1,1
CCTCGGTTTCCTTGCC-1,1
CCTCGTTACGCCTGTT-1,1
CCTCTAATCTGCCAAG-1,1
CCTCTACAAGGATTGG-1,1
CCTCTATCGATTAGCA-1,1
CCTCTGGCCTAGACGG-1,1
CCTCTGTACTATTCTA-1,1
CCTGAATATTTACATA-1,1
CCTGACCACCGATGGT-1,1
CCTGACGCAACCTTTA-1,1
CCTGAGAATAAATGCA-1,1
CCTGGCTAGACCCGCC-1,1
CCTGGTCGAATGTGGG-1,1
CCTGTCACCCGGGCTC-1,1
CCTGTCGCCCGTAAAT-1,1
CCTGTCGTGTATGAAG-1,1
CCTGTGCGGATTGTAA-1,1
CCTGTTCAACCTCGGG-1,
CCTGTTTGAAGACACG-1,1
CCTTCAGTTAAAGTGA-1,1
CCTTCCGCAACGCTGC-1,1
CCTTCGTATAGAATCC-1,1
CCTTCTTGATCCAGTG-1,1
CCTTGACCACTTTATT-1,1
CCTTGTGAACGTGGTT-1,1
CCTTTAAGGGAGCACT-1,1
CCTTTCAATGAAGAAA-1,1
CCTTTGAATTATGGCT-1,1
CGAAACATAGATGGCA-1,1
CGAAACGCAATTCATG-1,1
CGAACAGTATGGGCGT-1,1
CGAACATAGTCAGAAA-1,1
CGAACCCGCATGCGTC-1,1
CGAACCTCTTTCCTAG-1,1
CGAACGCCCAGTGCCG-1,1
CGAACGGCCGGACAAC-1,1
CGAAGACTGCCCGGGA-1,1
CGAAGCCACAGCATGG-1,1
CGAAGCTATAAATTCA-1,1
CGAAGGGTTTCAGATT-1,1
CGAATCTGCTCGACGC-1,1
CGAATGAAGTCATTGC-1,1
CGAATGACGCATAATG-1,1
CGAATGGTAGGTCGTC-1,1
CGAATTACATGGTGTT-1,1
CGACAATTTGATCTAA-1,1
CGACACCGCTTAAGGA-1,1
CGACACGCTCCGACAG-1,1
CGACATGCGATCTTCT-1,1
CGACCGTTGGTATTCG-1,1
CGACGCATCCGTACCT-1,1
CGACTCAGGATGTTAT-1,1
CGACTCGGTACACGGT-1,1
CGACTTGCCGGGAAAT-1,1
CGAGACCCTAGAGTGT-1,1
CGAGAGATGTGAACCT-1,1
CGAGAGCTTTCACTAC-1,
CGAGAGGGTAGCCGCG-1,1
CGAGATGTTGCCTATA-1,
CGAGATTTCGCTCGGG-1,1
CGAGCGTTGATCAGCC-1,1
CGAGCTGGGCTTTAGG-1,1
CGAGGAGCTTCCATAT-1,1
CGAGGCTAAATATGGC-1,1
CGAGGGACTGCGGTCG-1,1
CGAGGGTATCCAGGTG-1,1
CGAGTACTAAAGAGGA-1,1
CGAGTGAAGGTACCAG-1,1
CGAGTTCTGTCCCACC-1,1
CGATAACCAATTTGAG-1,1
CGATAATACTCAGGTT-1,1
CGATACCTCGCGGACA-1,1
CGATAGCGATACAGTG-1,1
CGATCCACCATTGTTG-1,1
CGATCCGACCCAGTGC-1,1
CGATCCTCGCAACATA-1,
CGATCTGTTGGAGGAC-1,1
CGATGGACCCTACGCC-1,1
CGATGTTGTTATCTAC-1,1
CGATTAAATATCTCCT-1,1
CGATTCGCCTGGCTGC-1,1
CGATTTGTCATTAATG-1,1
CGCAATTACTTTCGGT-1,1
CGCACGTCTGTTTATG-1,1
CGCAGAAACATTTGCG-1,1
CGCAGATCTTCACCCG-1,
CGCAGGCGATCCAAAC-1,1
CGCATCATGGCTTCAG-1,1
CGCATGGTGCGATGCT-1,1
CGCATTAGCTAATAGG-1,1
CGCCACAGGTCGCGAT-1,1
CGCCAGTAGTACCTTG-1,1
CGCCATCCGATTATGA-1,1
CGCCCAGCACGCCTAG-1,1
CGCCCAGCGTTTCACG-1,
CGCCCGCTTCCGTACA-1,1
CGCCCTAATTGTTCAA-1,1
CGCCCTTACATCCACC-1,1
CGCCGCGTTCTGAACG-1,1
CGCCGGTGTCGCAGTA-1,1
CGCCGTCTACCCATCG-1,1
CGCCGTTCAGCATAGT-1,1
CGCCTCCCTCCTCTAT-1,1
CGCCTTTAGCATGCTC-1,1
CGCGAAGTGGCATACT-1,1
CGCGACCGCGACAGAT-1,1
CGCGAGAGGGACTTGT-1,1
CGCGAGTCTGCCGGGT-1,1
CGCGCAAATGTCCAGA-1,1
CGCGCAAGGAACTACA-1,1
CGCGCATGTTTGATTG-1,1
CGCGCCCGACTTAATA-1,1
CGCGGGAATTAGGCAG-1,1
CGCGGTACGGTATACA-1,1
CGCGGTCACAAACCAA-1,1
CGCGTACATTCTGGAA-1,1
CGCGTCATATTAAACC-1,1
CGCGTGGGCCTGTGTT-1,1
CGCTACGGGACATTTA-1,1
CGCTATTCTTAGGCTC-1,1
CGCTGGTGACTACCCT-1,1
CGCTGTGTGGATGTTG-1,1
CGCTTAGTATTGATAC-1,
CGCTTCGGTCTAAGAC-1,1
CGCTTGGACGGATAGA-1,1
CGCTTTCATACCGGTG-1,1
CGCTTTCTTGCATTCG-1,1
CGGAAAGAATCAAACG-1,1
CGGAAATTTCACATCC-1,1
CGGAACGTAAACATAG-1,1
CGGAGCAATTTAATCG-1,1
CGGAGCATGGCGATCC-1,1
CGGAGCTTATAACACC-1,1
CGGAGTCCTAACCTGG-1,1
CGGATCCTCAAGGACT-1,1
CGGATGAATGCTGTGA-1,1
CGGATTCTGCCTTATG-1,1
CGGCAAACATCGTGCG-1,1
CGGCAATAAGATCGCC-1,1
CGGCACCGTTAGCGCC-1,1
CGGCCACGCACAAAGT-1,1
CGGCCAGAGCGACCAT-1,
CGGCCCAGGTATATCC-1,1
CGGCGCCATCAATCCC-1,1
CGGCTCTAAAGCTGCA-1,1
CGGCTCTTCGTCGAAC-1,1
CGGCTGAAGGTTACGC-1,1
CGGCTGCAAGATTAAG-1,1
CGGCTTTGTATGATAA-1,1
CGGGAACGCCCTGCAT-1,1
CGGGAAGTACCGTGGC-1,1
CGGGAATATAGTATAC-1,1
CGGGAATTTATGTAAA-1,1
CGGGAGCTTCAGTGTA-1,1
CGGGCAGCTAAACCGC-1,1
CGGGCCTTCTTTGTAA-1,1
CGGGCTACTTAAATTG-1,1
CGGGTGTACCCATTTA-1,1
CGGGTTCGGCACGTAT-1,1
CGGGTTTGTTAGGGCT-1,1
CGGTACTAGAATCAAA-1,1
CGGTAGAGGTGCAGGT-1,1
CGGTATAGGTATTAGC-1,1
CGGTCAAGTGGGAACC-1,1
CGGTCAGTCCATATTT-1,1
CGGTCCATGAGACTCC-1,1
CGGTCCGTCGCAAGCC-1,
CGGTCTATCAACCCGT-1,1
CGGTGCAGATAGAACG-1,1
CGGTGCGCGTTGGTCC-1,1
CGGTGGGCTCCAGCCT-1,1
CGGTTATCCAACAGTG-1,1
CGGTTCAAGTAGGTGT-1,
CGGTTGAGTATCCTTC-1,1
CGGTTGGGTTCAAGTT-1,1
CGGTTTACTGAACATT-1,1
CGGTTTATGAAGGAAC-1,1
CGTAAAGCAAGAAATC-1,1
CGTAACGGAACGATCA-1,1
CGTAACTTCGACACTT-1,
CGTACCTGATAGGCCT-1,1
CGTAGCGAATTGTCAG-1,1
CGTAGCGCCGACGTTG-1,1
CGTATCTAGAACTAAG-1,1
CGTATTAAGAGATCTA-1,1
CGTATTGTTTCCTAAT-1,1
CGTATTGTTTGGCGCC-1,1
CGTCAAATGGTCGCAG-1,1
CGTCACGTCCATTGGT-1,1
CGTCAGTGCGCACAAG-1,1
CGTCAGTTTATCGTCT-1,1
CGTCGCATGTGAGCCA-1,1
CGTCGCTTGGTTATAC-1,1
CGTCGGGTCTAAGCGC-1,1
CGTCGTCCTTCGCGAA-1,1
CGTCTGGAAGGGCCCG-1,1
CGTCTTGAGTGTGACG-1,1
CGTGAAGTTAATTCAC-1,1
CGTGACATTGGGTCGT-1,1
CGTGACCAGTCCTCTG-1,1
CGTGCAGACTGGGACA-1,1
CGTGCCCGACATTTGT-1,1
CGTGCCCTCCCGAAGA-1,1
CGTGCTTCTACCTAAA-1,1
CGTGGAAGCCTCGTAC-1,1
CGTGGCCGAATATCTA-1,1
CGTGGTACCCAAAGGC-1,
CGTGTATGGGAGCTGA-1,1
CGTGTCTCGTTACGAC-1,1
CGTTAAACTAGTTAGG-1,1
CGTTAATGTCCCGACG-1,1
CGTTAGCTCACAACTG-1,1
CGTTCAAGGAAACGGA-1,1
CGTTCAGACCCGCGAA-1,1
CGTTCATGGTGCGCGT-1,1
CGTTCTTCGCACACCT-1,1
CGTTGAATACCGCGCT-1,1
CGTTGAGCGACCGTCG-1,1
CGTTGAGTAATTGCGT-1,1
CGTTGCCCGCGTGGGA-1,
CGTTGTCGGCAATTGA-1,1
CGTTTAAGCGGAGCAC-1,1
CGTTTACAAGGCAGCT-1,1
CGTTTCACTTCGGGCG-1,1
CGTTTCGCTCATTACA-1,1
CGTTTGGTGTTGTGGG-1,1
CGTTTGTGTAGAGGGT-1,
CTAAAGGGAAATAGGA-1,1
CTAAATCCGGTGTACA-1,1
CTAAATCCTATTCCGG-1,1
CTAACAGCACAATAAC-1,1
CTAACGAAACTTGCTG-1,1
CTAACTGATAATCGCC-1,1
CTAACTGGTCCGGTTC-1,1
CTAAGGGAATGATTGG-1,1
CTAAGTACAGGGCTAC-1,1
CTAATTATGAAGCGTA-1,1
CTAATTCTCAGATATT-1,1
CTACAAGAAATAACCC-1,1
CTACACTAGCTTGTTC-1,1
CTACACTCGCAGATGG-1,1
CTACATATCGCGGGAC-1,1
CTACCCTAAGGTCATA-1,1
CTACGAACTAGGTCGA-1,
CTACGATCCTATCCTA-1,1
CTACGCACGGAGTACC-1,1
CTACGCCATTTCCGAT-1,1
CTACGTGTTGCCACCA-1,1
CTACTATCATAGGTTT-1,1
CTACTATCTTTCAGAG-1,1
CTACTCAAGGTATAGT-1,1
CTACTGCCACCTGACC-1,1
CTAGACATATATGTAG-1,1
CTAGACTGCATTTCGT-1,1
CTAGATTTACGACGGC-1,1
CTAGCAACTAATTTAC-1,
CTAGCATAGTATAATG-1,1
CTAGCCACAGGCGAGC-1,1
CTAGCCCGGGAGACGA-1,1
CTAGCCGATGTTATGA-1,1
CTAGCGCCAATCCTAC-1,1
CTAGCTTAATGGTCCC-1,1
CTAGGCGCCCTATCAG-1,1
CTAGGCGGCAGAGAAT-1,1
CTAGGGATAGGGACAA-1,1
CTAGGTTCGGACGTGA-1,1
CTAGTAGAAAGGGATT-1,1
CTAGTATTCGGAATTA-1,1
CTAGTCACGTCTTAAG-1,1
CTAGTTACAACCCGGT-1,1
CTAGTTGGGCCCGGTA-1,1
CTATAAGAGCCAATCG-1,1
CTATAAGTAGGGTTTG-1,1
CTATACTTAAAGCGAG-1,
CTATAGGCGTTGATGT-1,1
CTATATCCAGCCTGGC-1,1
CTATCGACGAAATACA-1,1
CTATCGCGTAGAGAAC-1,1
CTATCGGGTCTCAACA-1,1
CTATGAACACCTTGCC-1,1
CTATGCCCGAATGCAA-1,1
CTATGGGAAGCGGAAT-1,1
CTATGTCACTAGCCCA-1,1
CTATGTCTATTGAAAC-1,1
CTATTCATGTGTCCCA-1,1
CTATTGTGTTTGGTCA-1,1
CTATTTGCTTGGAGGA-1,1
CTCAAACCACTGCCCG-1,1
CTCAACTAACCCGGAT-1,
CTCAAGACATTAGCGC-1,1
CTCACACGCAAGCCTA-1,1
CTCACATTTACTAAAT-1,1
CTCACCGATCCAAACT-1,1
CTCACTGTGATACTTA-1,1
CTCAGAGCTAATGTCG-1,1
CTCAGCAGACTGCCGA-1,1
CTCAGTCACGACAAAT-1,1
CTCATAAATGTGTATA-1,
CTCATGGCTCACAATC-1,1
CTCATGGTAATTTGCG-1,1
CTCATTGCTCTAACAA-1,1
CTCATTTGATGGGCGG-1,1
CTCCCAATGAGTCGCG-1,1
CTCCCTCCTTTCGATC-1,1
CTCCGAGTAAATCCGC-1,1
CTCCGCCCACATGAGG-1,1
CTCCGGCCTAATATGC-1,1
CTCCTAGTAATCGTGA-1,1
CTCCTCCAGCTCACAC-1,1
CTCCTGTTCAAGGCAG-1,1
CTCCTTTACGCAAGTC-1,1
CTCGAATGGAACGTAT-1,1
CTCGAGACATACGATA-1,1
CTCGAGGCAAGTTTCA-1,1
CTCGAGGTCGAACAGT-1,1
CTCGATATTTGCGAGC-1,1
CTCGCACCTATATAGT-1,1
CTCGCATTGCATAGCC-1,1
CTCGCCGAATGTAGGG-1,1
CTCGGGCATCGTCGGG-1,1
CTCGGGTTCTCTGGCC-1,1
CTCGGTACCACTGCTC-1,1
CTCGGTTGTCGGCCCT-1,1
CTCGTCGAGGGCTCAT-1,1
CTCGTTACGGCTACCA-1,1
CTCGTTTCTAATGTTT-1,1
CTCTAATGCATTGATC-1,1
CTCTATTTGGCTGCAG-1,1
CTCTCACAATCGATGA-1,1
CTCTCGATGTGCGCCT-1,1
CTCTCTAACTGCCTAG-1,1
CTCTGCAGGCATTCTT-1,1
CTCTGCGAAGCAAGCA-1,1
CTCTGGACGCCTGGTG-1,1
CTCTGTTTGAGGATTC-1,1
CTCTTCTATTGACTGG-1,1
CTCTTCTGGAAGTTAG-1,1
CTCTTGTCCCGCTTGG-1,1
CTGAAACGGCCCTCAG-1,1
CTGAAAGAGATCCGAC-1,1
CTGAATCCGAGACCTC-1,1
CTGAATTTATTGCCAG-1,1
CTGACATAGAAATAGA-1,1
CTGACTGCGCAGCTCG-1,1
CTGAGAAAGTTCGGCG-1,
CTGAGAGTAGAAATAC-1,1
CTGATCCCTTTATGCA-1,1
CTGCAAATGGGCTCCA-1,1
CTGCAAGCACGTTCCG-1,1
CTGCACAACTACATAT-1,1
CTGCACTCCAGTACAG-1,1
CTGCAGAGAATCAGAG-1,1
CTGCCAAGGTTGGAAG-1,1
CTGCCATGCATCACAT-1,1
CTGCCTAGCCACCAAG-1,1
CTGCCTTTAATACCTT-1,1
CTGCCTTTCTAGTAAA-1,1
CTGCGATTTCGAGATT-1,1
CTGCGGTAGTCACGTG-1,1
CTGCGTTACGATATAA-1,1
CTGCTGAGGCCACGAA-1,1
CTGCTGTCTAACGAGC-1,1
CTGCTTGGCGATAGCT-1,1
CTGCTTTATGTCCGCG-1,1
CTGGAAATGGATGCTT-1,
CTGGAAGACACGGTGG-1,1
CTGGACGCAGTCCGGC-1,1
CTGGATTTACACTTGA-1,1
CTGGCATCCGAATGAG-1,1
CTGGCGACATAAGTCC-1,1
CTGGCGATTTACATGT-1,
CTGGCTCCTGCGGGAT-1,1
CTGGCTGATTCATCCT-1,1
CTGGCTGCTAACGTAA-1,1
CTGGCTGGTTGTCAGT-1,1
CTGGGATCGCCCAGAT-1,1
CTGGGCACTAGTCGGA-1,1
CTGGGCGGCCAAATGT-1,1
CTGGGCTATCCTTTGG-1,1
CTGGGTAGGCAGTTAA-1,1
CTGGGTTGAGTTAAAG-1,1
CTGGTAAAGTGTGGGC-1,1
CTGGTAACACATAGAA-1,1
CTGGTAACGAGCTCTT-1,1
CTGGTCCTAACTTGGC-1,1
CTGGTGAATGGGCCTA-1,1
CTGGTTCGCGAGCTAC-1,1
CTGGTTTCGAGCAAGA-1,1
CTGTACTTCTTAGCAT-1,1
CTGTAGCCATCTCACT-1,
CTGTAGTGAGGATCGA-1,1
CTGTCAAATGGCTCGG-1,1
CTGTCACGCCAGGCGC-1,1
CTGTGCAGGGTAGGTC-1,1
CTGTGGTCGGGAGATA-1,1
CTGTTACCCAATCTAG-1,1
CTGTTGTTCAGTCGTA-1,1
CTTAACTTCGAAGTAC-1,1
CTTACACGGTATTCCA-1,1
CTTAGCCTTCCACATG-1,1
CTTAGGTATAGACCAG-1,1
CTTAGGTCCCAATCGT-1,1
CTTAGTGTAGTAGCAT-1,1
CTTAGTTGAGGAATCG-1,1
CTTATAGATGGCTGTT-1,1
CTTCAACTCCACTTGG-1,1
CTTCACGCCCTGGTAC-1,1
CTTCAGTGGTCGCCTA-1,1
CTTCATTGTCAGTGGA-1,1
CTTCCGCTCCGTGAAG-1,1
CTTCCTGCATATTTAC-1,1
CTTCGGCCAATTGTTT-1,1
CTTCGTAGATAGGTGA-1,1
CTTCTATGTTGAAGTA-1,1
CTTCTATTAATGCTAG-1,
CTTCTGGGCGTACCTA-1,1
CTTCTTACGTCGTATA-1,1
CTTGACCCGAAAGATA-1,1
CTTGCCCAGGCTCTAC-1,1
CTTGGCCAAGCTGGGA-1,1
CTTGTCAACATTCGAG-1,1
CTTGTCGTACGTGTCA-1,
CTTGTGCTCACCGATT-1,1
CTTGTTGCTGAGTCAA-1,1
CTTTAACTTTCAAAGG-1,1
CTTTAATATTGGTCGA-1,1
CTTTACCGAATAGTAG-1,1
CTTTAGTGCTATTATT-1,1
CTTTCTGTGCGGGCTT-1,1
CTTTGAAACATATTCC-1,1
CTTTGCATCGCTCTTG-1,1
CTTTGCTGTCATGGAT-1,1
CTTTGGCAGACAGAGT-1,1
CTTTGGGATTGTTGCA-1,1
CTTTGTCGAATGCTCC-1,1
GAAACAGATGACCACC-1,1
GAAACAGCCATGCAGT-1,1
GAAACATAGGAAACAG-1,1
GAAACCGAATTACCTT-1,1
GAAACCTATACAAATG-1,1
GAAACTCTAATGAAGG-1,1
GAAAGAACAGCGTTAT-1,1
GAAAGCAGTGCACTTT-1,1
GAAATACCTGCTGGCT-1,1
GAAATATGCTTGAATG-1,1
GAAATCGCGCGCAACT-1,1
GAAATGGCGGTGTTAG-1,
GAAATTAGCACGGATA-1,1
GAAATTCACATCGCTG-1,1
GAAATTGTCTCTATAA-1,1
GAACAACTGGGATGAA-1,1
GAACAGATTACTAAAT-1,1
GAACCCTCTGTGTTCT-1,1
GAACCTTTAACGATCC-1,1
GAACGACCGAATGATA-1,1
GAACGATAAGTTAAAG-1,1
GAACGCGGGTCACACG-1,1
GAACGGTGTAAAGCAG-1,1
GAACGTCTCATGGTCG-1,1
GAACTGTGGAGAGACA-1,1
GAACTTAGCGCCCGGT-1,1
GAACTTGTGCACGGGA-1,1
GAAGAAACGATATTGT-1,1
GAAGACTTCAATGCCG-1,1
GAAGCCACTGATTATG-1,1
GAAGCCTGCACATTCC-1,1
GAAGCGTGAGGAATTT-1,1
GAAGCTCGGACCCGTC-1,1
GAAGGAGTCGAGTGCG-1,1
GAAGGCTACCATTGTT-1,1
GAAGTCAGTTGCACTA-1,1
GAAGTGATTTATCGTG-1,1
GAAGTGCTGGATAGCT-1,1
GAATAGACGCGACCCA-1,1
GAATAGCATTTAGGGT-1,
GAATAGCCCTGCGGTC-1,1
GAATAGTGCTCGATTA-1,1
GAATATTCGGAGTCCC-1,1
GAATCTATACTCGGAC-1,1
GAATCTGAACATTCTC-1,1
GAATGAAGGTCTTCAG-1,1
GAATGCGAATCGGTTC-1,1
GAATGTATGGCAGGTC-1,1
GAATGTGGTCCGGATT-1,1
GAATGTTGGGTAATCT-1,1
GAATTATAGTGAAAGG-1,1
GAATTATGCAACCTAC-1,1
GAATTCACCCGGGTGT-1,1
GACAACGACCATTGAA-1,1
GACAAGAGATGAGATT-1,1
GACACAAGGGAAGAAA-1,1
GACACAGCCGGGACTG-1,
GACACCCAAAGACGCG-1,1
GACACTGAGTTCAGTG-1,1
GACACTGGAACCCGAT-1,1
GACAGCCAGACCTGAC-1,1
GACATCCGTCGAACTG-1,1
GACATCGATTTATAAC-1,1
GACATTTCGCCCAGCC-1,1
GACCAAACGTTGACTG-1,1
GACCAGAGCCCTGTAG-1,1
GACCAGGTCATTCATA-1,1
GACCCAATTATGATAC-1,1
GACCCGTCGCCGGCTA-1,1
GACCGATTAAATATGT-1,1
GACCGCGTCTGACGTG-1,1
GACCGGTGATACTCTC-1,1
GACCGTCAGGTCGTGA-1,1
GACCGTGCTGACGGTG-1,1
GACCTTCCACGTCTAC-1,1
GACGACGATCCGCGTT-1,1
GACGAGGCTAATAAAC-1,1
GACGATATCACTGGGT-1,1
GACGCATACCCGTCGG-1,1
GACGCCGTAAAGGCTA-1,1
GACGCTTGCTTCTAAA-1,1
GACGGACCGCGTTCCT-1,1
GACGGGCATCGAATTT-1,1
GACGGGTTGGCCCGTA-1,1
GACGGTCAATAGAAGC-1,1
GACGGTCCTAGGGTGT-1,1
GACGTTCGTAAATACA-1,1
GACGTTGCTCGGCGGC-1,1
GACTAACACAGCACCT-1,1
GACTACAAAGCGGTGG-1,
GACTACAATTGCTCGT-1,1
GACTAGGCCGTTAGGT-1,1
GACTCCTTCCAATTGA-1,1
GACTCGCGGGAATGAC-1,1
GACTCGGTCGGCGGAT-1,1
GACTCTAGAGTTCCAA-1,1
GACTGATTGGTCACAA-1,1
GACTGCAAATCGAGCT-1,1
GACTGCACCAGCCCAG-1,1
GACTGCTGGTGAGAAA-1,1
GACTGGGCGCCGCAAC-1,1
GAGAAACTGGATCCCA-1,1
GAGAACGGTTCTGACT-1,1
GAGACCCTGCAACGCC-1,1
GAGACTGATGGGTAGA-1,1
GAGACTTCGCGACCGA-1,1
GAGAGGCCTATGTGTA-1,1
GAGAGGGCGCGAGGTT-1,1
GAGAGTCTCGGGAGAG-1,1
GAGATCGATCTTACTC-1,1
GAGATCTGTCACTCCG-1,1
GAGATCTTCCATGACA-1,1
GAGATGACAATCCTTA-1,1
GAGATGGGAGTCGACA-1,1
GAGCACCTGTGTCCAG-1,1
GAGCACGGCGCCTCTT-1,1
GAGCATCAACAACTTG-1,1
GAGCCACGGTAGTAGG-1,1
GAGCCAGCTACCTGTG-1,1
GAGCCGAGCGTTTATT-1,1
GAGCGAGGGAGTACCG-1,1
GAGCGCAAATACTCCG-1,1
GAGCGCGCACGAGTAG-1,1
GAGCGCTGTTAGGTAA-1,1
GAGCGGAATGCGGTGT-1,
GAGCTAAGGGCATATC-1,1
GAGCTGTCGTCTCGGA-1,1
GAGGAATATCTCTTTG-1,1
GAGGCATTTGCAGCAG-1,1
GAGGCCCGACTCCGCA-1,1
GAGGCCTGTTGATACA-1,1
GAGGGAGTCAGATCGC-1,
GAGGGCCATAATATTA-1,1
GAGGGCCGGCAGAGTC-1,1
GAGGGCGCAGCTCTGC-1,1
GAGGGTAGTAACAAAG-1,1
GAGGTACATCCATCTT-1,
GAGGTACGCGTGTCCC-1,1
GAGGTCCGTTCGCTGT-1,1
GAGGTCTTAGTGGGTC-1,1
GAGTAAACCGGAAAGT-1,1
GAGTAAGGCCACGGGA-1,1
GAGTAGATACTAGTTG-1,1
GAGTATACCCTAATCA-1,1
GAGTATCAAAGTTACA-1,1
GAGTATGCCCGCCTTG-1,1
GAGTATGCGCGTGCAT-1,1
GAGTCAGACCAGAATC-1,1
GAGTCCGCTTACCGGA-1,1
GAGTGCACGGACAACA-1,1
GAGTGTCAACCAGAAA-1,1
GAGTGTGCGGTACCCA-1,1
GAGTTCTGTGGGTGCT-1,1
GAGTTGATGGCAATTT-1,1
GAGTTGTCACCAGTCT-1,1
GATACCGTGTCGGAGT-1,1
GATACGATGGGAGTCA-1,1
GATAGAACCCGCTAGG-1,
GATAGATAGTACAGTC-1,1
GATAGGATTAATTACA-1,1
GATAGGTAACGTTGAC-1,1
GATAGGTGTCCCGGGC-1,1
GATAGTGCGAGTAAGT-1,
GATATCAAGCAGGAGC-1,1
GATATCTCATGCAATA-1,1
GATATGAGACACTAAC-1,1
GATATGCGGTAGCCAA-1,1
GATATTTCCTACATGG-1,1
GATCAACATAAAGGGA-1,1
GATCATTCCAAACATT-1,1
GATCCAACCTTTAAAC-1,1
GATCCCTTTATACTGC-1,1
GATCCGGGAATTAACA-1,1
GATCCTAAATCGGGAC-1,1
GATCCTCGACACTGGC-1,1
GATCCTCTTGCGCTTA-1,1
GATCGCGGGCTCTCCA-1,1
GATCGCTACCCGATTT-1,1
GATCGCTATATCTCAG-1,1
GATCGCTGTGGTGCGT-1,1
GATCGGTGGCCATAAC-1,1
GATCGTGACTGATATC-1,1
GATCTAACCGTATTCA-1,1
GATCTCGACGCTGTGG-1,1
GATCTGCTATCTAAGG-1,1
GATCTTAGTGAACGTG-1,1
GATCTTGGAGGGCATA-1,1
GATCTTTGCTCAAAGA-1,1
GATGACAAGTAGGGCA-1,1
GATGACGATGATCGCG-1,1
GATGAGGAACCTTCGG-1,1
GATGATTTGAAACTGG-1,1
GATGCCACACTACAGC-1,1
GATGCCTTCTGCGGCA-1,1
GATGCGTCCTGCATTC-1,1
GATGCTACCTTCGATG-1,
GATGCTGTATTTCATC-1,1
GATGGTGAAATAACCC-1,1
GATGGTGCCCTAGGCA-1,1
GATGTAACGAACCACC-1,1
GATGTCGGTCAACTGC-1,1
GATGTGTTGTCACAAG-1,1
GATGTTCAATCCACGA-1,1
GATTAACCGAAAGCCC-1,1
GATTAATCCTGGCTCA-1,1
GATTACTGAATTTGGG-1,1
GATTAGAAACAAGCGT-1,1
GATTCCCTTGTCGCAG-1,1
GATTCCGCGTTTCCGT-1,1
GATTCGACGGTTCACG-1,1
GATTGACACTCTGCTC-1,1
GATTGCTCCAGTTGCA-1,1
GATTGGGAAAGGTTGT-1,1
GCAAACCCTACATTAT-1,1
GCAAACCTTGGCCATA-1,1
GCAAACGTAAGCGACC-1,1
GCAAACGTCGCCAGGT-1,1
GCAAAGGGCGTTAGCC-1,1
GCAACAGCAGTATGCG-1,1
GCAACCACCAGACCGG-1,1
GCAACGGCTAGTTATG-1,1
GCAAGAATTCCTTGGC-1,1
GCAAGATGTGTTCGCG-1,1
GCAAGTGTAAAGCATG-1,
GCACAAACCCTAGATG-1,1
GCACAAACGAGGCGTG-1,1
GCACAACCTCGGGCGT-1,1
GCACAAGTGTCGGAAG-1,
GCACACACTGGTAGCC-1,1
GCACAGCACGGGCCGA-1,1
GCACCTAGGCGAGTCC-1,
GCACGCCTACTTAGAT-1,
GCACGTGGTTTACTTA-1,1
GCACTGCCTACCTTTA-1,1
GCAGAAACGTAATCCA-1,1
GCAGAAGGTAATCTCC-1,1
GCAGATCCATAAGACT-1,1
GCAGATTAGGGATATC-1,1
GCAGCACACAGCCCAG-1,1
GCAGCGGTGGGCATTA-1,1
GCAGCTATGGACAGGT-1,1
GCAGGAACTTAGATCT-1,1
GCAGGTAGAGTATGGT-1,1
GCAGTGCGGGCGGATG-1,1
GCAGTGTGGCTATAGG-1,1
GCAGTTCGATCCGAGC-1,1
GCATAGAGCACTCAGG-1,1
GCATCGGCCGTGTAGG-1,1
GCATGAGGGACGCGGC-1,1
GCATGCTAATAACGAT-1,1
GCCAACCATTTCCGGA-1,1
GCCAATAGGGCATCTC-1,1
GCCACAATTTAAGGAC-1,1
GCCACTCAGAGCGCGA-1,1
GCCACTCCTTACGGTA-1,1
GCCAGGAAAGAACACT-1,1
GCCAGGAGTAACCGAT-1,1
GCCAGGCGTTCGCATG-1,1
GCCATATTGCACACAG-1,1
GCCATCGAGCTGCGTG-1,
GCCATTAGCCTCAAAC-1,1
GCCCACTGGTCCACAA-1,1
GCCCATGGGTGCAATG-1,1
GCCCGACTTCTTCCCG-1,1
GCCCGAGAGTCTAAAT-1,
GCCCGATCTGTGGTCG-1,1
GCCCGATGCCCAGTTC-1,1
GCCCGCGCGTAAACGG-1,1
GCCCGTAATACCTTCT-1,1
GCCCGTTCACACAATT-1,1
GCCCTAGCCGTCGCGA-1,1
GCCCTGAGGATGGGCT-1,1
GCCGACCCACGACTGC-1,1
GCCGATTGGCCAAGCT-1,1
GCCGCACTCCGTTTCA-1,1
GCCGCTAGATACGCAG-1,1
GCCGGGTTAGGGTCGC-1,1
GCCGGTCGTATCTCTC-1,
GCCGGTTTGGGCGGAT-1,
GCCGTCGGTTTCGGGC-1,1
GCCTATAGTGTCAGGG-1,1
GCCTATCAGGTAAGAT-1,1
GCCTATGCTGGGCCTT-1,1
GCCTATTTGCTACACA-1,1
GCCTCAGGTACCGGTC-1,1
GCCTCCGACAATTCAC-1,1
GCCTCTATACATAGCA-1,1
GCCTGCTACACTGAGA-1,1
GCCTTTGTCAGTGGAC-1,1
GCGAAACGATCGGGAG-1,1
GCGAAACTTAACTGGA-1,1
GCGAAGAATCTGACGG-1,1
GCGAAGCCATACCCGT-1,1
GCGACCCAACCATCTG-1,1
GCGACGATAGTTGTAC-1,1
GCGAGAGGCCATGTAA-1,1
GCGAGGCCCGAGCAGA-1,1
GCGAGTTCTGCAAAGA-1,1
GCGATTCTGGAAGCAG-1,
GCGATTGTTAACGTTA-1,1
GCGCAAATATATTCAA-1,1
GCGCATCCAGTCAGCA-1,1
GCGCCGTTCCACGATA-1,1
GCGCCTCCCACTCCGA-1,1
GCGCGGTCTAGTAACT-1,1
GCGCGTCATTGGTACA-1,1
GCGCTAAGTATGCATG-1,1
GCGCTAATTGAATAGA-1,1
GCGCTATGCCGAGGCA-1,1
GCGCTCGATCACCTGT-1,
GCGCTGATCCAGACTC-1,1
GCGCTGCTTTGCATTT-1,1
GCGCTTAAATAATTGG-1,
GCGGACCGCGTTGTGG-1,
GCGGAGAAACTTCGCA-1,1
GCGGAGAGGGAGAACG-1,1
GCGGATTACTTGTTCT-1,
GCGGCAAAGTATTGCC-1,1
GCGGGCGAGCCTTACC-1,1
GCGGTCCCGGTGAAGG-1,1
GCGGTGAACTGCGCTC-1,1
GCGGTTCCCTATCATG-1,1
GCGTCCAGCTCGTGGC-1,1
GCGTCCCTAAGACATA-1,
GCGTCGAAATGTCGGT-1,1
GCGTCGCCAGGGTGAT-1,1
GCGTCTCTGCATTGGG-1,1
GCGTGTATGTCGTATT-1,1
GCGTTCGGAGACCGGG-1,1
GCGTTCTGACTAAGCG-1,1
GCTAACTGAAGTCTGA-1,1
GCTAAGCCCAGTATGC-1,
GCTAAGTAGTTTCTCT-1,1
GCTACAATCGAGGATA-1,
GCTACGACTTATTGGG-1,1
GCTACTATAGTAGAGT-1,1
GCTACTCGGACGCAGA-1,1
GCTAGAGTAGAGATGT-1,1
GCTAGCACCTGGGCCA-1,1
GCTAGCAGGGAGTGGG-1,1
GCTAGCGATAGGTCTT-1,1
GCTAGCTTGAATAGCT-1,
GCTAGGCACCACGGAG-1,1
GCTAGTAGAGCTTGTA-1,1
GCTATACGTCTCGGAC-1,1
GCTATCATACTCATGG-1,1
GCTCAATCCGTTTATT-1,1
GCTCAATGTAATACCG-1,1
GCTCATTACTGCATGT-1,1
GCTCCATGAGTGCAGA-1,1
GCTCCATGCAAAGCAA-1,
GCTCCCAGTCGGTCCA-1,1
GCTCCGCTCGCTTCAG-1,1
GCTCCGGACGTTGATA-1,1
GCTCCTGACATACTGG-1,1
GCTCGACCGAACTGAA-1,1
GCTCGGAATTTAAAGC-1,1
GCTCTCGGGTACCGAA-1,1
GCTCTTTCCGCTAGTG-1,
GCTGAAGGGTTCTTGG-1,1
GCTGAATCTTCCAATC-1,1
GCTGAGGCGTGAGTAT-1,1
GCTGCACGGTTTCTTA-1,1
GCTGCGAAGAATTATT-1,1
GCTGCTAAGTAGTCGA-1,1
GCTGCTACTGCGTAGC-1,1
GCTGCTCTCCGGACAC-1,1
GCTGGACCCAAAGTGG-1,1
GCTGGCGGCGCATGCT-1,1
GCTGGGAGCGCGTCAA-1,1
GCTGGTGACTCGTAGT-1,1
GCTGGTTTAGGCCATA-1,1
GCTGTATTACTGGCCC-1,
GCTGTCTGTGATCGAC-1,1
GCTTAATGTAACTAAC-1,1
GCTTAGGGAAGCGGTA-1,1
GCTTCAGTGGGATTAC-1,1
GCTTCCATGTAACCGC-1,
GCTTCCGTCCCTAGAC-1,1
GCTTCGACGTTCAATC-1,1
GCTTGAGTGACCTCTG-1,1
GCTTGCAGCACAATTG-1,1
GCTTGGATCGATTAGG-1,1
GCTTTCTATCTCAACT-1,1
GCTTTGCTGCCGGGTA-1,1
GGAAACAGAGCTTGGG-1,1
GGAAACCTTGTTGAAT-1,1
GGAAACTAAATGGGCC-1,1
GGAAAGTCTTGATTGT-1,1
GGAAAGTGCCCATGCC-1,1
GGAACCGTGTAAATTG-1,1
GGAACCTTGACTCTGC-1,1
GGAACTCGTGAATACG-1,1
GGAACTTTGGCGATTA-1,1
GGAAGATAAGACTGTA-1,1
GGAAGCTCGCTTACAG-1,1
GGAATAACCTCAAGAA-1,1
GGAATGCGCTAGCGTG-1,1
GGACAACCATGAAGCC-1,1
GGACAAGCCATGATCG-1,
GGACACAAGTTTACAC-1,1
GGACCAACAGGATAAC-1,1
GGACCTACGGTAACGT-1,1
GGACCTCTAGGCCGCC-1,1
GGACGGCTTGCGCAAC-1,1
GGACGGGCGACCAACC-1,1
GGACGTCCATAGTTGG-1,1
GGACTCACAAATTAGG-1,1
GGACTCGAAGCTTTCA-1,1
GGACTCGACAGCGCAT-1,
GGACTCGTGAGTGGTC-1,1
GGACTCTTCCGGTTGA-1,1
GGAGACCAATGTGCTT-1,1
GGAGACCATCTACATA-1,1
GGAGACGACACCTTTG-1,1
GGAGCAACATTTCAAG-1,1
GGAGCACCAAGAACTA-1,1
GGAGCGAGGCCTACTT-1,1
GGAGGATTGAAAGGAG-1,
GGAGGCGAAGAACCGC-1,1
GGAGGGCTTGGTTGGC-1,1
GGAGGGTCAAGTAAGA-1,1
GGAGTTGATTCTGTGT-1,1
GGATACTCATGAATTG-1,1
GGATCAAAGGACGAGG-1,1
GGATCATCCCGTACGC-1,1
GGATCTACCGTTCGTC-1,1
GGATCTTACTGCCCTT-1,1
GGATCTTGACTCAACC-1,1
GGATGAAGATCGCTGA-1,1
GGATGACGCGAGTTTA-1,1
GGATGGCTTGAAGTAT-1,1
GGATTAAGCTAAGGTC-1,1
GGATTCCGCTATACCC-1,1
GGATTGAAGTAGCCTC-1,1
GGATTGCTGTGACTCC-1,1
GGATTTCACTTCTATA-1,1
GGCAAAGGCGCCAATA-1,1
GGCAAATTACTTTACT-1,1
GGCAAGCCAGGGATAG-1,1
GGCAAGCCCATAGTGG-1,1
GGCAAGGCGAAATAGC-1,1
GGCAATAGTCAATGAG-1,1
GGCACGCTGCTACAGT-1,1
GGCACTCAGCCGACCC-1,1
GGCACTCCACTGGGCA-1,1
GGCAGCAAACCTATGC-1,1
GGCAGCGGTAATCCTA-1,1
GGCATATCGGTTCTGC-1,1
GGCATCAACGAGCACG-1,1
GGCCAATTGTATAGAC-1,1
GGCCCAATCTAGAGGG-1,1
GGCCCAGTTATCAGCA-1,1
GGCCCGTATACCATGC-1,1
GGCCGAGACTCTGGTG-1,1
GGCCGCAGGAACCGCA-1,1
GGCCGGCGTCTGCTAT-1,1
GGCCGTTTGGGTTTCA-1,1
GGCCTGCTTCTCCCGA-1,1
GGCGAAATCTAACTTG-1,1
GGCGCACAGTTTACCT-1,1
GGCGCATGAATTGATG-1,1
GGCGCGGAGATCTTTC-1,1
GGCGCGTTCGAGTTTA-1,1
GGCGCTTCATTCCCTG-1,1
GGCGGAGTAATATTAG-1,1
GGCGGGCTCTAAGAGT-1,
GGCGGTAGGATCATTG-1,1
GGCGTAGGGAAAGCTG-1,1
GGCTAAAGGGCGGGTC-1,1
GGCTAATGATTGAAAT-1,1
GGCTACTATACACTCC-1,
GGCTCCTCCACCTGTT-1,1
GGCTCGCGTTGAGGTA-1,1
GGCTCTGCTCCAACGC-1,1
GGCTGAAATAGCAAAG-1,1
GGCTGAGCATCGTAAG-1,1
GGCTTTCAATAAGGGT-1,1
GGGAACCACCTGTTTC-1,
GGGAACGGTTTCAGAT-1,1
GGGAAGACGGTCTGTC-1,1
GGGAAGGGCTTTCTCA-1,
GGGAATGAGCCCTCAC-1,1
GGGACAGAGTTACTCC-1,1
GGGACCCGTATATCTT-1,1
GGGACTGCATAGATAG-1,1
GGGAGAACTCACAGTA-1,1
GGGAGGATGCCCGAAA-1,1
GGGAGTTAATGAGGCG-1,1
GGGATATTGATCGCCA-1,1
GGGATCCCAATACAAA-1,1
GGGATGGACCCGCGTC-1,1
GGGATGGTCGTAACCG-1,1
GGGATTTACCGCACCT-1,1
GGGCAACCGCACGTGC-1,1
GGGCACGTAGTACTGT-1,
GGGCACTATTGACCAT-1,1
GGGCAGAGCAATCGTT-1,1
GGGCAGGATTTCTGTG-1,1
GGGCATGCATGTCGAG-1,1
GGGCCATTCGTGCTGG-1,1
GGGCCCGTCTTAAACA-1,1
GGGCCTATACAACCGG-1,1
GGGCCTATTTAAGTAT-1,1
GGGCGATATGTGTGAA-1,1
GGGCGATCCATAGGCC-1,1
GGGCGGCAAATGAATT-1,1
GGGCGGGTTCCCTACG-1,1
GGGCGTCACCACGTAA-1,1
GGGCGTCCACTGGCTC-1,1
GGGCGTGGTTTCCCAG-1,1
GGGCGTTTACATTCAT-1,1
GGGCTATGATCGATGG-1,1
GGGCTCATCGAACCCA-1,1
GGGCTGCCTAGGGCGA-1,1
GGGCTGGTTAGTCGCG-1,
GGGTATTCTAGCAAAC-1,1
GGGTCACCGTGACGGT-1,1
GGGTCACGTGCTTATG-1,1
GGGTCACTGAGTAGTG-1,1
GGGTCAGGAGCTAGAT-1,
GGGTCCTTGGAAGAAG-1,1
GGGTCGTGGCAAGTGT-1,1
GGGTCTATCGCTTTCC-1,1
GGGTGACACCTTAACT-1,1
GGGTGGTCCAGCCTGT-1,1
GGGTGTTTCAGCTATG-1,1
GGGTTAACATTTGAGT-1,
GGGTTTAGGATAGGAT-1,1
GGTAAACTCTGCGCTG-1,1
GGTAAATGTGCGTTAC-1,1
GGTAACCGGGAGGATA-1,1
GGTACAAACATGCTAT-1,1
GGTACACCAGATTTAT-1,1
GGTACCATTAAGACGG-1,1
GGTACGTTGCGGCCGG-1,
GGTACTAAGTGCTTTG-1,1
GGTAGAAGACCGCCTG-1,1
GGTAGACCGTTGGGCG-1,1
GGTAGTGCTCGCACCA-1,1
GGTATTGCCGAGTTTA-1,1
GGTCAAGACTACTTCG-1,1
GGTCAGTGGGTCCCAC-1,1
GGTCATTGTAGTCATA-1,1
GGTCCACGTCTATTTG-1,1
GGTCCCATAACATAGA-1,1
GGTCGGATAAACGGCG-1,1
GGTCGGCCAGGAGCTT-1,1
GGTCGGTCGTCCACAG-1,1
GGTCGTAAGCTCGCAC-1,1
GGTCTCCAAGTAGTGC-1,1
GGTCTCCGTCCAGGTT-1,1
GGTCTCTGAATGGACT-1,1
GGTCTGAGAATCTGGA-1,1
GGTCTTGAGCGCTCTT-1,1
GGTGAAACCGGGAATG-1,1
GGTGAAGTACAGGGAT-1,
GGTGACTGATAGAGAG-1,1
GGTGATAAGGAGCAGT-1,1
GGTGCAGAGCCTATCG-1,1
GGTGCATAAATGATTA-1,
GGTGCTGGTACACATT-1,1
GGTGGACCACGTGTTA-1,1
GGTGGACTGCTCTGGC-1,1
GGTGGAGGTTGATACG-1,1
GGTGGGATTAGGTCCC-1,1
GGTGTAAATCGATTGT-1,1
GGTGTAGGTAAGTAAA-1,
GGTGTTCTGTTTCTAC-1,1
GGTGTTGGGCGTCTTA-1,1
GGTTACCACCCTCGGG-1,1
GGTTACCGCTCCCTAC-1,1
GGTTAGCTATATGTCT-1,1
GGTTAGGCTTGGAGAA-1,
GGTTAGGGATGCTAAT-1,1
GGTTCCACCCGCTTCT-1,1
GGTTCCCTAGTGTCTC-1,1
GGTTCCGTACGACTAA-1,1
GGTTCGATGCTGAGTT-1,1
GGTTCGCATTTGCCGT-1,1
GGTTGTATCGTGAAAT-1,1
GGTTTAATTACCATCG-1,1
GGTTTAATTGAGCAGG-1,1
GGTTTACAATCTCAAT-1,1
GGTTTAGCCTTTCTTG-1,1
GGTTTGACAAGAAGCT-1,1
GGTTTGTGACCTGAGG-1,1
GTAACAACTGACCTTG-1,1
GTAACATCAGCTCATC-1,1
GTAACATCTAAGATAA-1,1
GTAACTACGTAGACCT-1,1
GTAACTGCCCAAGGAG-1,
GTAAGCGGGCAGTCAG-1,1
GTAAGGATTTGTCGGA-1,1
GTAAGTAACAGTCTGG-1,1
GTAAGTCCACACTCTA-1,1
GTAATCTGATTCTTCG-1,1
GTACACTTACCTGAAG-1,1
GTACGCTTCATTGCAC-1,1
GTACGTCACGTATTAA-1,1
GTACGTTTGCCCGTCA-1,1
GTACTCCTGGGTATGC-1,1
GTACTGAGGTCGTAAC-1,1
GTACTGGAGTTAGACC-1,1
GTAGACAACCGATGAA-1,1
GTAGACACGCCTGACT-1,1
GTAGAGGGAGACAAGT-1,1
GTAGCCAAACATGGGA-1,1
GTAGCGCTGTTGTAGT-1,1
GTAGCGGCTATACACT-1,1
GTAGCTAGTAAGCGCG-1,1
GTAGCTCCGGGAGGCT-1,1
GTAGCTTCCTCTTGTT-1,1
GTAGGTGATCCGTGTA-1,1
GTAGTCGCGGGAATCA-1,1
GTAGTCTACGATATTG-1,1
GTAGTTAGACAATATA-1,1
GTAGTTCGAAGGCGAA-1,1
GTAGTTTAAGCACACG-1,1
GTATAGGACTCAGTAG-1,1
GTATAGTGGCCCATGT-1,1
GTATCAAACGTTAGCT-1,1
GTATCCTTTGGTAACC-1,1
GTATCTCAGTCTTGAC-1,1
GTATCTCCCTAACTGT-1,1
GTATCTCGGGCGCTTT-1,1
GTATCTTGTTGCTCAC-1,1
GTATCTTTCATAACCA-1,1
GTATGAAATTTCACTC-1,1
GTATTAGGGTTCGCGT-1,1
GTATTCTGAGAAACGA-1,1
GTATTTAATGGCATAA-1,1
GTCAAAGAAGTGGTGT-1,1
GTCAACCAGGCCTATA-1,1
GTCAAGCGGACTCGGG-1,1
GTCAATGCTATAATTT-1,1
GTCACAAAGTTTCCAA-1,1
GTCACCTGTCTATGTC-1,1
GTCACTCATGAGCGAT-1,1
GTCAGTTGTGCTCGTT-1,1
GTCATCCCAAACTCAC-1,1
GTCATGCACCTCCGTT-1,1
GTCATGCGCGAGGGCT-1,
GTCATGGACATGACTA-1,1
GTCATTAGAGCGAACG-1,1
GTCCAATATTTAGCCT-1,
GTCCACGTCGCATTCG-1,1
GTCCAGGCACGTGTGC-1,1
GTCCATTACTGCTACG-1,1
GTCCCAACGTAAAGTA-1,1
GTCCCGCGACGTTATG-1,1
GTCCGGACCTGAAATT-1,1
GTCCTACGAATAGTCT-1,1
GTCCTAGGATACCTTA-1,1
GTCCTTCTAGTGGGTT-1,1
GTCCTTTAATGACTTC-1,1
GTCGAATTTGGGCGCT-1,1
GTCGATAGGTGACTTT-1,1
GTCGCCGTTGTGTGTT-1,
GTCGCGTAACCCGTTG-1,1
GTCGGAAGGATACCAG-1,1
GTCGGATGTAGCGCGC-1,1
GTCGGGAAGCAGAAAC-1,1
GTCGTACCATCTCGGG-1,1
GTCGTATTGGCGTACA-1,1
GTCGTTATTCGCTTAT-1,1
GTCTAAGATGCCCAGC-1,1
GTCTAGTGAGCCGCTT-1,1
GTCTATCTGAGTTTCT-1,1
GTCTATTGCATGCTCG-1,1
GTCTATTGGTTCCGGT-1,1
GTCTCAAGGCCCGGCT-1,1
GTCTCCCGAGTCCCGT-1,
GTCTCCGCCTCAATAC-1,1
GTCTCCTGCCAGTATG-1,1
GTCTCGACTAAGTTTG-1,1
GTCTCGATCTGCTTTC-1,1
GTCTCGCCAACACGCC-1,1
GTCTGGGCGGTCGAGA-1,1
GTCTGTAGGTTGAACA-1,1
GTCTTAGTACAGCCGG-1,1
GTCTTGTAGCTATTCA-1,1
GTGAAACGGCGCCACC-1,1
GTGAACTCCCATTCGA-1,1
GTGAAGATTTCAAGTG-1,1
GTGAAGCCGTATAGTC-1,1
GTGACAGCTTCCCACT-1,1
GTGACGCAGGTTTCAT-1,1
GTGACTTCAGTAGTGC-1,1
GTGAGATAACCTTATA-1,1
GTGAGGACACTTAAGG-1,1
GTGAGGAGCGGTTGAG-1,1
GTGAGTGGTACAACGC-1,1
GTGATCAAGCGTGCAC-1,1
GTGATCACTAACGCCT-1,1
GTGATCATAGATCTGC-1,1
GTGATCCTTGTCATGA-1,1
GTGATGCACAACATCT-1,1
GTGATTCGCCGCTCAA-1,1
GTGCAACAAATGTGGC-1,1
GTGCACCAGCTTCAAC-1,
GTGCACGAAAGTGACT-1,1
GTGCAGCGTAGAGTAG-1,1
GTGCCAAACGTTTCGA-1,1
GTGCCATCACACGGTG-1,1
GTGCCGCTTCAAAGGT-1,1
GTGCCTCAGTGTACGG-1,1
GTGCGAAATCGAACAC-1,1
GTGCGCTTACAAATGA-1,1
GTGCTCAAGTACTGTC-1,1
GTGCTTACATCAGCGC-1,1
GTGGAACCTACATGCG-1,1
GTGGACGCATTTGTCC-1,1
GTGGAGCGTTTACCGA-1,1
GTGGAGTCGGCGGTTG-1,
GTGGCAAACAGCGGCA-1,1
GTGGCCGGTTTCTCGG-1,1
GTGGCGGGCCGTAGCT-1,
GTGGCGTGCACCAGAG-1,1
GTGGGAACAAACCGGG-1,1
GTGGTATAGTCTGCCG-1,
GTGGTCAGCGAAGTAT-1,1
GTGGTGATGGTTTGTG-1,1
GTGGTGGCCAAGTGAA-1,1
GTGGTTTCCGCCTTTC-1,1
GTGTACCTTGGCTACG-1,1
GTGTACGAACCGTTCC-1,1
GTGTATATCAGCGGGC-1,1
GTGTCAGTGTACGTGG-1,
GTGTCCGATAAGGCAT-1,1
GTGTCGTATAGCGTTC-1,1
GTGTCGTATTCACCTT-1,1
GTGTGAATAACTTAGG-1,1
GTGTGAGCCGAGGTGC-1,
GTGTTACTATGCGTCC-1,1
GTTAAAGTAGGACTGG-1,1
GTTAACATCACTTAAA-1,1
GTTAACTATGTTGTCA-1,1
GTTAAGGGTGCGATGT-1,1
GTTACCTACAACTTGC-1,1
GTTACGAAATCCACGC-1,1
GTTACTTTGGGCCTAG-1,1
GTTAGAGTGTGCCGCT-1,
GTTAGCCCATGACATC-1,1
GTTAGGCTACCCGTTT-1,1
GTTATAATACGGTGAA-1,1
GTTATATCAGGAGCCA-1,1
GTTATATTATCTCCCT-1,1
GTTATCAAGCTATCGA-1,
GTTATCACCTTCTGAA-1,1
GTTATTAAATACGACC-1,1
GTTCAATCTATGTCAA-1,1
GTTCAGTCGCCAAATG-1,1
GTTCCAAGACAGCGAC-1,1
GTTCCAGTCTGACCAT-1,1
GTTCCCGTAAACATAT-1,1
GTTCCGTCCGCCTGCA-1,1
GTTCGACAATTGTATA-1,1
GTTCGCCATAAGTGCC-1,1
GTTCGCTGAGACGTCT-1,1
GTTCGGAGCACTCAAC-1,1
GTTCGGATCGGGAACA-1,1
GTTCGTCTAAAGAACT-1,1
GTTCGTCTGGGTCCCT-1,1
GTTCGTTGCGGACCAG-1,1
GTTCTTCCCTCGATGT-1,1
GTTGAACCGGTTCCAT-1,1
GTTGAGTCCCGCCGGT-1,1
GTTGCAGTCGACAACA-1,1
GTTGCCCTAACGGGTG-1,1
GTTGCGGACGGTCAGG-1,1
GTTGGACCGCATCAGG-1,1
GTTGGATTCAGTGGCT-1,1
GTTGGATTGAGAACAC-1,1
GTTGGATTTGCGTTGG-1,1
GTTGGTCATGCTATCC-1,1
GTTGTAGATTTATGAG-1,1
GTTGTTACATTGCGCT-1,1
GTTGTTGCAAGATGGC-1,1
GTTTACGTTCCATCTG-1,1
GTTTCAAACGAGTTGT-1,1
GTTTCTGCAGTCTCCC-1,1
GTTTCTTGTTAGAGCT-1,1
GTTTGACCAAATCCTA-1,1
GTTTGGCCCAAGTTAT-1,1
GTTTGGCGTCAGGCAC-1,1
GTTTGGGCTTGTGAGC-1,1
GTTTGGGTTTCGCCCG-1,1
GTTTGGTAGGGTCAAC-1,1
GTTTGGTGATCGGTGC-1,1
TAAACCCAGGAGGGCA-1,1
TAAAGAGCCCGAAACC-1,1
TAAAGCGGTATTTCCA-1,
TAAAGCGTTAGGAGAA-1,
TAAAGCTGCAATAGGG-1,1
TAAAGGAGAAACTAGT-1,1
TAAAGTGCACGTCTCG-1,1
TAAATCTTTACACCTC-1,1
TAAATGCCGTCTCATG-1,1
TAAATGGGCTACTGAG-1,1
TAAATTTAGTAACACC-1,1
TAACAGCGTTTGTGCT-1,1
TAACATACAATGTGGG-1,1
TAACATACACGCGATC-1,1
TAACCGCCCGCAGTGC-1,1
TAACCTAGGGAGTCCA-1,1
TAACTCATCCGCGCGG-1,1
TAACTGAAATACGCCT-1,1
TAAGAGGGACAGGGAC-1,1
TAAGATTTAGCGGGAG-1,1
TAAGCCCTTACGACCA-1,1
TAAGCGCGAATCAAAT-1,1
TAAGGCAACATAAGAT-1,1
TAAGGCATAACATCAA-1,1
TAAGGCCCGTCACCCT-1,1
TAAGGCTGAATCCCTC-1,1
TAAGGGCCTGTCCGAT-1,1
TAAGTAAATGTGCCGC-1,1
TAAGTAACATCTTGAC-1,
TAAGTCGCCGAGTATC-1,1
TAAGTGAATAGTCTAC-1,1
TAAGTTGCGACGTAGG-1,1
TAATAAACAAGGAGAT-1,1
TAATACACAGTAGTAT-1,1
TAATAGAACAGAGTTA-1,1
TAATAGCTAAATGATG-1,1
TAATAGGTCACCAGAA-1,1
TAATAGTGACGACCAG-1,1
TAATCAACCAAATGGG-1,1
TAATCAGGAATGCTGC-1,1
TAATCGATCCGTACGT-1,1
TAATGTCGGTTCATGG-1,1
TAATTACGTCAGTAGA-1,
TAATTAGGACATCCGT-1,1
TAATTCCAATGCTTCA-1,1
TAATTGCGCTGATTAC-1,1
TAATTGGAATCGGGAA-1,1
TACAAATTGCGGAGGT-1,1
TACAACAGCGCATACA-1,1
TACAACGCACAACTCA-1,1
TACAATGAAACCAGCA-1,1
TACACCGTCGTTAGTC-1,1
TACAGAAACGGTGGGC-1,1
TACATAGGCATACACC-1,1
TACATGCCGGAATTGT-1,1
TACATTTCTAACGTGC-1,1
TACCAAATAGCCCAGA-1,1
TACCAATAAAGTACCA-1,1
TACCAGAAGTAGGTTC-1,1
TACCAGCTAGGTTTAA-1,
TACCAGGAATCCCGTC-1,1
TACCATGTATTGATTT-1,1
TACCCTCGGTAACCCT-1,1
TACCGCGGACTTGCAG-1,1
TACCGGCTCACTGCCC-1,1
TACCGGTCGTTTCCAT-1,1
TACCGTAGGTTAACTA-1,1
TACCGTGCCTCGGACC-1,1
TACCTACTCCCAGTAT-1,1
TACCTCACGCTTGTAC-1,1
TACCTCAGTTGTCTGT-1,1
TACCTCCACACCAATG-1,1
TACCTCTTTACCATCC-1,1
TACCTTAAGATTTCCC-1,1
TACGAACACGACTTCA-1,
TACGACGCTTGCTGCG-1,1
TACGACTGCCTCTTAG-1,1
TACGATCCAAGCCACT-1,1
TACGCAGTTCTTTCCT-1,1
TACGCCATATTCTAAT-1,1
TACGCCGAGGGTACCC-1,1
TACGCCGCCTCAGAAG-1,
TACGCCTCCATTCCGA-1,1
TACGCTCCTAGAACTG-1,1
TACGCTCGGTATTGGA-1,1
TACGCTGATAGTTGTA-1,1
TACGCTGCTGTGTTAA-1,1
TACGGCATGGACGCTA-1,1
TACGGGATGCTAGCAG-1,1
TACGTAAAGCGGAGTG-1,1
TACGTACTAGTGCTGA-1,1
TACTATGGTTCCTCAG-1,1
TACTCCTCTAGTTGAC-1,1
TACTCTCCGAACAAAT-1,1
TACTCTTACTTTACTG-1,1
TACTCTTTCGTCTTCA-1,1
TACTGAACAGATTTAG-1,
TACTGAGGGAAGAAAG-1,1
TACTGCAATCAATTAC-1,1
TACTGTTTCTCTGGTA-1,1
TACTTAAACATGTACA-1,1
TACTTTACTGAGCCGG-1,1
TACTTTCCGCACGCCA-1,1
TAGAAACCACTAAGTA-1,1
TAGAAAGGTGGCGCTA-1,1
TAGAAGAAGGGTTACA-1,1
TAGAATAGCCGATGAA-1,
TAGAATTAAGGGCAAC-1,
TAGACGAAACGCCAAT-1,1
TAGACTCAGTTGGCCT-1,1
TAGAGCTACGAAGAAC-1,1
TAGAGGTTCTACTTGT-1,1
TAGAGTCTAAGCGAAC-1,1
TAGAGTGTTCCGGGTA-1,1
TAGATATGGACTGGAA-1,1
TAGATCCGAAGTCGCA-1,1
TAGATGGTTCCTTACT-1,1
TAGATTCAAAGTGCGG-1,1
TAGCAGTAAATACGCG-1,1
TAGCAGTATGACTAAA-1,1
TAGCCATGATTGCCTA-1,
TAGCCATTTCAAAGTC-1,1
TAGCGTCCCTCGATTG-1,1
TAGCGTCCGGTGTGGT-1,1
TAGCGTTGGGTCTTAC-1,1
TAGCTAAGTCCGGGAG-1,1
TAGCTAGAAGGCATGA-1,1
TAGCTAGTGATGATGG-1,1
TAGCTCAGATCCTAGT-1,1
TAGCTCGCCTGATAAC-1,1
TAGGAACAGCCTCCAG-1,1
TAGGCATGTTACGCCA-1,1
TAGGCCTATATAGTCT-1,1
TAGGCGATGAGGTCTC-1,1
TAGGCGGCTGCAAAGA-1,1
TAGGCTAAAGTGGCAC-1,1
TAGGGAGCTTGGGATG-1,1
TAGGTGACGATAACCT-1,1
TAGGTGCTCGCCTAGC-1,1
TAGGTGTTCCACAGAT-1,1
TAGGTTCGAGTTCGTC-1,1
TAGGTTCTGCTGAGAA-1,1
TAGTACCACAACTTTC-1,1
TAGTAGCTTATACCAG-1,1
TAGTCCCGGAGACCAC-1,
TAGTCCGCAGAGAATG-1,1
TAGTCCTGCACTAAGC-1,1
TAGTCGATCACGGGTT-1,1
TAGTCTAACAACGAGA-1,1
TAGTCTGCGGCACATT-1,1
TAGTCTGTGACGTTGC-1,1
TAGTCTTTCCGAATTG-1,1
TAGTGCCCTCCAGAGT-1,1
TAGTGGAACTCATACA-1,1
TAGTTAAGATAGGATA-1,1
TAGTTTATTCTTGCTT-1,1
TAGTTTGATCGGTCGC-1,1
TATACACAGACGCCTT-1,1
TATACCGAGTGCCACA-1,1
TATACGCGTCATCACT-1,1
TATAGAGTCGCTTGAA-1,
TATAGTTAGGTGTACT-1,1
TATATAGGGCTTTACG-1,1
TATATATCGAGAAATG-1,1
TATATCAAAGTGATCT-1,1
TATATTACAAATGTCG-1,1
TATATTCGCGTCGATA-1,1
TATCACAGCACGGGCA-1,1
TATCACCATGTAAAGT-1,1
TATCACCCAACCGACC-1,1
TATCACTTCGAGTAAC-1,1
TATCAGTGGCGTAGTC-1,1
TATCCAATTGGTTATC-1,1
TATCCATCTCGGTTAG-1,1
TATCCGCACCGTCGGG-1,1
TATCCTATCAACTGGT-1,1
TATCCTGCATGGGAAT-1,1
TATCGATCTATGCATA-1,1
TATCTACCACAGCGGG-1,1
TATCTGAGCCGATATT-1,1
TATCTTGCAATACAAC-1,1
TATGAAGAATTAAGGT-1,1
TATGATAAATCTAACG-1,1
TATGATCCGGCACGCC-1,
TATGATCTTCTCTTTA-1,1
TATGCTCCCTACTTAC-1,1
TATGGGACCGAGCAGG-1,1
TATGGGTACGTATCGT-1,1
TATGGTCTGAGTAACA-1,1
TATGGTTAGTGGGAGA-1,1
TATGTAAAGTGCTTAA-1,
TATGTAGAAACCCGGC-1,
TATGTCAAGACCGACT-1,1
TATGTCTCATTGTGCC-1,1
TATTAACACCAAAGCA-1,1
TATTAACCTGACCGCG-1,1
TATTATGTTTGCCTGC-1,1
TATTCAATTCTAATCC-1,1
TATTCCACTCAGCTCG-1,1
TATTCCGAGCTGTTAT-1,1
TATTCCGGCAGTCCTA-1,1
TATTCCTCCGCCCACT-1,1
TATTCGTGCCAGAATA-1,1
TATTGCCGGGCTTGTA-1,1
TATTTAGTCTAGATCG-1,1
TATTTATACCGAGTAG-1,1
TATTTGATTTGCACAG-1,1
TCAAACAACCGCGTCG-1,1
TCAAACAATTAGGACA-1,1
TCAAACTTAGATTGTT-1,1
TCAAAGTCACGGCGTC-1,1
TCAAATTGTTGTGCCG-1,1
TCAAATTTGAGACTCA-1,1
TCAACAAAGATAATTC-1,1
TCAACATAGCGCCCTA-1,1
TCAACCATGTTCGGGC-1,1
TCAACGAGGAGACAAA-1,1
TCAACGCAGGAAATAA-1,1
TCAACTGCAGAGTCAG-1,1
TCAAGCGCGGACGGTA-1,
TCAAGGTTACTACACC-1,1
TCAATACGCCGTCATG-1,1
TCAATCCGGGAAGTTT-1,
TCACAAACCGAGGTAC-1,1
TCACAGCAAACTCGAA-1,1
TCACAGGAGAATAAGA-1,
TCACAGGGAATCGCAA-1,1
TCACAGGTTATTGGGC-1,1
TCACCCTCTTAAGATT-1,1
TCACCGCTCGGCACTC-1,1
TCACGATGTCCGTGGA-1,1
TCACGCATTGTAGATC-1,1
TCACGGCCCAAGAGAG-1,1
TCACGTGCCCGATTCA-1,1
TCACTACGACCAATGC-1,1
TCACTATCCCTTCGGT-1,
TCACTCGTGCAACGGC-1,1
TCAGACGCTATAGAAG-1,1
TCAGAGTGTGAGCATG-1,1
TCAGCAAATGCATCTC-1,1
TCAGCAGTAGGCCCTG-1,1
TCAGCCAATCCGTAAA-1,1
TCAGCTTGAGCTTTCG-1,
TCAGGGTGCACGAAAC-1,1
TCAGGGTGTAACGTAA-1,1
TCAGGTTCTTTGAGAA-1,1
TCAGTACTGACCCGCG-1,
TCAGTAGGGACTATAA-1,1
TCAGTGTATACGTCAT-1,1
TCAGTTACGGAATGAT-1,1
TCATAAGTCCAAGAAG-1,1
TCATATGAGCTTTGTT-1,1
TCATCCATCTGATCAC-1,1
TCATCCCAGAGGGTGG-1,1
TCATCGATGGTCCCAA-1,1
TCATGAAGCGCTGCAT-1,1
TCATGCAGGTTCTCAT-1,1
TCATTCGTATAATTTG-1,1
TCATTTAGAAGTGTGA-1,1
TCCAACTTTAAATTCT-1,1
TCCAAGCCTAGACACA-1,1
TCCAATAAAGGCTACC-1,
TCCAATGCGTCGCCGC-1,1
TCCACATCGTATATTG-1,1
TCCACCAAGACATAGG-1,
TCCACCTCTAGCCTTT-1,1
TCCACTTTATCTAGGT-1,1
TCCAGAGCACCGGTTC-1,1
TCCAGATGTACGCCAA-1,1
TCCAGCGCTATAAGCG-1,1
TCCAGGCAGGACGATC-1,1
TCCAGGCGAGTACGGT-1,1
TCCAGGGTATATACGA-1,1
TCCATCAATACTAATC-1,1
TCCATTAGTTGGATAG-1,1
TCCATTGTGACCTCGT-1,
TCCCAAACAGACAACG-1,1
TCCCAAACATCCTCTA-1,1
TCCCAAAGACGAAGGA-1,1
TCCCACGGAGGGAGCT-1,1
TCCCAGCACACGACAT-1,1
TCCCAGCTTTAGTCTG-1,1
TCCCAGGCTTAGCTAA-1,1
TCCCGCGTACTCCTGG-1,1
TCCCGTCAGTCCCGCA-1,1
TCCCGTGTGCAATTTG-1,1
TCCCTCTTCTCAAGGG-1,1
TCCCTGGCGTATTAAC-1,1
TCCCTTAGATTACTCG-1,1
TCCCTTGTCTGAAACT-1,1
TCCGAACGTTGCCGCT-1,1
TCCGAAGTAGTCACCA-1,1
TCCGACCGCTAATCAA-1,1
TCCGATAATTGCCATA-1,1
TCCGATGACTGAGCTC-1,1
TCCGATGGTGCGACAT-1,1
TCCGCCTGTCTACAAG-1,1
TCCGCGGCCCAATGAA-1,1
TCCGCTGGGTCGATCG-1,1
TCCGCTGTCATCCCGG-1,1
TCCGCTTATCCCATTA-1,1
TCCGGAGGAAGGGCTG-1,1
TCCGGCCTAGCGTACA-1,1
TCCGGCCTGCATCGAT-1,1
TCCGGCTGTCGGGTCG-1,1
TCCGGGCCACTAACGG-1,1
TCCGGGCTTGACGGGA-1,1
TCCGGTTCGTCCGGTC-1,1
TCCGTTAAGCTAATAT-1,1
TCCGTTTAGCCTTGAA-1,1
TCCTAAATTGGGAAGC-1,1
TCCTAACCGTCGGGCA-1,1
TCCTACATCCACGGCC-1,1
TCCTAGCAAAGAAGCT-1,1
TCCTATCATAGGTAAC-1,1
TCCTCCTAAGACATTC-1,1
TCCTCGGGCTGGGCTT-1,1
TCCTCTACGAGATGGC-1,
TCCTCTGGCCCATTAG-1,1
TCCTGCCAACTGGAGA-1,1
TCCTGGCGCTGCCTGG-1,1
TCCTTACGACGGTCCG-1,1
TCCTTCAGTGGTCGAA-1,1
TCCTTGTCCTTTAATT-1,1
TCCTTTAAATCCGCTT-1,
TCCTTTCTTACGCTTA-1,1
TCGAAATTTAGGACCA-1,1
TCGAAGAACCGAGCAC-1,1
TCGAATATCCCGCAGG-1,1
TCGACAACTGAACCCG-1,1
TCGACATAGCGTAGCG-1,1
TCGAGACCAACACCGT-1,1
TCGAGCCAGGCAGGCC-1,1
TCGAGGGCAACAGACG-1,1
TCGAGTCTACGATTCG-1,1
TCGATAGGCTAGTCGC-1,1
TCGATGTTACGGCCGT-1,1
TCGCAAAGATGCATTT-1,1
TCGCACCAGGAGGCAG-1,1
TCGCATAAAGGGCGCA-1,1
TCGCCACCCGGATTAC-1,1
TCGCCCAACTGACTCC-1,1
TCGCCGAAGTTGCGTC-1,1
TCGCCGACATATTCGC-1,1
TCGCCGGTCGATCCGT-1,1
TCGCGCGTTTACATGA-1,1
TCGCGTAGCAGTGTCC-1,1
TCGCTAAACCGCTATC-1,1
TCGCTACTGGCTTTGA-1,1
TCGCTCGATATATTCC-1,1
TCGCTCGGCACCAGCG-1,1
TCGCTGGGCGGATTGT-1,1
TCGCTTTAAACGTTTG-1,1
TCGGAATGACCATCAA-1,1
TCGGACGCCCAGCCCA-1,1
TCGGAGTACATGAGTA-1,1
TCGGAGTCCTGGTTGC-1,1
TCGGATCTGGATGACC-1,1
TCGGCGAACCCAAACC-1,1
TCGGCGGTATTAGATT-1,1
TCGGCGTACTGCACAA-1,1
TCGGCTAACTTCCCTT-1,1
TCGGCTTGTATCGACG-1,1
TCGGGAGACAGCGTAC-1,1
TCGGGTGAAACTGCTA-1,1
TCGGTCCCGACAATAG-1,1
TCGGTCCCTGACTCCA-1,1
TCGGTGACCGCTCCGG-1,1
TCGGTTAGCCATGTAG-1,1
TCGTAAGACGACATTG-1,1
TCGTAAGCTCCGAGGA-1,1
TCGTACCGACGTCAAG-1,
TCGTATAGTGCAATTA-1,1
TCGTATCACCAAGCTA-1,1
TCGTATTTCGTCCGGA-1,1
TCGTCAAGTACGCGCA-1,
TCGTCCGGGTACACTC-1,1
TCGTCTTAGGCGTTAA-1,1
TCGTGTACTATGGATG-1,1
TCGTGTATTGGTCACG-1,1
TCGTGTTCGACCACAA-1,1
TCGTTAGGAGTCCCTA-1,1
TCGTTCGTTATTATGT-1,1
TCGTTGCTATCCGGTC-1,
TCGTTGGCTCGTCAAT-1,1
TCTAAAGAACAGTCTC-1,1
TCTAACCTAGCCTGCG-1,
TCTAATACTGCCTCAG-1,1
TCTACACGTTCATGCA-1,1
TCTACCCAATAGAGAG-1,1
TCTACCGTCCACAAGC-1,1
TCTACGCACGATCTCC-1,1
TCTACGGGCTCAGTTG-1,1
TCTAGCAATCTCCGCC-1,1
TCTAGCATGCCCAGAA-1,1
TCTAGGTGGCGACGCT-1,1
TCTAGTTATCAGAAGA-1,1
TCTATAGGTGGGTAAT-1,1
TCTATCGGTCGCAACA-1,1
TCTATGCTATAACGAC-1,1
TCTCATGAGATAGGGT-1,1
TCTCCAACGTAGGTTA-1,1
TCTCCACAAGTTGAAT-1,1
TCTCCCTGGGCAGCGT-1,1
TCTCGAACGAGGTCAC-1,1
TCTCGACGTATCGCCG-1,1
TCTCGAGGAGGTTCGC-1,1
TCTCTCGCCGCACATA-1,1
TCTCTTACCGCGAACC-1,
TCTGAACTCGTACCCG-1,1
TCTGAAGCACGTGGTC-1,1
TCTGAGCAATTGACTG-1,1
TCTGATGTATTCTGTC-1,1
TCTGCACCATTAGTAA-1,1
TCTGCATACCTTGCTT-1,
TCTGCCAGAAACTGCA-1,1
TCTGCGAATCGTTCGC-1,1
TCTGCTTAGAACAAGC-1,1
TCTGGAGCGTAAGAGT-1,1
TCTGGGTAGCGCTCAT-1,1
TCTGTCATACAAGAGC-1,1
TCTGTGATGGAGGTTG-1,1
TCTGTGCCATCATAGT-1,1
TCTGTTACCCAGCATA-1,1
TCTGTTTAGATTGTTC-1,1
TCTTACCGGAACTCGT-1,1
TCTTACTTATGCCTCT-1,1
TCTTAGAGCTCCAATT-1,1
TCTTATGGGTAGTACC-1,1
TCTTCCCATGGGCACA-1,1
TCTTCGAATAGACGTT-1,
TCTTCGATACCAATAA-1,1
TCTTCGCGGTGAGAGG-1,1
TCTTCTATAACCCGCC-1,1
TCTTGATGCGTAGCGA-1,1
TCTTGCTCCCGATACT-1,1
TCTTGGTAACACCAAA-1,1
TCTTGGTCAATGATAC-1,
TCTTTAGAGTCTAACA-1,1
TCTTTCATCCGTCCTT-1,1
TCTTTCCTTCGAGATA-1,1
TCTTTCTCTTAAGGAG-1,1
TGAAACTTATGCAAGC-1,1
TGAACAAGCAGGGACT-1,1
TGAATACCGACGCGTA-1,1
TGAATATGCTATAAAC-1,1
TGAATGAGTGTTTCCC-1,
TGAATGTCAGCCGGCC-1,1
TGACAACGCATGTCGC-1,1
TGACAACTTAAAGGTG-1,1
TGACACTTCTCTTTGC-1,1
TGACAGAAATCTTGCT-1,1
TGACAGGACAAGTCCA-1,1
TGACATGTAACGTGAC-1,1
TGACCAAATCTTAAAC-1,1
TGACCAGCTTCAAAGT-1,1
TGACCCAACTCACATT-1,1
TGACCCACGTTAGACA-1,1
TGACCCAGCATTCCCG-1,1
TGACTATAATCCTTTC-1,1
TGACTCCGAATCATAC-1,1
TGAGAGATTTACCACG-1,1
TGAGATCAAATACTCA-1,1
TGAGATTAGGCCCTAA-1,1
TGAGCCATACAGTCTC-1,1
TGAGCGGAAAGTGTTC-1,1
TGAGCTCAACTGTATA-1,1
TGAGCTTTAATGACGC-1,1
TGAGGAGTGCCAGCTT-1,1
TGAGGCATGTACTGTG-1,1
TGAGGTGTGTGGCGGA-1,
TGAGGTTGATCCCAAG-1,1
TGAGTAAATTAGCGTA-1,1
TGAGTGCCTCTTAAAT-1,
TGAGTGGTCCGTGACG-1,1
TGAGTGTAACAACGGG-1,
TGAGTTAAAGACATTC-1,1
TGATACATTTAGCCGT-1,
TGATCACCACACTGAC-1,
TGATCTACGCTGATCT-1,1
TGATCTCCGGCGCCAG-1,1
TGATGCTCACGTAGTC-1,1
TGATGTCAATTAAGTG-1,1
TGATTATGGCACGCAG-1,1
TGATTCCCGGTTACCT-1,
TGATTCGTCTATCACT-1,1
TGATTCTGTCGCCGGT-1,1
TGCAAAGTTCGTCTGT-1,
TGCAACCCATCTGCGG-1,1
TGCAAGAATGACGTAA-1,1
TGCAATCTAACACGGT-1,1
TGCAATTTGGGCACGG-1,1
TGCACAGTGAAGTTAT-1,1
TGCACGAGTCGGCAGC-1,1
TGCAGAGTACCGAGCA-1,1
TGCAGGATCGGCAAAG-1,1
TGCAGTGAGGCTCGGG-1,1
TGCAGTGGTAGGGAAC-1,1
TGCAGTTTCCTCCCAT-1,1
TGCATCTCCGGATCTT-1,1
TGCATGGATCGGATCT-1,1
TGCATGGCAGTCTTGC-1,1
TGCATGTGACCCATAG-1,1
TGCATGTGGTAATCTA-1,1
TGCCAATGGGTACTCT-1,1
TGCCACCTGGCGAAAC-1,1
TGCCAGTACGTGGAGA-1,1
TGCCATGGCTTATAAG-1,1
TGCCATTACTAAAGAA-1,1
TGCCCGTACCGTTAAA-1,1
TGCCGGATGTACGAGC-1,1
TGCCGTGGATCGTCCT-1,1
TGCCGTTCTTAATCGG-1,1
TGCCTAAATTTAATAG-1,1
TGCCTAATTGAAGATT-1,1
TGCCTGATCAAACGAT-1,1
TGCCTTGGCCAGGCAA-1,1
TGCGACACCCTAGTGC-1,1
TGCGACGGCCGAACGT-1,1
TGCGAGAATATTACCC-1,1
TGCGAGATGGCGGCCA-1,1
TGCGAGCCCTTCCGCG-1,1
TGCGCAAAGCATTTGG-1,1
TGCGCCGTTAATAACG-1,1
TGCGGACTTGACTCCG-1,1
TGCGGAGTAAAGGTGC-1,1
TGCGGCATAGTTCAAC-1,1
TGCGGGTATTGGGATC-1,1
TGCGGTCTACGAGTAA-1,1
TGCGGTGAAATTTCAT-1,
TGCGTAAGAACCTGAT-1,1
TGCGTACGGCTAATTG-1,1
TGCGTCATGACTGAGC-1,1
TGCGTTTGTTGACACT-1,1
TGCTAAGTGTCTATTT-1,1
TGCTATACAAACGGAC-1,1
TGCTATGGCAAAGGGA-1,1
TGCTCAAAGGATGCAC-1,1
TGCTCACACAACAACC-1,1
TGCTCCACAGTTCTTA-1,1
TGCTCGGCGAAACCCA-1,1
TGCTCGGTGGGTCACC-1,1
TGCTCTTGAGAGTTTG-1,1
TGCTGCGTCAGAGTTA-1,1
TGCTGTTGAAGAACTC-1,1
TGCTTAGAGAGAATGC-1,1
TGCTTCCCAAGCAGTA-1,1
TGGAACCACTGACACA-1,1
TGGAAGAAGGGAACGT-1,1
TGGAAGACGAACACCA-1,1
TGGAAGGATAAAGATG-1,1
TGGAATATCCTTGACC-1,1
TGGACCAATCTAAGAT-1,1
TGGACGCAATCCAGCC-1,1
TGGACTGTTCGCTCAA-1,
TGGAGAATAATCGTCC-1,1
TGGAGCTAAAGTTCCC-1,1
TGGAGGGAAACACCTC-1,1
TGGCAAACTAAATTAC-1,1
TGGCAACTCGCGCGCC-1,1
TGGCAAGCACAAGTCG-1,
TGGCAATGGGACGGCG-1,1
TGGCACGAGCTCGAGT-1,1
TGGCAGATTACGATCA-1,1
TGGCAGCAGTAATAGT-1,1
TGGCATGAAGTTTGGG-1,1
TGGCCAAACTGAAGTA-1,1
TGGCCAATTTGGTACT-1,1
TGGCGACTGCTCCAAA-1,
TGGCGATCAAGTTATG-1,1
TGGCGGTGTGCGATTG-1,1
TGGCTACACTCTACCT-1,1
TGGCTATGTGACATAC-1,1
TGGCTTATGTATAATG-1,1
TGGCTTGTACAAGCTT-1,1
TGGGATGCACTCATTC-1,1
TGGGCAATAGTTGGGT-1,1
TGGGCACAAACAGAAC-1,1
TGGGCACGTTCTATGG-1,1
TGGGCAGGCCACCGCA-1,1
TGGGCCACAAGAGCGC-1,1
TGGGCCCATACTAATT-1,1
TGGGCGATACAATAAG-1,1
TGGGTAAGGTTCCCGC-1,1
TGGGTGGGATGTCATT-1,1
TGGGTTTCGGGCGTAC-1,1
TGGTAGAATATATGGG-1,1
TGGTATCGCATCCCAA-1,1
TGGTATCGGTCTGTAT-1,1
TGGTCCCACGCTACGG-1,1
TGGTCGATATACCTCT-1,1
TGGTCGGGTACAGGGC-1,1
TGGTCGTTTGATAGAT-1,1
TGGTTAACTTACATTT-1,
TGGTTAAGGGCGCTGG-1,1
TGGTTCAACGGGTAAT-1,1
TGGTTGGAGGATCCTG-1,1
TGGTTTAAACGTGGGT-1,
TGTAACTTGTCAACCT-1,
TGTAAGACTGATAAGA-1,1
TGTAATGCCTTCGGAC-1,1
TGTACCCGACCCTAAT-1,1
TGTACCTACACGAGGG-1,1
TGTACGAACAAATCCG-1,1
TGTACGCTATCAGCTT-1,1
TGTACTACTCTCACGG-1,1
TGTAGCCATCCCATTC-1,1
TGTATAACAGATCCTG-1,1
TGTATACGGATGATGA-1,1
TGTATCAGACTGAAGC-1,1
TGTATCCTTATTCCAT-1,1
TGTATGGCGCAGACAG-1,1
TGTATTTACCTAATGC-1,1
TGTCATTTGTTGGGAA-1,1
TGTCCACGGCTCAACT-1,1
TGTCCCGACATAGCAC-1,1
TGTCCGCAAACAATTC-1,1
TGTCGTTATCACATAT-1,1
TGTCTACAGTTTCTGT-1,1
TGTGACTACGCCAGTC-1,1
TGTGAGACTAGCCCAA-1,1
TGTGATTCCAGCGCTT-1,1
TGTGCCGGTGCCGGAA-1,1
TGTGGACTATCTACGT-1,
TGTGGAGGAAGCTTAA-1,1
TGTGGCAAAGCGTATG-1,1
TGTGGCGGGCTTCTGG-1,
TGTGGCTCCCACCAAC-1,1
TGTGGTAGGGTGCCTT-1,
TGTGGTTGCTAAAGCT-1,
TGTGTAGTAGCACGTG-1,
TGTTATTGTATGTGGC-1,1
TGTTCCGGCCTGAGCT-1,1
TGTTCGTATTGCGGTG-1,1
TGTTGATCACTGTTTA-1,1
TGTTGCCGTCGTCCCA-1,1
TGTTGTCAAGAAGTCT-1,1
TGTTTAATACTTCATC-1,
TGTTTCGGTACTTCTC-1,1
TGTTTCTGAAGCGTGC-1,1
TGTTTGAGATCGTCAG-1,1
TTAAACCGGTAGCGAC-1,1
TTAAACTCGAATTCAT-1,1
TTAAAGTAAGTCGCCA-1,
TTAACGAACAAGCAGT-1,1
TTAACGTCGCAAGACC-1,1
TTAACTTCAGGTAGGA-1,1
TTAAGACGAACGAACC-1,1
TTAAGATACCCAGAGA-1,1
TTAAGCCGACAACTTC-1,1
TTAAGCGCCTGACCCA-1,1
TTAAGGCCCGTACTTT-1,1
TTAAGTATTGTTATCC-1,1
TTAATCAGTACGTCAG-1,1
TTAATGCGAGGTAACT-1,1
TTAATGTAGACCAGGT-1,1
TTAATTGCTTTGGGTG-1,1
TTAATTTCAGACGCGG-1,1
TTACACGATCTGCGAC-1,1
TTACAGACCTAAATGA-1,1
TTACCCATTGCCGGGT-1,1
TTACCCTAGGGATTGG-1,1
TTACGTAGCGCGTGCT-1,1
TTACGTATCTATGACA-1,1
TTACTAAAGGACTTTA-1,1
TTACTCCGGCCGGGAA-1,1
TTACTCTGGTACGTAC-1,1
TTACTGGGATATTTCA-1,1
TTACTGTCTAGAGCTC-1,1
TTACTGTTTCTCTACG-1,1
TTAGAAGAACATGACT-1,1
TTAGAATAAGGGTCGG-1,1
TTAGACACGATCGTTG-1,1
TTAGACGAGTCACCTC-1,1
TTAGAGTATTGTCGAG-1,1
TTAGAGTTTAGAAGGA-1,1
TTAGCATCCCTCACGT-1,1
TTAGCCATAGGGCTCG-1,1
TTAGCTAATACGATCT-1,1
TTAGGATGGGAGGGTA-1,
TTAGGTCATAACCGAC-1,1
TTAGTAAACCTGCTCT-1,1
TTAGTTATTCGTGGCA-1,1
TTAGTTCAAGTGTTCG-1,1
TTATAGATGCACATTA-1,1
TTATAGGTAATTGTCT-1,1
TTATAGTCCAAGGTGC-1,1
TTATATACGCTGTCAC-1,1
TTATATTTGGCAATCC-1,1
TTATCCGGGATCTATA-1,1
TTATCCTCAAGGAATA-1,1
TTATCTGTATCATAAC-1,1
TTATGAATGAAAGGGA-1,1
TTATGACAAACTGGAT-1,
TTATGCGTCCCGGTCC-1,1
TTATTAGAGCGTGTTC-1,1
TTATTAGGGAAGCATC-1,1
TTATTATCTGGAAGGC-1,
TTATTTAGGTTCCTTA-1,1
TTCAAAGTCTCTAGCC-1,1
TTCAAGCCGAGCTGAG-1,1
TTCAATTAGCCATAAT-1,1
TTCACGAAAGGATCAC-1,1
TTCACGGTCGTCACGT-1,1
TTCACTCGAGCACCTA-1,1
TTCACTTCCTAGAACG-1,
TTCAGCCCTGGTCCAC-1,1
TTCAGCTGGCGTGCCC-1,1
TTCAGTTCAAGAGGAG-1,1
TTCATGGCGCAACAGG-1,1
TTCCAATCAGAGCTAG-1,1
TTCCAATCTGGCTATC-1,1
TTCCACACAGATTTGA-1,1
TTCCACATTTCTCGTC-1,1
TTCCAGTGGGTTTCGT-1,1
TTCCATCATGCGGTGA-1,1
TTCCATCGACAGCGTG-1,1
TTCCCGACGCTTCACT-1,1
TTCCGCAGAGAAATAT-1,1
TTCCGCGTGAGGCGAT-1,1
TTCCGGCCTTGAGGCT-1,
TTCCGGCTCGACTTCT-1,1
TTCCGGTTACCCACTT-1,1
TTCCTCGGACTAACCA-1,1
TTCGAACGAAACATGC-1,1
TTCGACAGAGCCCGTG-1,1
TTCGAGCCGGCGCTAC-1,1
TTCGCACTGTACGACA-1,1
TTCGCCGCTCGCGCTA-1,1
TTCGCGCGCCATACGA-1,1
TTCGCTATCTGACGTG-1,1
TTCGGACTGATGCCTT-1,1
TTCGGACTGGGCATGG-1,1
TTCGGCAACCCGCTGA-1,1
TTCGGGACTAATCGCG-1,1
TTCGGGCGCTAGTCTT-1,
TTCGGGTTGCCACGGG-1,1
TTCGGTACTGTAGAGG-1,1
TTCGGTGGAGACGCCC-1,1
TTCGTAATCCCAGCGG-1,1
TTCGTGGGCTGGAAGC-1,1
TTCGTTCAACGAAGTT-1,1
TTCTACCTCAATCGGT-1,1
TTCTACCTTTATGTTG-1,1
TTCTAGAAAGTCTTAT-1,1
TTCTATTAAACGCAGC-1,
TTCTCAATTGCTACAA-1,1
TTCTCTTACAGGTGAT-1,
TTCTGACCGGGCTCAA-1,1
TTCTGCCGCGCCTAGA-1,1
TTCTGCGGGTTAGCGG-1,1
TTCTGCTAGACTCCAA-1,1
TTCTTAGTGGCTCAGA-1,1
TTCTTATCCGCTGGGT-1,1
TTCTTCCCTTTGATAT-1,1
TTCTTCGCAATAGAGC-1,1
TTCTTGAGCCGCGCTA-1,1
TTCTTGGACGATCTGC-1,1
TTCTTGGAGTAATGAG-1,1
TTCTTTGGTCGCGACG-1,1
TTGAAAGGTGTAAAGG-1,1
TTGAACGACGTGCTGA-1,1
TTGAAGAATTCCCAGG-1,1
TTGAAGGATGGGCGCC-1,1
TTGAATATGGACTTTC-1,1
TTGACAGGAGCTCCCG-1,1
TTGACATGAACGTGGA-1,1
TTGACCAGGAACAACT-1,1
TTGACCATGTTCTCCG-1,1
TTGACCGTGTTAATGA-1,1
TTGACGATTCAGCACG-1,1
TTGACTACCATATGGT-1,1
TTGACTATTGTCCGGC-1,1
TTGAGAAGTTTAGCAT-1,1
TTGAGAGTACTGCTAA-1,1
TTGAGCAGCCCACGGT-1,1
TTGAGGCATTTAACTC-1,1
TTGAGGGTCGAACGCG-1,1
TTGATAGTCAATACAT-1,1
TTGATCTAACTTTGTC-1,1
TTGATGCCGCTCGTCG-1,1
TTGATGTGTAGTCCCG-1,1
TTGATTAGCTGTTTCT-1,1
TTGCACAATTCAGAAA-1,1
TTGCACGGAGCAGCAC-1,1
TTGCAGGTCATGAAGT-1,1
TTGCATGCTGATCACG-1,1
TTGCCAAGCAGAACCC-1,1
TTGCCATAGCCCGCTC-1,1
TTGCCGCAGACCTACA-1,1
TTGCCGCTTTCTAGTA-1,1
TTGCCGGTGATCCCTC-1,1
TTGCCTAATCCAAAGT-1,1
TTGCCTTCTCGCCGGG-1,1
TTGCGCTTGATCAATA-1,1
TTGCGGAAAGCTGCCC-1,1
TTGCGGCATCAGAAAG-1,
TTGCGGCGACTCATGC-1,
TTGCGTCGGCCAACCG-1,
TTGCGTGAACGCTTAG-1,1
TTGCTAGCTACCAATC-1,1
TTGCTCATAGTACGTG-1,1
TTGCTCCCATACCGGA-1,1
TTGCTGATCATGTTCG-1,1
TTGCTGGCCGGGCTTC-1,
TTGGAAGAATACAGTC-1,1
TTGGACCATCTGGCAA-1,1
TTGGACCTATAACAGT-1,1
TTGGAGTCTCCCTTCT-1,1
TTGGATATCGTCTACG-1,1
TTGGATCGACTTCTGG-1,1
TTGGATTGGGTACCAC-1,1
TTGGCCTAGAATTTCG-1,1
TTGGCTCAATATGTGT-1,1
TTGGGAAGACGAGCCG-1,1
TTGGGACACTGCCCGC-1,1
TTGGGACGTAAGAGTT-1,1
TTGGGCGGCGGTTGCC-1,
TTGGTCACACTCGTAA-1,1
TTGGTGCGGTGTTGAA-1,1
TTGGTTCGCTCAAAGG-1,1
TTGGTTGCGGTGCGCG-1,1
TTGTAACTTCATAGCG-1,1
TTGTAAGGACCTAAGT-1,1
TTGTAAGGCCAGTTGG-1,1
TTGTAATCCGTACTCG-1,1
TTGTATCACACAGAAT-1,1
TTGTCTCGGCAAGATG-1,1
TTGTGAACCTAATCCG-1,1
TTGTGCAGCCACGTCA-1,1
TTGTGCGGAAGCGGAT-1,1
TTGTGGCCCTGACAGT-1,1
TTGTGGTAGGAGGGAT-1,1
TTGTGGTATAGGTATG-1,1
TTGTGGTGGTACTAAG-1,1
TTGTGTATGCCACCAA-1,1
TTGTGTTTCCCGAAAG-1,1
TTGTTCAGTGTGCTAC-1,1
TTGTTGGCAATGACTG-1,1
TTGTTGTGTGTCAAGA-1,1
TTGTTTCACATCCAGG-1,1
TTGTTTCATTAGTCTA-1,1
TTGTTTGTATTACACG-1,1
TTGTTTGTGTAAATTC-1,1
