Barcode,Nerve
AAACAAGTATCTCCCA-1,
AAACAGCTTTCAGAAG-1,
AAACATGGTGAGAGGA-1,
AAACATTTCCCGGATT-1,
AAACCCGAACGAAATC-1,
AAACCGGGTAGGTACC-1,
AAACCTAAGCAGCCGG-1,
AAACCTCATGAAGTTG-1,
AAACGAAGATGGAGTA-1,
AAACGAGACGGTTGAT-1,
AAACGGGCGTACGGGT-1,
AAACTGCTGGCTCCAA-1,
AAACTTGCAAACGTAT-1,
AAAGAATGACCTTAGA-1,
AAAGACTGGGCGCTTT-1,
AAAGGGATGTAGCAAG-1,
AAAGGGCAGCTTGAAT-1,
AAAGTCGACCCTCAGT-1,
AAAGTGTGATTTATCT-1,
AAAGTTGACTCCCGTA-1,
AAATAACCATACGGGA-1,
AAATAAGGTAGTGCCC-1,
AAATACCTATAAGCAT-1,
AAATAGCTTAGACTTT-1,
AAATAGGGTGCTATTG-1,
AAATCCGATACACGCC-1,
AAATCGCGGAAGGAGT-1,
AAATCGTGTACCACAA-1,
AAATCTAGCCCTGCTA-1,
AAATGCTCGTTACGTT-1,
AAATGGCATGTCTTGT-1,
AAATGGTCAATGTGCC-1,
AAATGTATCTTATCCC-1,
AAATTAACGGGTAGCT-1,
AAATTAATAAGCGCGA-1,
AAATTACACGACTCTG-1,
AAATTACCTATCGATG-1,
AAATTCCAGGTCCAAA-1,
AACAACTGGTAGTTGC-1,
AACAATTACTCTACGC-1,
AACACACGCTCGCCGC-1,
AACAGGAAATCGAATA-1,
AACAGGATGGGCCGCG-1,
AACAGGTAGTATGGAT-1,
AACATATCAACTGGTG-1,
AACCAAGACTTCTCTG-1,
AACCCAGAGACGGAGA-1,
AACCCGAGCAGAATCG-1,
AACCCTACTGTCAATA-1,
AACCGAGCTTGGTCAT-1,
AACCGCTAAGGGATGC-1,
AACCTCGCTTTAGCCC-1,
AACCTGTCACGGAATT-1,
AACGATAATGCCGTAG-1,
AACGATAGAAGGGCCG-1,
AACGATATGTCAACTG-1,
AACGCGGTCTCCAGCC-1,
AACGCTGTTGCTGAAA-1,
AACGGACGTACGTATA-1,
AACGTCAGACTAGTGG-1,
AACGTGCGAAAGTCTC-1,
AACGTTATCAGCACCT-1,
AACTACCCGTTTGTCA-1,
AACTCAAGTTAATTGC-1,
AACTCCAGAGCGTGTT-1,
AACTCTCAATAGAGCG-1,
AACTGATATTAGGCCT-1,
AACTGGGTCCCGACGT-1,
AACTTCTGCGTCTATC-1,
AACTTGCCCGTATGCA-1,
AACTTTACGGGAGCTT-1,
AAGACTGCAAGCTACT-1,
AAGAGATGAATCGGTA-1,
AAGAGCTCTTTATCGG-1,
AAGAGGATGTACGCGA-1,
AAGAGGCATGGATCGC-1,
AAGAGGCCCTTTGGAA-1,
AAGATTGGCGGAACGT-1,
AAGCACCCTGCGTATC-1,
AAGCATACTCTCCTGA-1,
AAGCCGAAGCGGTTTA-1,
AAGCTAGATCGAGTAA-1,
AAGCTCGTGCCAAGTC-1,
AAGCTCTTTCATGGTG-1,
AAGGAGCGGTTGGTGC-1,
AAGGATCGATCGCTTG-1,
AAGGATGAGGGACCTC-1,1
AAGGCAGGCTGTCTCC-1,
AAGGCGCGTAAAGCTT-1,
AAGGCTGTGCTCATCG-1,
AAGGGACAGATTCTGT-1,
AAGGGTTTGATTTCAG-1,
AAGGTATCCTAATATA-1,
AAGGTGATAAACCAGC-1,
AAGTAGAAGACCGGGT-1,
AAGTAGTGACGCGAGG-1,
AAGTCAATTGTCGTCA-1,
AAGTCTTCTGTGGCCT-1,
AAGTGACGACCGAATT-1,
AAGTGCAAAGGTAGAC-1,
AAGTGCCTTGACTGTA-1,
AAGTGTTTGGAGACGG-1,
AAGTTCACTCCAAGCT-1,
AATAACAACGCTCGGC-1,
AATACAATGTTTCAGG-1,
AATAGAATCTGTTTCA-1,
AATAGTCGCGAGTCGG-1,
AATATCCTAGCAAACT-1,
AATATCGAATCAATGC-1,
AATATCGAGGGTTCTC-1,
AATATTGGAGTATTGA-1,
AATCATGTAAAGACTC-1,
AATCCAAGGGCCTGAG-1,
AATCGCCTCAGCGCCA-1,
AATCGCGCAGAGGACT-1,
AATCTATGCCGGAGCC-1,
AATCTCTACTGTGGTT-1,
AATCTGCGTTGGGACG-1,
AATGACGTAGGATGTC-1,
AATGACTGTCAGCCGG-1,
AATGATGATACGCTAT-1,
AATGATGCGACTCCTG-1,
AATGCAACCGGGTACC-1,
AATGCACCAAGCAATG-1,
AATGGTCCACCGTTCA-1,
AATGGTTCTCACAAGC-1,
AATTAAAGGTCGGCGT-1,
AATTACGAGACCCATC-1,
AATTCATAAGGGATCT-1,
AATTCTAGAGTTAGGC-1,
AATTGAACGCTCTGGT-1,
AATTGCAGCAATCGAC-1,
ACAAAGAAGGTAGGCC-1,
ACAAAGCATGACCTAG-1,
ACAAATCGCACCGAAT-1,
ACAAATGGTAGTGTTT-1,
ACAACAGCATGAGCTA-1,
ACAACGGTCCCTGCGA-1,
ACAAGCAGTGCCTAGC-1,
ACAAGCTATATGGAAG-1,
ACAAGGAAATCCGCCC-1,
ACAAGGACAAGAGGTT-1,
ACAAGGATGCTTTAGG-1,
ACAAGGGCAGGCTCTG-1,
ACAATAGTCGTACGTT-1,
ACAATCCATTTAAACC-1,
ACAATTGTGTCTCTTT-1,
ACAATTTAGGAGGCTC-1,
ACAATTTGAGCAGTGG-1,
ACAATTTGGCCATATT-1,
ACACAAAGACGGGTGG-1,
ACACACCAGGACCAGT-1,
ACACACTTTCTACACG-1,
ACACCACATAATTAGC-1,
ACACCCAGCATGCAGC-1,
ACACCCGAGAAATCCG-1,
ACACCTTAAGTAGGGC-1,
ACACCTTACTACTTGC-1,
ACACGAGACTCCTTCT-1,
ACACGGGAACTTAGGG-1,
ACACGTAGGCCACAAG-1,
ACACTGGGACAGTCGT-1,
ACAGCGACATTCTCAT-1,
ACAGGCTTGCCCGACT-1,
ACAGGTGTGTTGTTGC-1,
ACAGTAATACAACTTG-1,
ACATAATAAGGCGGTG-1,
ACATCAGCTGGGACGC-1,
ACATCCTGGTAACTGT-1,
ACATCGATCGTTTACC-1,
ACATCGGTCAGCCGCG-1,
ACATCGTATGCAATGG-1,
ACATGGCGCCAAAGTA-1,
ACCAACCGCACTCCAC-1,
ACCAAGAACGCGTGTC-1,
ACCAATATGCAAGTTA-1,
ACCACAAGTTTCTATC-1,
ACCACCAATGTAACAA-1,
ACCACGTGCAGCTATA-1,
ACCAGACCATAACAAC-1,
ACCAGTGCGGGAGACG-1,
ACCATATCCGCAATAA-1,
ACCATCCGCCAACTAG-1,
ACCATCGTATATGGTA-1,
ACCCAACGCCCGTGGC-1,
ACCCACCTACATGCTC-1,
ACCCATCTTGAGGGTA-1,
ACCCATTTGTCCCTCT-1,
ACCCGGATGACGCATC-1,
ACCCGGTTACACTTCC-1,
ACCCTCCCTTGCTATT-1,
ACCGACTGAGTCCCAC-1,
ACCGATGGTAGCATCG-1,
ACCGCAATAACTGCCT-1,
ACCGCGGTGGAAGTCG-1,
ACCGGGCCTTTGTTGA-1,
ACCTAATCGACTTCCT-1,
ACCTACAGTATGTGGT-1,
ACCTCCGCCCTCGCTG-1,
ACCTCCGTTATTCACC-1,
ACGAAATGGGCGGCAC-1,
ACGAGTACGGATGCCC-1,
ACGATACATAGAACTA-1,
ACGATACCTATCCTGA-1,
ACGATCATACATAGAG-1,
ACGATCATCTTGTAAA-1,
ACGATGCATATGTTAT-1,
ACGCAATCACTACAGC-1,
ACGCATACGTTTACTA-1,
ACGCATTCGTGAGTAC-1,
ACGCCAGATGATTTCT-1,
ACGCCGCTAGACGACC-1,
ACGCGAAGTCAGACGA-1,
ACGCGCTACACAGGGT-1,
ACGCGGGCCAAGGACA-1,
ACGCGTTTCTTAAGAG-1,
ACGCTAGTGATACACT-1,
ACGCTGTGAGGCGTAG-1,
ACGGATGGTGCGGATA-1,
ACGGCGACGATGGGAA-1,
ACGTAGATTGCTGATG-1,
ACGTATTACTCCGATC-1,
ACGTCTCGTTCCGGGA-1,
ACGTGACAAAGTAAGT-1,
ACGTGCGCCTCGTGCA-1,
ACGTTAATGTCGAAGA-1,
ACGTTAGATTTGCCCG-1,
ACGTTATTGGTCACTC-1,
ACGTTCGCAATCAATT-1,
ACGTTCTGTACAAGTC-1,
ACGTTTAGTTGTGATC-1,
ACTACCAGCTCTCTGG-1,
ACTAGTTGCGATCGTC-1,
ACTATCCAGGGCATGG-1,
ACTATCTGCCCGCGTA-1,
ACTATTCGTCCGTGGT-1,
ACTCAAGTGCAAGGCT-1,
ACTCAATAAAGGCACG-1,
ACTCCCGAATTCGTTT-1,
ACTCCCTAGAATAGTA-1,
ACTCGTCAGTAATCCC-1,
ACTCTAAACCTGGGAT-1,
ACTCTCTGACTTAGGT-1,
ACTCTTGTATAGTAAC-1,
ACTGAAACGCCGTTAG-1,
ACTGAATGGCGAAAGT-1,
ACTGCCGTCGTAACTC-1,
ACTGCGGACACACCGT-1,
ACTGTACGATACACAT-1,
ACTGTAGCACTTTGGA-1,
ACTGTCCAGGATTATA-1,
ACTGTCTTCTTTAGAA-1,
ACTTACGCATCCACGC-1,
ACTTATACTTACCCGG-1,
ACTTATTAGGATCGGT-1,
ACTTATTTATGTGCCA-1,
ACTTCAGGCTGATCCC-1,
ACTTCCAGTGGAAGCT-1,
ACTTCCATGCGGGACA-1,
ACTTCGCCATACGCAC-1,
ACTTGACTCCCTCTTT-1,
ACTTGGGACCCGGTGG-1,
ACTTGTAGTCCCTTCA-1,
ACTTGTGGATGGAACG-1,
ACTTTACCCTCATGAA-1,
ACTTTCCTATAGCTTC-1,
ACTTTGACTGCATCCT-1,
AGAAATTATGACTCGC-1,
AGAACGTGGTACATTC-1,
AGAAGAGCGCCGTTCC-1,
AGAAGGTTGCCGAATT-1,
AGAAGGTTGTAGGTCG-1,
AGAATAAATCTTCAGG-1,
AGAATTATGGATTCGA-1,
AGAATTGTTTGACATA-1,
AGACAGCTCAGAATCC-1,
AGACCATGGGATACAA-1,
AGACCCACCGCTGATC-1,
AGACCCGCCCTCCTCG-1,
AGACCGCTCCGCGGTT-1,
AGACCGGGAAACCCTG-1,
AGACGAAGTGCCGGTC-1,
AGACTAGCCTTCCAGA-1,
AGAGAACCGTCTAGGA-1,
AGAGATCTCTAAAGCG-1,
AGAGCAGTTATGAGAC-1,
AGAGCCGCCGAGATTT-1,
AGAGCGGGCTAATCAT-1,
AGAGCGTACAAGCTCG-1,
AGAGGCTTCGGAAACC-1,
AGAGTAAACTTCACTA-1,
AGATAACTTCAGGGCC-1,
AGATACCAATAGAACC-1,
AGATACCGGTGTTCAC-1,
AGATACGACTTCATAT-1,
AGATACTCAAGATCGA-1,
AGATCGTGCATAAGAT-1,
AGATCTCAGGTGTGAT-1,
AGATGACTCGCCCACG-1,
AGATGATGGAGTCTGG-1,
AGATGCATCCTGTGTC-1,
AGATTATAGGACGTTT-1,
AGCAACATATCTTATT-1,
AGCACCAGTACTCACG-1,
AGCACTACCGGCCTGT-1,
AGCACTACCTCACCAG-1,
AGCACTTAAGGACGCC-1,
AGCATATCAATATGCT-1,
AGCATCGTCGATAATT-1,
AGCCACAGGTTACCCG-1,
AGCCACTCCCGTGCTT-1,
AGCCCATACATGTAAG-1,
AGCCCTAAGCGAAGTT-1,
AGCCCTGTCGCACCGT-1,
AGCCCTTGGACATCCC-1,
AGCCGCAAATTCAAAT-1,
AGCCTTAAAGCGGAAG-1,
AGCGACATCCCATTCA-1,
AGCGACCAACGATATT-1,
AGCGATGCGCCTAATA-1,
AGCGCGGGTGCCAATG-1,
AGCGTGGTATTCTACT-1,
AGCTAAGTACGCAGGC-1,
AGCTAGAAGCAGAAGT-1,
AGCTATTTAATCCAAC-1,
AGCTCCATATATGTTC-1,
AGCTCCTTCGCACATC-1,
AGCTCTAGACGTTCCA-1,
AGCTCTTCCCAGTGCA-1,
AGCTCTTCGTAACCTT-1,
AGCTCTTTACTCAGTT-1,
AGCTGAAGTAAACCAA-1,
AGCTTGATCTTAACTT-1,
AGGACAGTCGAATCCC-1,
AGGACATCGCACGTCG-1,
AGGACGACCCATTAGA-1,
AGGAGGCCTTCGCGCG-1,
AGGATATAGGGATTTA-1,
AGGCACGTGACTGTCC-1,
AGGCAGATGCGTAAAC-1,1
AGGCATTGTCGTAGGG-1,
AGGCCACCCGTTATGA-1,
AGGCCCATTGTACAGG-1,
AGGCCTGAGAATCTCG-1,
AGGCTATGGTTAGCTT-1,
AGGCTTGCTAGACACC-1,
AGGGAAACGAGGTACT-1,
AGGGACCGGCTGCGTT-1,
AGGGCGAGCAGCTGAT-1,
AGGGCGTGATCGGCTA-1,
AGGGCTGCAGTTACAG-1,
AGGGTCGATGCGAACT-1,1
AGGGTGCTCTCGAGGG-1,
AGGGTGGATAGTGCAT-1,
AGGGTTCCCTTTGGTT-1,
AGGGTTTAGTTCGGGA-1,
AGGTACGATATTGCCA-1,
AGGTAGGTACAAAGCT-1,
AGGTATAATTGATAGT-1,
AGGTCGCGGAGTTACT-1,
AGGTGTATCGCCATGA-1,
AGGTTACACCATGCCG-1,
AGGTTGAGGCACGCTT-1,
AGGTTTCACACACCTT-1,
AGTAATGTCTTGCCGC-1,
AGTACATCATTTATCA-1,
AGTACGGCCCGTATCG-1,
AGTACGGGCACCTGGC-1,
AGTACTCTTATGCCCA-1,
AGTATAATACTAGGCA-1,
AGTCAACACCACCATC-1,
AGTCAAGATGACACTT-1,
AGTCACTAGCTCTCGA-1,
AGTCCATTGGCTGATG-1,
AGTCCCGCCTTTAATT-1,
AGTCGACGGTCTCAAG-1,
AGTCGGCCCAAACGAC-1,
AGTCGGTTGCGTGAGA-1,
AGTCGTATAAAGCAGA-1,
AGTCGTCGACCACCAA-1,
AGTCTAAAGTATACTC-1,
AGTCTGGACATCCTTG-1,
AGTCTTCTCCTCAAAT-1,
AGTGAACAAACTTCTC-1,
AGTGACCTACTTTACG-1,
AGTGAGACTTCCAGTA-1,
AGTGAGCCTCGCCGCC-1,
AGTGATAACCTGCGCG-1,
AGTGATTCAAGCAGGA-1,
AGTGCACGCTTAAGAA-1,
AGTGCTAAACACAGCA-1,
AGTGCTTGCACGAATA-1,
AGTGGCGGCAATTTGA-1,
AGTGGCGTCTGAAGGT-1,
AGTGGCTCCGTCGGCC-1,
AGTGGTGTTACCCGTG-1,
AGTGGTTGCGTATAGG-1,
AGTGTGGTCTATTGTG-1,
AGTTAAACACTTGCGA-1,
AGTTAAGCGGTCCCGG-1,
AGTTACCCTTAAGACT-1,
AGTTACCGCACATGGT-1,
AGTTACTCTATCGTGG-1,
AGTTCACCGGTTGGAC-1,
AGTTCCTACAGAATTA-1,
AGTTCCTATTTATGTT-1,
AGTTGCTGACTGATAT-1,
AGTTTGCACCTGCCTC-1,
AGTTTGGCACGGGTTG-1,
ATAAACGGACCCGTAA-1,
ATAAACGTTGCACCAC-1,
ATAAAGGCTCGGTCGT-1,
ATAAATATTAGCAGCT-1,
ATAACGCCGGAGGGTC-1,
ATAACGGAGTCCAACG-1,
ATAAGGTGGAGAACAT-1,
ATAAGTAGGATTCAGA-1,
ATAAGTAGGGCGACTC-1,
ATAATAGCTGTTGAAT-1,
ATAATAGTGTAGGGAC-1,
ATAATCTTGGAGAACC-1,
ATACAGGCCCTCCAAT-1,
ATACCACGGGCAACTT-1,
ATACGCCGGCGAAACC-1,
ATACGGGTTTCGATTG-1,
ATACGGTGAAGATGCA-1,
ATACGTACTTAGCCAC-1,
ATACGTCCACTCCTGT-1,
ATACTACCCGTACCAC-1,
ATACTAGCATGACCCT-1,
ATACTGCCTTACACCG-1,
ATACTTGTTCTCGAGC-1,
ATAGACAACGGGACCT-1,
ATAGACGAAGAGAAAG-1,
ATAGAGTACTGGGACA-1,
ATAGAGTTATCAACTT-1,
ATAGCAACTAGGGAAG-1,
ATAGGCTAGCTTCGCA-1,
ATAGGGATATCCTTGA-1,
ATAGGTTGGGCAGATG-1,
ATAGTGAAGCGTTCTC-1,
ATAGTTCCACCCACTC-1,
ATATAAATGTAGCTGC-1,
ATATAACACGGGCGCA-1,
ATATACATGTATGGTA-1,
ATATACGCTCGTGACG-1,
ATATCAACCTACAGAG-1,
ATATCAATTCCAGCCT-1,
ATATCGGTAGGGAGAT-1,
ATATCGTTCCTCGAAC-1,
ATATCTCCCTCGTTAA-1,
ATATCTTAGGGCCTTC-1,
ATATGTCTCCCTAGCC-1,1
ATATTCCACATAGTGA-1,
ATATTGCTGTCAAAGT-1,
ATATTTAACCCTCAAG-1,
ATCAAACACTGTTCCA-1,
ATCAATCTGGGCTGCA-1,
ATCACATTAGAATATC-1,
ATCACTTCATCCTCGC-1,
ATCAGCCTCATGCTGC-1,
ATCAGTAGGCAGGGAT-1,
ATCATAGCCCTATGTA-1,
ATCATCCAATATTTGT-1,
ATCATTGTACCGCATT-1,
ATCCAACGCAGTCATA-1,
ATCCAATGGTACCGAA-1,
ATCCAGGATTCGTGAA-1,
ATCCTGAATCGCTGCG-1,
ATCGACCCAATACAGA-1,
ATCGACTCTTTCCGTT-1,
ATCGCACGCCGGGAGA-1,
ATCGCCAGTCAACATT-1,
ATCGGAGACAGACGGC-1,
ATCGGCAAGCAGTCCA-1,
ATCGGTTACCTAGTAA-1,
ATCGTATTCCGAGAAC-1,
ATCGTTAGCTAGCGGA-1,
ATCTCCCACGGAATAT-1,
ATCTCCCTGCAATCTA-1,
ATCTCGTGAGCGAAAC-1,
ATCTGCACCTCTGCGA-1,
ATCTGGTTAAGACTGT-1,
ATCTGTAATTGTACCC-1,
ATCTTATCGCACACCC-1,
ATCTTGACCTGCAACG-1,
ATCTTGACTTGTCCAA-1,
ATGAAGCCAAGGAGCC-1,
ATGAAGTGGACCCAGC-1,
ATGACGCCGGCTCTAA-1,
ATGACTATGCGACATT-1,
ATGAGGAGTGTTAATC-1,
ATGAGGGCAGCGGCTA-1,
ATGATCGGGAATAGAC-1,
ATGATGCAATGGTACA-1,
ATGCACTACCGCATTG-1,
ATGCATGATCCAGGAT-1,
ATGCCATTTGCGACCA-1,
ATGCCGGTCTTGCATA-1,
ATGCCGGTTGATGGGA-1,
ATGCGACAGTCCCATT-1,
ATGCGAGTCCCACCAC-1,
ATGCTCAGTGTTGCAT-1,
ATGCTCTGGCGCGGTA-1,
ATGCTTAGGAGTTGAT-1,
ATGGAGCAGGCCGTGA-1,
ATGGATCCGGCGTCCG-1,
ATGGATTGACCAAACG-1,
ATGGCAGCCGAGAAAC-1,
ATGGGCCTCGGCCTCT-1,
ATGGTCGCGTGGTTTC-1,
ATGTAAGGCTGCTCTT-1,
ATGTGCATCCGACGCA-1,
ATGTGGACATCTTGAT-1,
ATGTTCGTCGACCCAC-1,
ATGTTGATTAGAGACT-1,
ATTAAACATGCGGACC-1,
ATTAATACTACGCGGG-1,
ATTAATGAACCAGTCG-1,
ATTAATTCGGTCACTC-1,
ATTACAACTACCGGCC-1,
ATTACATGTCAGTCTT-1,
ATTACCACACTGCCTG-1,
ATTACGCGCTGGCAGG-1,
ATTACTAGCCTCTTGC-1,
ATTAGATTCCTCAGCA-1,
ATTAGATTGATAGCGG-1,
ATTAGGCGATGCTTTC-1,
ATTATACTTTGCTCGT-1,
ATTATAGCTACTTTAC-1,
ATTATGCCATAGGGAG-1,
ATTATTCAGAGTCACT-1,
ATTCAACCATTTAAGG-1,
ATTCAGGACCTATTTC-1,
ATTCAGTAGCAGGGTC-1,
ATTCATATACTGTCCA-1,
ATTCATCGTTGAGGCA-1,
ATTCCCACATAAACAA-1,
ATTCCCGAAGGTACAG-1,
ATTCCTCCGCCAGTGC-1,
ATTCGACGCCGGGCCT-1,
ATTCGCGCCTTGAGAG-1,
ATTCGTGCTATCTCTT-1,
ATTGAAGATCTTAGTG-1,
ATTGATGAGTCCTAAC-1,
ATTGCCTTTATGTTTG-1,
ATTGCGATCAGTAACT-1,
ATTGCTGCTCCTCCAT-1,
ATTGGATTACAGCGTA-1,
ATTGGTAGGATCCGCT-1,
ATTGTACAACTCGGCT-1,
ATTGTCGCAATACCTT-1,
ATTTAACTCGTATTAC-1,
ATTTACAGTTTACTGG-1,
ATTTACTAAGTCCATT-1,
ATTTCATTATTTCGCG-1,
ATTTGGAGATTGCGGT-1,
ATTTGTCTTGGGAGCT-1,
ATTTGTTCCAGGGCTC-1,
CAAACCAGGTCTGCAT-1,
CAAACGGTCGCACTTT-1,
CAAACTACGATAGAGA-1,
CAAACTATTGAGCTTC-1,
CAAACTCGCGACGCCG-1,
CAAATTGTCAGCAAGC-1,
CAACACATCTCCTGCC-1,
CAACCAGTGGCCTACC-1,
CAACCTACCGAGCAGT-1,
CAACGACCCGTTTACA-1,
CAACGGTTCTTGATAC-1,
CAACGTGGTGGAGTCT-1,
CAACTATATCGAATGC-1,
CAACTCCTTGATCCCG-1,
CAAGAGGGCGGAGTAC-1,
CAAGATATTATAACGT-1,
CAAGCAACGTCGGAGT-1,
CAAGCACCAAATGCCT-1,
CAAGCGGCACATAATT-1,
CAAGGATCGCATGTTC-1,
CAAGGCCAGTGGTGCA-1,
CAAGGTCCTATAGGCT-1,
CAAGTGTGGTTGCAAA-1,
CAATAAACCTTGGCCC-1,
CAATACGAGAGTCTGA-1,
CAATACGCTCTGAGGC-1,
CAATCCCTATACCAGC-1,
CAATGCGAGAAGTATC-1,
CAATGGATCTCTACCA-1,
CAATGTGCCAACCCTT-1,
CAATTAAGGGTGATGA-1,
CAATTGGGCCGCACTC-1,
CAATTTCGTATAAGGG-1,
CACAATGAGCTGCTAT-1,
CACACACGCTAACGAG-1,
CACACAGCTTGCGCTC-1,
CACACAGGGATAGATT-1,
CACACGCGCTGTCTTA-1,
CACAGCACCCACGGCA-1,
CACAGCTAGGGAGTGA-1,
CACAGGGCCATATAGT-1,
CACAGTCCCGCTTCGC-1,
CACAGTTCGCTTCCCA-1,
CACATATTAGCAGGAT-1,
CACATCTCACCGACGA-1,
CACATGATTCAGCAAC-1,
CACATTCTTTCGATGG-1,
CACATTTCTTGTCAGA-1,
CACCAATCATCCGTCT-1,
CACCACGCCACACAGA-1,
CACCCAAATCTTATGT-1,
CACCCACACGTCACCC-1,
CACCCACGAGGCAATT-1,
CACCCTAACAAGATCT-1,
CACCGCCAGAAGGTTT-1,
CACCGTATCCCATCCG-1,
CACCTAATAGAGTCGT-1,
CACCTAATCAGTTTAC-1,
CACCTCGATGGTGGAC-1,
CACCTTGCGAAACTCG-1,
CACCTTGGCGCCTTTG-1,
CACGAAAGTTAGTCCC-1,
CACGCACAGCGCAGCT-1,
CACGCAGCGAGGCTTT-1,
CACGCGGAACTGTTGC-1,
CACGGGATTGAGGGTT-1,
CACGTTCGTGCTCTAG-1,
CACGTTTCGTACACAC-1,
CACTAAAGTTGCCTAT-1,
CACTACGGGAGCTGCC-1,
CACTCAAGAGCTATGG-1,
CACTCAGCTCTTGAGG-1,
CACTCCTCTCGGTCGG-1,
CACTCGAGCTGAACAA-1,
CACTCGGTTAGGAGGA-1,
CACTCTTCTGCTAGCC-1,
CACTGTCCAAGTGAGA-1,
CACTTAATCAGACGGA-1,
CACTTCGCCACAGGCT-1,
CAGAACTTAGCCCTCT-1,
CAGAATAACACACGGA-1,
CAGACCTGTAAGTGTT-1,
CAGAGCATGAGCTTGC-1,
CAGATAATGGGCGGGT-1,
CAGATACTAACATAGT-1,
CAGATGTTTGTCCCAA-1,
CAGCAGCCCGTTCCTT-1,
CAGCAGTCCAGACTAT-1,
CAGCCTCCTGCAGAGG-1,
CAGCGCCAACACGATA-1,
CAGCTCACTGAGACAT-1,
CAGCTCGACAAGTTAA-1,
CAGCTCGTGCTTGTGT-1,
CAGCTTAGTAGGTAGC-1,
CAGGAAGACTTTATAT-1,
CAGGATATATCGTTGT-1,
CAGGCAGTCTTACCAG-1,
CAGGCCGTTTGGGTGT-1,
CAGGCGCCATGCTAGG-1,
CAGTAATCCCTCCCAG-1,
CAGTAGCCCACGCGGT-1,
CAGTCGAGGATGCAAT-1,
CAGTCGGCCTAGATAT-1,
CAGTCTGTATACTGGG-1,
CAGTGAATAAATGACT-1,
CAGTGTCCGCAGAATG-1,
CAGTGTCGGCTGGCCC-1,
CAGTTCAAATTGACAC-1,
CAGTTCCGCGGGTCGA-1,
CATAACGGACAGTCGT-1,
CATAAGCTCTCCGTCT-1,
CATACACAAAGTCAGC-1,
CATACCCGTACCCAGT-1,
CATACGGCGTCTGGGC-1,
CATACTATGTAATTGT-1,
CATACTTAGGCAATAC-1,
CATAGCCGCCCGGGAT-1,
CATAGTACATTGAGAG-1,
CATAGTAGCATAGTAG-1,
CATAGTCAAATACATA-1,
CATATAGGTACAGTCA-1,
CATCATTACCCTGAGG-1,
CATCCTCTCAAAGATC-1,
CATCGCCCGCGGCCAA-1,
CATCGGACGGGTTAAT-1,
CATCGTCCGGTTACTA-1,
CATCTAGTGAAGGGAA-1,
CATCTGCAGGATCATT-1,
CATCTTACACCACCTC-1,1
CATGACTTCGCTGAAT-1,
CATGAGATGCACTCTC-1,
CATGATGCACAATTCT-1,
CATGATGGAAGTTAGC-1,
CATGCCAACTCGCAAA-1,
CATGCGACCAGTTTAA-1,
CATGCGTTAGACAGAA-1,
CATGGATTGTCTTCCG-1,
CATGGCAGGAAGATCG-1,
CATGGGTATGCCTTAT-1,
CATGGGTCGGGTGTGG-1,
CATGGTAAGTAGCGTT-1,
CATGGTCTAGATACCG-1,
CATGTAAGAGACATTT-1,
CATGTCTCATTTATGG-1,
CATTACGTCGGCCCGT-1,
CATTATGCTTGTTGTG-1,
CATTCCCATTCCGTCG-1,
CATTGCGAAATGGGCG-1,
CATTTAGCGGACCATG-1,1
CATTTCTAGCAGACTA-1,
CCAAACAGAACCCTCG-1,
CCAAATAACAAGATTC-1,
CCAACGATGCACTGAT-1,
CCAAGACTTCTGCGAA-1,
CCAAGCGTAACTCGTA-1,
CCAAGGAACAGAGAGG-1,
CCAATAGATTTCATCT-1,
CCAATAGTGCCGTCGA-1,
CCAATCGGTAGATCGA-1,
CCAATGTCACAGCAAG-1,
CCAATTACGGGTCGAG-1,
CCAATTGAATGTTAAT-1,
CCACAATGTACGTCTT-1,
CCACACTGAGATATTA-1,
CCACAGTACCCATCCT-1,
CCACATACTGCACCCA-1,
CCACATGGCTCTTTAT-1,
CCACCCAAGGAAAGTG-1,
CCACGAATTTAACCTC-1,
CCACGAGAAGAGAATC-1,
CCACGGTGCCCGGTAG-1,
CCACGTAAATTAGACT-1,
CCACTATCCGGGTCAC-1,
CCACTGGTGGCTGGTT-1,
CCACTGTTTGGATTAA-1,
CCAGAGACAAAGCCGG-1,
CCAGATAGTTGAGTGA-1,
CCAGCCTGGACCAATA-1,
CCAGCTGATGGTACTT-1,
CCAGCTTCCGCCCGCA-1,
CCAGGGACGTGGCCTC-1,
CCAGTAGTCTGATCCA-1,
CCAGTCAAATCTCTTA-1,
CCAGTCTAGACGGCGC-1,
CCATAAACAACCCGAC-1,
CCATAACCTGTGCAGT-1,
CCATACCTTTACTTGT-1,
CCATACTCGCCTCTCC-1,
CCATAGAGGCTGCCAG-1,
CCATAGGTTGGCGTGG-1,
CCATATGGAAACTATA-1,
CCATCCATACCAAGTC-1,
CCATCGCAGTTAAACT-1,
CCATCTCACCAGTGAA-1,
CCATGCCCTAGATTTC-1,
CCATGCCTGTTTAGTA-1,
CCATGCTCTGCAGGAA-1,
CCATGGCCCTTGTACC-1,
CCATTAGCGATAATCC-1,
CCATTCCCTGCCCACA-1,
CCATTTCTACCTATTA-1,
CCCAAACATGCTGCTC-1,
CCCAAGTCATTACACT-1,
CCCAATTTCACAACTT-1,
CCCACTCCACGGTATC-1,
CCCAGGTCTGAAGGCT-1,
CCCAGTTAAGGCGCCG-1,
CCCGAAGTTTCGCGAA-1,
CCCGACCATAGTCCGC-1,
CCCGAGTTTCTCCGTA-1,
CCCGCAGCGCGAACTA-1,
CCCGCAGGGCCCAAAG-1,
CCCGCCATGCTCCCGT-1,
CCCGCGCAATGCACCC-1,
CCCGGTGGAAGAACCT-1,
CCCGTAAGTCTAGGCC-1,
CCCGTCAGCGTCTGAC-1,
CCCGTGAGGGCGGTGA-1,
CCCGTTTCGCAGATGT-1,
CCCTAGGCAACAAGAG-1,
CCCTCATTCTGGAATT-1,
CCCTCCTCGCTCGTAT-1,
CCCTGAAATGAGTTGA-1,
CCCTGACTAACAAATT-1,
CCCTGCCCAATCCGCT-1,
CCCTGCGCTACGCATA-1,
CCCTGGCTGTTCCTTC-1,
CCCTTTAATGGAGTTC-1,
CCGAAAGTGGTGAGCA-1,
CCGAACACTGGGCCTC-1,
CCGAACCTTCCCGGCC-1,
CCGAAGTATATTGTTC-1,
CCGACAAAGGGAGTGC-1,
CCGACAATAGGCCGCC-1,
CCGAGAAGTCGCATAA-1,
CCGATCTCAACCTTAT-1,
CCGATTCGAGGGACCC-1,
CCGCACAAAGACCAAC-1,
CCGCACGTGACCTCGG-1,
CCGCCGTTGAGGATAA-1,
CCGCCTTGCGATGTCG-1,
CCGCGATTTGGTAGGT-1,
CCGCGCAAGATACCCA-1,
CCGCGGGTACGAAGAA-1,
CCGCGTAGGTAAGGGC-1,
CCGCTATCAGCACCAG-1,
CCGCTCTTCCGAACTA-1,
CCGGAATGGTTTCAGT-1,
CCGGCACGACCGTTTC-1,
CCGGCCGCGAGCATAT-1,
CCGGCGCATATTGGAT-1,
CCGGCGTGAGACTCTG-1,
CCGGGACCCGCAGAGA-1,
CCGGGCGGTCTCGTCA-1,
CCGGGCTGCTCCATAC-1,
CCGGGTTCGAGGTTAC-1,
CCGGTAATGGCTAGTC-1,
CCGTAAGTTGGTCCCA-1,
CCGTAGGAAATCCCTG-1,
CCGTAGGGTTGTTTAC-1,
CCGTGAGGCATTCATG-1,
CCGTGGAACGATCCAA-1,
CCGTTACGTTAGAACA-1,
CCGTTCCGAATCTCGG-1,
CCTAAAGGCTGACGCT-1,
CCTAAATTAACGGTTC-1,
CCTAAATTGTATCCTA-1,
CCTAACCCAAACAAGT-1,
CCTAACTAAGGCTCTA-1,
CCTACGGCTCAGTCGA-1,
CCTACTGCTTACACTT-1,
CCTAGGCGTAGCGATC-1,
CCTAGTTAGTCGCATG-1,
CCTATAATGAGTGCCC-1,
CCTATCTATATCGGAA-1,
CCTATGAAGTGGTGCC-1,
CCTATGGGTTACCGTC-1,
CCTATGTCCACTCCAC-1,
CCTCAACGATCGCTGT-1,
CCTCACCAATCTTGAC-1,
CCTCACCTGAGGGAGC-1,
CCTCACCTTAGCATCG-1,
CCTCCGACAATTCAAG-1,
CCTCCTGAGCCCACAT-1,
CCTCCTGTTGTGTCGT-1,
CCTCGAAGTGGACGGG-1,
CCTCGCCAGCAAATTA-1,
CCTCGCGCGATATAGG-1,
CCTCGGACCGGGATAG-1,
CCTCGGATGCTACCTG-1,
CCTCTAATCTGCCAAG-1,
CCTCTCTCCCATCTAG-1,
CCTCTGGCCTAGACGG-1,
CCTGAACGATATATTC-1,
CCTGAATATTTACATA-1,
CCTGACCACCGATGGT-1,
CCTGCCCGTTGTCTAG-1,
CCTGCGTTCTACGCTT-1,
CCTGCTATTTGAGAAG-1,
CCTGGAAACGTTCTGC-1,
CCTGGCTAGACCCGCC-1,
CCTGTAAGACATGATA-1,
CCTGTACTCACGCCCA-1,
CCTGTCACCCGGGCTC-1,
CCTGTCCCTCACGTTA-1,
CCTGTCGCCCGTAAAT-1,
CCTGTGAAACCGTAAC-1,
CCTGTTTGAAGACACG-1,
CCTTCTCAGCGTTCCT-1,
CCTTCTTGATCCAGTG-1,
CCTTGACCACTTTATT-1,
CCTTTCAATGAAGAAA-1,
CGAAACATAGATGGCA-1,
CGAAACGCAATTCATG-1,
CGAACAGTATGGGCGT-1,
CGAACGCCCAGTGCCG-1,
CGAAGACGGTGAGTGC-1,
CGAAGTTGCTCTGTGT-1,
CGACAATTTGATCTAA-1,
CGACACGCTCCGACAG-1,
CGACAGTTCGCGTTAT-1,
CGACCTACTAGACAAT-1,
CGACTCAGGATGTTAT-1,
CGACTTTGTATAGCCT-1,
CGAGACCCTAGAGTGT-1,
CGAGAGATGTGAACCT-1,
CGAGAGCGCGTAGATA-1,
CGAGAGCTTTCACTAC-1,
CGAGAGGGTAGCCGCG-1,
CGAGATTTCGCTCGGG-1,
CGAGCACTTCAAGTTT-1,
CGAGCTGGGCTTTAGG-1,
CGAGGCTAAATATGGC-1,
CGAGGGACTGCGGTCG-1,
CGAGTTCTGTCCCACC-1,
CGAGTTTATCGGACTG-1,
CGATAATACTCAGGTT-1,
CGATACCTCGCGGACA-1,
CGATAGTCGTACTGCA-1,
CGATCCGACCCAGTGC-1,
CGATGGACCCTACGCC-1,
CGATTCGCCTGGCTGC-1,
CGCAAACACGAGTTAC-1,
CGCAATCGATCATTAG-1,
CGCAATTACTTTCGGT-1,
CGCAATTAGGGTAATA-1,
CGCAATTCTACAATAA-1,
CGCACATGTCCACTAC-1,
CGCACGTGCGCTATCA-1,
CGCAGGCGATCCAAAC-1,
CGCATGCCGAATGCGT-1,
CGCATGGTGCGATGCT-1,
CGCATTAGCTAATAGG-1,
CGCCAAGAAGCCGAGT-1,
CGCCATCCGATTATGA-1,
CGCCCAGCGTTTCACG-1,
CGCCCGCTTCCGTACA-1,
CGCCCTAATTGTTCAA-1,
CGCCCTTGAAGGCTGA-1,
CGCCGACTATTCGCTA-1,
CGCCGCCCATGCCTGT-1,
CGCCGTTCAGCATAGT-1,
CGCCTCCCTCCTCTAT-1,
CGCCTGGCCTACGTAA-1,
CGCCTTTAGCATGCTC-1,
CGCGAAGTGGCATACT-1,
CGCGACACTGCGCAGC-1,
CGCGACCGCGACAGAT-1,
CGCGCCCGACTTAATA-1,
CGCGGCTCAACTTGAA-1,
CGCGGGAATTAGGCAG-1,
CGCGTTCATGAAATAC-1,
CGCTACGGGACATTTA-1,
CGCTAGAGACCGCTGC-1,
CGCTATTCAATGTATG-1,
CGCTATTCTTAGGCTC-1,
CGCTCGACATAATGAT-1,
CGCTCTCCGTAGATTA-1,
CGCTGGTGACTACCCT-1,
CGCTGTGACGCCGCAC-1,
CGCTTATTCCCGGTCG-1,
CGCTTCCACTGAAATC-1,
CGCTTCGGTCTAAGAC-1,
CGCTTTCATACCGGTG-1,
CGCTTTCTTGCATTCG-1,
CGGACGTTACTTGAAG-1,
CGGAGCATGGCGATCC-1,
CGGAGTTTGAGAGACA-1,
CGGATAAGCGGACATG-1,
CGGATCCTCAAGGACT-1,
CGGCAAACATCGTGCG-1,
CGGCAATAAGATCGCC-1,
CGGCAGGGTCGGGTTG-1,
CGGCCACGCACAAAGT-1,
CGGCCCAGGTATATCC-1,
CGGCGCCATCAATCCC-1,
CGGCTCTAAAGCTGCA-1,
CGGGAATATAGTATAC-1,
CGGGAATTTATGTAAA-1,
CGGGAGCTTCAGTGTA-1,
CGGGAGTATACCGCCG-1,
CGGGATCAATGTAAGA-1,
CGGGCAGCTAAACCGC-1,
CGGGCCTTCTTTGTAA-1,
CGGGTGTACCCATTTA-1,
CGGGTTTGTTAGGGCT-1,
CGGTACGGCAAACCCA-1,
CGGTACTAGAATCAAA-1,
CGGTAGAGGTGCAGGT-1,
CGGTCAAGTGGGAACC-1,
CGGTCTATCAACCCGT-1,
CGGTGAAGACTAAAGT-1,
CGGTGTACTTGATCCC-1,
CGGTTATCCAACAGTG-1,
CGGTTCAAGTAGGTGT-1,
CGGTTGACCTGGCATA-1,
CGGTTTACTGAACATT-1,
CGTACCTGATAGGCCT-1,
CGTAGAGAGTAATTAT-1,
CGTAGCGAATTGTCAG-1,
CGTATTAAGAGATCTA-1,
CGTCAAGGCTATAAAT-1,
CGTCATACCATATCCA-1,
CGTCGGATAGTGTTGA-1,1
CGTCGTCCTTCGCGAA-1,
CGTCTGGAAGGGCCCG-1,
CGTGAAGTTAATTCAC-1,
CGTGACATTGGGTCGT-1,
CGTGCAGACTGGGACA-1,
CGTGCATTGTCGACGC-1,
CGTGCCCTCCCGAAGA-1,
CGTGGAAGCCTCGTAC-1,
CGTGGCCGAATATCTA-1,
CGTGTCCCATTCGCGA-1,
CGTGTGTTAAACCCTG-1,
CGTTAAACTAGTTAGG-1,
CGTTAATGTCCCGACG-1,
CGTTAGCTCACAACTG-1,
CGTTATCATACTTCCA-1,
CGTTGAATACCGCGCT-1,
CGTTGAGCGACCGTCG-1,
CGTTGTAAACGTCAGG-1,
CGTTGTAAGATTGATT-1,
CGTTGTTTCAATTCCC-1,
CGTTTAAGCGGAGCAC-1,
CGTTTCACTTCGGGCG-1,
CGTTTCGCTCATTACA-1,
CTAAAGAATGCCTACT-1,
CTAAAGGGAAATAGGA-1,
CTAAATCCTATTCCGG-1,1
CTAACAGCACAATAAC-1,
CTAACCGCGCGCCCGT-1,
CTAACGAAACTTGCTG-1,
CTAACTGATAATCGCC-1,
CTAAGGGAATGATTGG-1,
CTAATTCGCACGCGCT-1,
CTAATTCTCAGATATT-1,
CTAATTTCAACAACAC-1,
CTACACTCGCAGATGG-1,
CTACCCTAAGGTCATA-1,
CTACGACTAGCTATAA-1,
CTACGCACGGAGTACC-1,
CTACGCCATTTCCGAT-1,
CTACTATCTTTCAGAG-1,
CTACTCTAGGCCCGGC-1,
CTACTGCCACCTGACC-1,
CTAGATGTGAGTGTAA-1,
CTAGATTTACGACGGC-1,
CTAGCATAGTATAATG-1,
CTAGGCGCCCTATCAG-1,
CTAGGTCTGAAGGAAT-1,
CTAGTAGAAAGGGATT-1,
CTAGTATTCGGAATTA-1,
CTAGTCACGTCTTAAG-1,
CTAGTGAAGGACAGGA-1,
CTAGTTACAACCCGGT-1,
CTAGTTGGGCCCGGTA-1,
CTATAAGAGCCAATCG-1,
CTATCGACGAAATACA-1,
CTATCGGGTCTCAACA-1,
CTATGGGAAGCGGAAT-1,
CTATGTCACTAGCCCA-1,
CTATGTGAGTCACGGC-1,
CTATTTGGTTACGGAT-1,
CTCAACTAACCCGGAT-1,
CTCACCAGTACAAGTG-1,
CTCACTTGGCTGGTAA-1,
CTCAGATTGTGATAAG-1,
CTCAGGACTCACCTGT-1,
CTCAGTCACGACAAAT-1,
CTCATGGCTCACAATC-1,
CTCATTCGTGAACATC-1,
CTCATTGCTCTAACAA-1,
CTCATTTGATGGGCGG-1,
CTCCCAATGAGTCGCG-1,
CTCCGGCCTAATATGC-1,
CTCCTGTTCAAGGCAG-1,
CTCGAGGTCGAACAGT-1,
CTCGATATTTGCGAGC-1,
CTCGCACCTATATAGT-1,
CTCGGTACCACTGCTC-1,
CTCGGTCCGTAGCCTG-1,
CTCTACACTGGCGATT-1,
CTCTAGCCCTCGGAAA-1,
CTCTATTTGGCTGCAG-1,
CTCTCACAATCGATGA-1,
CTCTCGCTGTACTATG-1,
CTCTGGACGCCTGGTG-1,
CTCTGTTTGAGGATTC-1,
CTCTTCTATTGACTGG-1,
CTGAAAGAGATCCGAC-1,
CTGACATAGAAATAGA-1,
CTGACTGCGCAGCTCG-1,
CTGAGAAAGTTCGGCG-1,
CTGATAGTGTATCTCA-1,
CTGCAAGCACGTTCCG-1,
CTGCACAACTACATAT-1,
CTGCACCTGGAACCGC-1,
CTGCACTCCAGTACAG-1,
CTGCAGAGAATCAGAG-1,
CTGCCAAGGTTGGAAG-1,
CTGCCATGCATCACAT-1,
CTGCCCACGAAGCGTT-1,
CTGCCTCATATGCAAC-1,
CTGCCTTTCTAGTAAA-1,
CTGCGGGTGAAATGTT-1,
CTGCGTTACGATATAA-1,
CTGCTGTCTAACGAGC-1,
CTGCTTGGCGATAGCT-1,
CTGGAAATGGATGCTT-1,
CTGGAAGACACGGTGG-1,
CTGGCGACATAAGTCC-1,
CTGGCGCACAGGTCTG-1,
CTGGCGGGAATAAGTA-1,
CTGGCTGATTCATCCT-1,
CTGGGATAAATAATGG-1,
CTGGGATACGCTACCC-1,
CTGGGTAGGCAGTTAA-1,
CTGGTAAAGTGTGGGC-1,
CTGGTAACACATAGAA-1,
CTGGTAACGAGCTCTT-1,
CTGGTCATTCCAATCC-1,
CTGGTTTCGAGCAAGA-1,
CTGTACTTCTTAGCAT-1,
CTGTATGGTGTAGAAA-1,
CTGTCAAATGGCTCGG-1,
CTGTGCAGGGTAGGTC-1,
CTGTGGTCGGGAGATA-1,
CTGTTACCCAATCTAG-1,
CTGTTCACTGCCTGTG-1,
CTGTTCATCTCACGGG-1,
CTTAAATAAGACCCAT-1,
CTTAAGCAGCGAGCCG-1,
CTTACACGGTATTCCA-1,
CTTACACTGGGAAATA-1,
CTTAGCCCGGATAGTG-1,
CTTAGCCTTCCACATG-1,
CTTAGTAGGCCTACAG-1,
CTTAGTGTAGTAGCAT-1,
CTTATGCGCTCAGGGC-1,
CTTCAACTCCACTTGG-1,
CTTCATAGCTCAAGAA-1,
CTTCATTGTCAGTGGA-1,
CTTCGGCCAATTGTTT-1,
CTTCGTAGATAGGTGA-1,
CTTCTTACGTCGTATA-1,
CTTGAGTTAGGGTAAT-1,
CTTGCCCAGGCTCTAC-1,
CTTGTACTTGTTGACT-1,
CTTGTCAACATTCGAG-1,
CTTGTGCTCACCGATT-1,
CTTGTTGCTGAGTCAA-1,
CTTGTTTATGTAGCCA-1,
CTTTAACTTTCAAAGG-1,
CTTTAATATTGGTCGA-1,
CTTTACCGAATAGTAG-1,
CTTTAGGAACACTGTT-1,
CTTTAGTGCTATTATT-1,
CTTTGACGTCGCTTCT-1,
CTTTGCATCGCTCTTG-1,
CTTTGGCGCTTTATAC-1,
CTTTGGCTTTAGTAAA-1,
GAAACAGATGACCACC-1,
GAAACAGCCATGCAGT-1,
GAAACCATGGTGCGCT-1,
GAAACTCGTGCGATGC-1,
GAAACTCTAATGAAGG-1,
GAAAGAACAGCGTTAT-1,
GAAAGCCCTTTGGACC-1,
GAAAGTGACTAACTGC-1,
GAAATACTAAACGTTT-1,
GAAATATCACCATCAG-1,
GAAATCGCGCGCAACT-1,
GAAATGGCGGTGTTAG-1,
GAAATTGTCTCTATAA-1,
GAACACACATCAACCA-1,
GAACCTCGACCTACAC-1,
GAACCTTTAACGATCC-1,
GAACGACCGAATGATA-1,
GAACGCGGGTCACACG-1,
GAACGTCTCATGGTCG-1,
GAACGTTAGGAAGACG-1,
GAAGAACGGTGCAGGT-1,
GAAGCCGGGTAAGCTC-1,
GAAGCGTGAGGAATTT-1,
GAAGCTTGCTGACCGC-1,
GAAGTCTCCCTAGCGA-1,
GAAGTGATTTATCGTG-1,
GAAGTGCTGGATAGCT-1,
GAAGTTTCCACTCAAT-1,
GAATAGACGCGACCCA-1,
GAATAGCATTTAGGGT-1,
GAATATTCGGAGTCCC-1,
GAATCGACATGGTCAC-1,
GAATCTGAACATTCTC-1,
GAATGCCGAAATGACC-1,
GAATGGGCTTATCGAC-1,
GAATGTGGTCCGGATT-1,
GAATGTTGGGTAATCT-1,
GAATTATAGTGAAAGG-1,
GAATTCACCCGGGTGT-1,
GAATTTCTCGCTGCAG-1,
GACAAACATATGCAGG-1,
GACAACGACCATTGAA-1,
GACAACGCAGCTTACG-1,
GACAAGAGATGAGATT-1,
GACACAAGGGAAGAAA-1,
GACACGAGTTAGAGGA-1,
GACACTGGAACCCGAT-1,
GACAGATTTCTGGCTC-1,
GACAGCCAGACCTGAC-1,
GACAGGCACACACTAT-1,
GACATACTGTCGCAGA-1,
GACCAAACGTTGACTG-1,
GACCAGAGCCCTGTAG-1,
GACCGACGTGAAAGCA-1,
GACCGACTGAAGCGTC-1,
GACCGCGTCTGACGTG-1,
GACCGTCAGGTCGTGA-1,
GACCGTGCTGACGGTG-1,
GACCGTTACATGCGAC-1,
GACGACGATCCGCGTT-1,
GACGAGGCTAATAAAC-1,
GACGCTTGCTTCTAAA-1,
GACGGTCAATAGAAGC-1,
GACGTGTAGGGATTAT-1,
GACTAAGATCATGCAC-1,
GACTAAGTAGGCTCAC-1,
GACTCACCCACGTGAG-1,
GACTCCCAGAATAAGG-1,
GACTCGCGGGAATGAC-1,
GACTGCAAATCGAGCT-1,
GACTGCACCAGCCCAG-1,
GACTGCGGCACGTGTA-1,
GAGAATCTCACGATCA-1,
GAGACTGATGGGTAGA-1,
GAGAGCGCAGTCCCTG-1,
GAGAGGGCGCGAGGTT-1,
GAGATCTGCTTGGCAT-1,
GAGATCTGTCACTCCG-1,
GAGATCTTCCATGACA-1,
GAGATGGGAGTCGACA-1,
GAGCACCTGTGTCCAG-1,
GAGCACGGCGCCTCTT-1,
GAGCCAGCTACCTGTG-1,
GAGCGAGGGAGTACCG-1,
GAGCGCAAATACTCCG-1,
GAGCGCGCACGAGTAG-1,
GAGCTAAGGGCATATC-1,
GAGCTCTCGGACCTAA-1,
GAGGAATGGAGAGGTT-1,
GAGGATAAACAGTGCT-1,
GAGGCCTGTTGATACA-1,
GAGGCTATCAAAGTCG-1,
GAGGGCGCAGCTCTGC-1,
GAGGTCCCAAAGATCT-1,
GAGTAAACCGGAAAGT-1,
GAGTACGGGTATACAA-1,
GAGTCCGCTTACCGGA-1,
GAGTCGACAGACCCTC-1,
GAGTCTTGTAAAGGAC-1,
GAGTGTCAACCAGAAA-1,
GAGTGTGCGGTACCCA-1,
GAGTTCTGTGGGTGCT-1,
GATAAATCGGTGGATG-1,
GATAACTCGCACTGTG-1,
GATAGGTAACGTTGAC-1,
GATATCAAGCAGGAGC-1,
GATATGAGACACTAAC-1,
GATATGCGGTAGCCAA-1,
GATATGGATTACGCGG-1,
GATATTGAGATTGGCG-1,
GATATTTCCTACATGG-1,
GATCATTCCAAACATT-1,
GATCCCTTTATACTGC-1,
GATCCGGGAATTAACA-1,
GATCCTAAATCGGGAC-1,
GATCGACACTATCTGA-1,
GATCGCGGGCTCTCCA-1,
GATCGCTACCCGATTT-1,
GATCGGATAGAACCAT-1,
GATCGGCGATAAGTCG-1,
GATCGGTGGCCATAAC-1,
GATCGTGACTGATATC-1,
GATCTAACCGTATTCA-1,
GATCTCGACGCTGTGG-1,
GATCTTGGAGGGCATA-1,
GATCTTTGCAGGGTAT-1,
GATGCCAGCAGAAGGC-1,
GATGCGAATGGTATTA-1,
GATGCGTCCTGCATTC-1,
GATGCTACAAGCGCCT-1,
GATGCTGTATTTCATC-1,
GATGGCGCACACATTA-1,
GATGTTCAATCCACGA-1,
GATGTTTGTGCGAGAT-1,
GATTAACCGAAAGCCC-1,
GATTACTGAATTTGGG-1,
GATTCCCTTGTCGCAG-1,
GATTCCGCGTTTCCGT-1,
GATTCCTATACGGCGC-1,
GATTCGACGGTTCACG-1,
GCAAACCCTACATTAT-1,
GCAAACGTCGCCAGGT-1,
GCAAATATTACGCTTT-1,
GCAAATGAGGACACTT-1,
GCAACACACTAGAACT-1,
GCAACAGCAGTATGCG-1,
GCAACCCAAGTTGTTT-1,
GCAACGGCTAGTTATG-1,
GCAAGCTGGAAACCGC-1,
GCAAGTGCACAGAGAA-1,
GCACAAACGAGGCGTG-1,
GCACACACTGGTAGCC-1,
GCACACGCCCATGGTC-1,
GCACGTGGTTTACTTA-1,
GCAGACCCAGCACGTA-1,
GCAGATCCATAAGACT-1,
GCAGATCCTCGCAAAT-1,
GCAGATTAGGGATATC-1,
GCAGCACACAGCCCAG-1,
GCAGCCTATATCACAT-1,
GCAGGACTATAGAATA-1,
GCAGGTAGAGTATGGT-1,
GCAGTGTGGCTATAGG-1,
GCAGTTCGATCCGAGC-1,
GCATACGAGGTCTTTA-1,
GCATAGAGCACTCAGG-1,
GCATCCCTAACTTTGA-1,
GCATCGGCCGTGTAGG-1,
GCATGAGGGACGCGGC-1,
GCATGCTAATAACGAT-1,
GCATGGGTACTGACGC-1,
GCATTCAAGGCAACGC-1,
GCATTCGAAATGAACA-1,
GCATTGACTTGCGGAA-1,
GCATTGTAATTCATAT-1,
GCATTTCCAAGGCTCC-1,
GCCAACCATTTCCGGA-1,
GCCAAGAATACTTCTG-1,
GCCAATAGGGCATCTC-1,
GCCACTCAGAGCGCGA-1,
GCCAGGAGTAACCGAT-1,
GCCATATTGCACACAG-1,
GCCATCGATGCTGCAT-1,
GCCCAGTTGGTATGCC-1,
GCCCGCGCGTTTGACA-1,
GCCCGTAATACCTTCT-1,
GCCGAAATTCCTACGT-1,
GCCGATTGGCCAAGCT-1,
GCCGCACTCCGTTTCA-1,
GCCGCATTAGTCCGGC-1,
GCCGCTTGTGAGAAAC-1,
GCCGGGTTAGGGTCGC-1,
GCCGTGGAAGAAATGT-1,
GCCTAGCGATCTGACC-1,
GCCTATAGTGTCAGGG-1,
GCCTATTCCGATATAG-1,
GCCTCATCTGGAAATA-1,
GCCTCCGACAATTCAC-1,
GCCTCTATACATAGCA-1,
GCCTTCAGCCCTACCG-1,
GCGAAACGATCGGGAG-1,
GCGAAACTTAACTGGA-1,
GCGAAGCCATACCCGT-1,
GCGACATGTAAACATC-1,
GCGAGAGTTGCGTCCA-1,
GCGAGCGCATGCTCCC-1,
GCGAGGCCCGAGCAGA-1,
GCGAGTTCTGCAAAGA-1,
GCGATTCTGGAAGCAG-1,
GCGATTGTTAACGTTA-1,
GCGCAAGAGCGCGCTG-1,
GCGCATCCAGTCAGCA-1,
GCGCCGTTCCACGATA-1,
GCGCCTCCCACTCCGA-1,
GCGCGTCATTGGTACA-1,
GCGCTAATTGAATAGA-1,
GCGCTATGCCGAGGCA-1,
GCGCTGATCCAGACTC-1,
GCGCTGCTTTGCATTT-1,
GCGCTTAAATAATTGG-1,
GCGGAGAGGGAGAACG-1,
GCGGCTCTGACGTACC-1,
GCGGGAACCAGGCCCT-1,
GCGGTGAACTGCGCTC-1,
GCGTAAATGGCCATAA-1,
GCGTCGAAATGTCGGT-1,
GCGTCTCTGCATTGGG-1,
GCGTGGTACTGGGTTA-1,1
GCGTTATATTTGGAAC-1,
GCTAAACCTGAGGTGA-1,
GCTAACTGAAGTCTGA-1,
GCTAAGTAAAGGCGAT-1,
GCTAAGTAGTTTCTCT-1,
GCTAATACCGAATGCC-1,
GCTACAATCGAGGATA-1,
GCTACAGTACGGACCG-1,
GCTACGACTTATTGGG-1,
GCTACTATAGTAGAGT-1,
GCTAGACCGTCTACTG-1,
GCTAGAGTAGAGATGT-1,
GCTAGGCACCACGGAG-1,
GCTAGTAGAGCTTGTA-1,
GCTAGTTTCATTGAGG-1,
GCTATACGTCTCGGAC-1,
GCTATCATACTCATGG-1,
GCTATCGCGGCGCAAC-1,
GCTATGCCAGCTTATG-1,
GCTCCCAGTCGGTCCA-1,
GCTCCGCTCGCTTCAG-1,
GCTCGCGGTTCCGCTC-1,
GCTCGCTCATGTCCAA-1,
GCTCGGAATTTAAAGC-1,
GCTCTAAACCCTGACG-1,
GCTCTATGTTACGTGC-1,
GCTCTCGGGTACCGAA-1,
GCTGAGGCGTGAGTAT-1,
GCTGCACGGTTTCTTA-1,
GCTGCTACTGCGTAGC-1,
GCTGCTCTCCGGACAC-1,
GCTGGCAGGTGCCGTG-1,
GCTGGCATATTCACCT-1,
GCTGTTGCTACCGAAC-1,
GCTTAATGTAACTAAC-1,
GCTTACGTAGTTAGTA-1,
GCTTATGAAGCAGGAA-1,
GCTTCCGTCCCTAGAC-1,
GCTTGATGATAATCAG-1,
GCTTGGATCGATTAGG-1,
GCTTTCAGAGGAGGTG-1,1
GGAAACTAAATGGGCC-1,
GGAAAGTGCCCATGCC-1,
GGAACCCGAACAAGAA-1,
GGAACGGCCTGCAGCC-1,
GGAACTTTGGCGATTA-1,
GGAATGCGCTAGCGTG-1,
GGACAAGCCATGATCG-1,
GGACAAGTTGCAGTGA-1,
GGACACAAGTTTACAC-1,
GGACCAACAGGATAAC-1,
GGACTAAGTCAGGAGT-1,
GGAGAAGTCATTGGCA-1,
GGAGACGACACCTTTG-1,
GGAGCAACATTTCAAG-1,
GGAGCACCAAGAACTA-1,
GGAGGCCGAAGTCGTC-1,
GGAGGGCTTGGTTGGC-1,
GGAGGGTCAAGTAAGA-1,
GGAGTGCCGCCCTGGA-1,
GGATCAGAGCCATCAG-1,
GGATCCGGAATATACT-1,
GGATGAAGATCGCTGA-1,
GGATGACGCGAGTTTA-1,
GGATGCTGGCGTTCCT-1,
GGATGGCTTGAAGTAT-1,
GGATGTCCTTACCGCA-1,
GGATTCAGTACGGTGG-1,
GGATTCCGCTATACCC-1,
GGATTGCTGTGACTCC-1,
GGATTTCACTTCTATA-1,
GGCAAATTACTTTACT-1,
GGCAAGGCGAAATAGC-1,
GGCAATAGTCAATGAG-1,
GGCACTCCACTGGGCA-1,
GGCAGAGAGATCGGGA-1,
GGCAGCAAACCTATGC-1,
GGCATACAGGTAGCGG-1,
GGCATATCGGTTCTGC-1,
GGCCCGGAGCATGTCT-1,
GGCCCTCACCCACTTA-1,
GGCCGGCGTCTGCTAT-1,
GGCCTGCTTCTCCCGA-1,
GGCCTTTGCAACTGGC-1,
GGCGAAATCTAACTTG-1,
GGCGCAGGACATCTTC-1,
GGCGCATGAATTGATG-1,
GGCGCGGAGATCTTTC-1,
GGCGCGTTCGAGTTTA-1,
GGCGCTCCTCATCAAT-1,
GGCGGAGTAATATTAG-1,
GGCGGTAGGATCATTG-1,
GGCGTAGGGAAAGCTG-1,
GGCGTCCTATCCGCTG-1,
GGCTATTAAGTTGTAT-1,
GGCTCGCGTTGAGGTA-1,
GGCTCGTGCCACCAGC-1,
GGCTCTGCTCCAACGC-1,
GGCTGAAATAGCAAAG-1,
GGCTTGGCTCTCACCT-1,
GGGAACGGGAGGTTAG-1,
GGGAAGGGCTTTCTCA-1,
GGGAATTCTGTCCAGT-1,
GGGACTGCATAGATAG-1,
GGGAGAACTCACAGTA-1,
GGGAGGATGCCCGAAA-1,
GGGAGTTAATGAGGCG-1,
GGGATACGGTAATAAT-1,
GGGATTTACCGCACCT-1,
GGGCACGAATTGGCCG-1,
GGGCACTATTGACCAT-1,
GGGCAGACGTCACTGC-1,
GGGCCCGTCTTAAACA-1,
GGGCCCTACGAAAGGG-1,
GGGCCCTTATCTATAC-1,
GGGCCGGCCGAAGTAC-1,
GGGCCTAAATGGGCTA-1,
GGGCGATATGTGTGAA-1,
GGGCGCAGCGTTACTC-1,
GGGCGTACATTTATAT-1,
GGGCGTCCACTGGCTC-1,
GGGCGTGGTTTCCCAG-1,
GGGCTACTATTTCGTG-1,
GGGCTCATCGAACCCA-1,
GGGCTGCCTAGGGCGA-1,
GGGCTGGTTAGTCGCG-1,
GGGTACTTCATGAACT-1,
GGGTATGTATGCACTT-1,
GGGTCACCGTGACGGT-1,
GGGTCATGCGTACCAT-1,
GGGTCGTGGCAAGTGT-1,
GGGTGACACCTTAACT-1,
GGGTGCATATGAAAGC-1,
GGGTGTTTCAGCTATG-1,
GGGTTCAGACGAACAA-1,
GGGTTTAGGATAGGAT-1,
GGTACAAACATGCTAT-1,
GGTACATCTGGGACGA-1,
GGTACCATTAAGACGG-1,
GGTAGAAGACCGCCTG-1,
GGTAGTGCTCGCACCA-1,
GGTATAGTGACACATA-1,
GGTATGAAAGAACTGA-1,
GGTATTGCCGAGTTTA-1,
GGTCAAGACTACTTCG-1,
GGTCAGTGGGTCCCAC-1,
GGTCGGATAAACGGCG-1,
GGTCGGCCAGGAGCTT-1,
GGTCTCCGTCCAGGTT-1,
GGTCTGAGAATCTGGA-1,
GGTGAGATGCAGATAA-1,
GGTGATAAGGAGCAGT-1,
GGTGATGAAGGAAGTG-1,
GGTGCGGATAAGTGGC-1,
GGTGCTGATCACAAAG-1,
GGTGCTGGTACACATT-1,
GGTGGACTGCTCTGGC-1,
GGTGGAGGTTGATACG-1,
GGTTAGCTATATGTCT-1,
GGTTAGGCTTGGAGAA-1,
GGTTAGTTACGGCGCC-1,
GGTTCGGATTATACTA-1,
GGTTCTACTCGTCTGA-1,
GGTTGTGCTCTTGTCC-1,
GGTTGTGTAGCCTGGC-1,
GGTTTACAATCTCAAT-1,
GGTTTAGCCTTTCTTG-1,
GGTTTCAATCGGTCAG-1,
GGTTTGTGACCTGAGG-1,
GTAACATCTAAGATAA-1,
GTAAGCGGGCAGTCAG-1,
GTAAGTAACAGTCTGG-1,
GTAAGTAGGGTATACC-1,
GTAAGTCCACACTCTA-1,
GTAATAAAGGGCTCCC-1,
GTACACTTACCTGAAG-1,
GTACAGAGGCAAGGGT-1,
GTACGAGATTGCGACA-1,
GTACGCTTCATTGCAC-1,
GTACGTTTGCCCGTCA-1,
GTACTAAGATTTGGAG-1,
GTACTCCCTTATCGCT-1,
GTACTCCTGGGTATGC-1,
GTACTGGAGTTAGACC-1,
GTACTTGGGCACTTCT-1,
GTAGAAACGGGTGGAG-1,
GTAGCCAAACATGGGA-1,
GTAGCGGCTATACACT-1,
GTAGCTTCCTCTTGTT-1,
GTAGGTGATCCGTGTA-1,
GTAGTCGCGGGAATCA-1,
GTAGTCTACGATATTG-1,
GTATAGGACTCAGTAG-1,
GTATCAAACGTTAGCT-1,
GTATCAGCTTGGGTTC-1,
GTATCCTTTGGTAACC-1,
GTATCTTTCATAACCA-1,
GTATGTGGGTCTAGTT-1,
GTATTAAGGCGTCTAA-1,
GTCAACCAGGCCTATA-1,
GTCAAGCGGACTCGGG-1,
GTCACTCATGAGCGAT-1,
GTCACTCTCCAAATCT-1,
GTCAGAATAGTCTATG-1,
GTCAGTTTGGTAGTCG-1,
GTCATGCACCTCCGTT-1,
GTCATGCGCGAGGGCT-1,
GTCATGGACATGACTA-1,
GTCATTAGAGCGAACG-1,
GTCATTGCATTGACCC-1,
GTCCATTACTGCTACG-1,
GTCCCAACGTAAAGTA-1,
GTCCCAATCATCCCGC-1,
GTCCCGCGACGTTATG-1,
GTCCGAGAGCAATCAT-1,
GTCCGGACCTGAAATT-1,
GTCCGGCTGAATTGCG-1,
GTCCTACGAATAGTCT-1,
GTCCTACTCTACGGGC-1,
GTCCTATTGTTGTGGT-1,
GTCGCGTAACCCGTTG-1,
GTCGGATATCTCAGAC-1,
GTCGGATGTAGCGCGC-1,
GTCGGGAACATGGTAG-1,
GTCGTACCATCTCGGG-1,
GTCGTACCTACGATTG-1,
GTCGTATTGGCGTACA-1,
GTCGTGTCTGGTCATC-1,
GTCGTTATTCGCTTAT-1,
GTCTACTCAATTACAA-1,
GTCTAGTGAGCCGCTT-1,
GTCTATCTGAGTTTCT-1,
GTCTATTGCATGCTCG-1,
GTCTATTGGTTCCGGT-1,
GTCTCGACTAAGTTTG-1,
GTCTCGATCTGCTTTC-1,
GTCTTAGTACAGCCGG-1,
GTCTTCCTCACCTAAG-1,
GTCTTGAGGAGCAGTG-1,
GTCTTGTAGCTATTCA-1,
GTGAAACGGCGCCACC-1,
GTGAACTCCCATTCGA-1,
GTGACCGCACACTACG-1,
GTGACGAGGGTGACCC-1,
GTGAGCGTGCTGCACT-1,
GTGAGGACACTTAAGG-1,
GTGAGGAGCGGTTGAG-1,
GTGAGTCTAAGACGGA-1,
GTGATCACTAACGCCT-1,
GTGATCATAGATCTGC-1,
GTGATCCTTGTCATGA-1,
GTGCAACAAATGTGGC-1,
GTGCACGAAAGTGACT-1,
GTGCCCGTTCGGATTC-1,
GTGCGACAGGGAGTGT-1,1
GTGCGGGTCTCCAAAT-1,
GTGCGTGTATATGAGC-1,
GTGCTCAAGTACTGTC-1,
GTGCTGCAGATAAGGA-1,
GTGCTTACATCAGCGC-1,
GTGGAACCTACATGCG-1,
GTGGACGTGCTGAGAC-1,
GTGGCCTAATATCATT-1,
GTGGCGGTCCCAGCGT-1,
GTGGGAAGACTGAATC-1,
GTGGGCTTAGACACAC-1,
GTGGGTACTGAGCGTA-1,
GTGGTGGCCAAGTGAA-1,
GTGGTTACTTCTTTCG-1,
GTGTACCTTGGCTACG-1,
GTGTATATCAGCGGGC-1,
GTGTCGTATAGCGTTC-1,
GTGTGAATAACTTAGG-1,
GTGTTACTATGCGTCC-1,
GTTAAAGTAGGACTGG-1,
GTTAACATCACTTAAA-1,
GTTAACTATGTTGTCA-1,
GTTAAGTTAGAGTGGG-1,
GTTAATGTCTATCTTA-1,
GTTACAATTGGTGACG-1,
GTTACCTACAACTTGC-1,
GTTACTTTGGGCCTAG-1,
GTTAGCCGTAAATCAA-1,
GTTATAATACGGTGAA-1,
GTTATATTATCTCCCT-1,
GTTATTAACGTGGGAG-1,
GTTCACAGGAGTCTAG-1,
GTTCATCGTTTGGCTG-1,
GTTCCAGTCTGACCAT-1,
GTTCGCCATAAGTGCC-1,
GTTCGCTGAGACGTCT-1,
GTTCGGATCGGGAACA-1,
GTTCGGGCGTACCATT-1,
GTTCGTCTAAAGAACT-1,
GTTCTTCCCTCGATGT-1,
GTTGAGTCCCGCCGGT-1,
GTTGCACGGAGTTTCG-1,
GTTGCGCTAACATTAC-1,
GTTGCGGACGGTCAGG-1,
GTTGGATTGAGAACAC-1,
GTTGGATTTGCGTTGG-1,
GTTGTCGTGTTAGTTG-1,
GTTTACGTTCCATCTG-1,
GTTTATGGGATTTAGA-1,
GTTTCAAACGAGTTGT-1,
GTTTCATATCGTCGCT-1,
GTTTCCTGGAGGGTGA-1,
GTTTCTGCAGTCTCCC-1,
GTTTGACCAAATCCTA-1,
GTTTGGCCCAAGTTAT-1,
GTTTGGGCTTGTGAGC-1,
GTTTGGGTTTCGCCCG-1,
GTTTGTTAGCCAAGTA-1,
TAAAGACAACCCTTTA-1,
TAAAGCGTTAGGAGAA-1,
TAAATGAATCCGTTTC-1,
TAACAAAGGGAGAAGC-1,
TAACAATATTTGTTGC-1,
TAACATACAATGTGGG-1,
TAACCTACCGTCCGAG-1,
TAACCTAGGGAGTCCA-1,
TAACGCTTTGAGAGCG-1,
TAACTATCGAAGGTCC-1,
TAACTATTACGCCAAA-1,
TAACTCATCCGCGCGG-1,
TAACTCCATGGAGGCT-1,
TAAGCAGGCGACACGC-1,
TAAGGAACTTGTGGGA-1,
TAAGGCAACATAAGAT-1,
TAAGGCTGAATCCCTC-1,
TAAGGGCCTGTCCGAT-1,
TAAGGGCTGGGAGAGG-1,
TAAGTTGCGACGTAGG-1,
TAATAAACAAGGAGAT-1,
TAATACACAGTAGTAT-1,
TAATAGTGACGACCAG-1,
TAATATTGAAATTCGC-1,
TAATCGATCCGTACGT-1,
TAATGAAAGACCCTTG-1,
TAATTACGTCAGTAGA-1,
TAATTAGGACATCCGT-1,
TAATTTCCGTCCAGTA-1,
TACAACGCACAACTCA-1,
TACAAGGGCTTCTTTA-1,
TACAAGTCTCGTGCAT-1,
TACAGAAACGGTGGGC-1,
TACATAGGCATACACC-1,
TACATCCCTATCCCTG-1,
TACATTTCTAACGTGC-1,
TACCAATAAAGTACCA-1,
TACCGAATAATTGTAA-1,
TACCGCGGACTTGCAG-1,1
TACCGGCTCACTGCCC-1,
TACCGTGCCTCGGACC-1,
TACCTATCCCTAGAGG-1,
TACCTCACGCTTGTAC-1,
TACCTGCTGCACTGTG-1,
TACGAACACGACTTCA-1,
TACGACGCTTGCTGCG-1,
TACGACTGCCTCTTAG-1,
TACGAGAACTTCACGT-1,
TACGATGTTGATCATC-1,
TACGCAGTTCTTTCCT-1,
TACGCCATATTCTAAT-1,
TACGCTATAGAAACCT-1,
TACGCTCGGTATTGGA-1,
TACGGGATGCTAGCAG-1,
TACGTAAAGCGGAGTG-1,
TACGTGCACTATGCTG-1,
TACGTTTACCGGCAAT-1,
TACTCGGCACGCCGGG-1,
TACTCTCCGAACAAAT-1,
TACTCTTACTTTACTG-1,
TACTGGACAGCTCGGC-1,
TACTGTTTCTCTGGTA-1,
TACTTAAACATGTACA-1,
TACTTGTTAGTAGTCC-1,
TACTTTACTGAGCCGG-1,
TAGAAAGGTGGCGCTA-1,
TAGAAATTCACGTATA-1,
TAGAATAGCCGATGAA-1,
TAGAATTAAGGGCAAC-1,
TAGACGCCCGTACCGG-1,
TAGACTACCTAGCGTT-1,
TAGAGGTTCTACTTGT-1,
TAGAGTCTAAGCGAAC-1,
TAGATCCGAAGTCGCA-1,
TAGATGGTTCCTTACT-1,
TAGATTCCTGGTTATT-1,
TAGCAACCTGTCACAA-1,
TAGCAGTATGACTAAA-1,
TAGCCATTTCAAAGTC-1,
TAGCCGGCGGTCAGCG-1,
TAGCGTCCCTCGATTG-1,
TAGCGTCCGGTGTGGT-1,
TAGCGTCGAATATTGA-1,
TAGCGTTGGGTCTTAC-1,
TAGCTAAGTCCGGGAG-1,
TAGCTGATGTGAAGCG-1,
TAGGCATGTTACGCCA-1,
TAGGCTAAAGTGGCAC-1,
TAGGGAGCTTGGGATG-1,1
TAGGGTGTTTCAAGAG-1,
TAGGTCCAAGTAAGGA-1,
TAGGTCGCCGGAACTG-1,
TAGGTGACGATAACCT-1,
TAGGTGAGCCCTACTC-1,
TAGGTGCTCGCCTAGC-1,
TAGGTTCGAGTTCGTC-1,
TAGTACCTTAGTGGTC-1,
TAGTCCGCAGAGAATG-1,
TAGTCGATCACGGGTT-1,
TAGTCTAACAACGAGA-1,
TAGTCTTTCCGAATTG-1,
TAGTGCCCTCCAGAGT-1,
TAGTGTCAGAAACGGC-1,
TAGTTAAGATAGGATA-1,
TAGTTTGATCGGTCGC-1,
TATAAATCCACAAGCT-1,
TATAAGTGAGGATAGC-1,
TATACACAGACGCCTT-1,
TATACACGCAAAGTAT-1,
TATACTCATGCGGCAA-1,
TATAGATGGTCGCAGT-1,
TATAGCGCACGTTATC-1,
TATAGGGTACTCATGA-1,
TATATCATTGATCAGT-1,
TATATCCCTGGGAGGA-1,1
TATATGCTGGGTTGCC-1,
TATCAAAGGTCTGTAA-1,
TATCACCCAACCGACC-1,
TATCCAATTGGTTATC-1,
TATCCATATCATGCGA-1,
TATCCTGCATGGGAAT-1,
TATCGATCTATGCATA-1,
TATCGATGATTAAACG-1,
TATCTACAGAGGTAAT-1,
TATCTACCACAGCGGG-1,
TATCTAGCCTAAAGGA-1,
TATGAAGAATTAAGGT-1,
TATGAAGACAGGTGCG-1,
TATGACCTTGCGCTGG-1,
TATGATCCGGCACGCC-1,
TATGATCTTCTCTTTA-1,
TATGCTCCCTACTTAC-1,
TATGGATGTGCTACGC-1,
TATGGCCCGGCCTCGC-1,
TATGGGACCGAGCAGG-1,
TATGGGTACGTATCGT-1,
TATGGTCTGAGTAACA-1,
TATGGTTAGTGGGAGA-1,
TATGTCAAGACCGACT-1,
TATGTCTCATTGTGCC-1,
TATTACCATCCTGCTT-1,
TATTCAATTCTAATCC-1,
TATTCCACTCAGCTCG-1,
TATTCCGAGCTGTTAT-1,
TATTCGTGCCAGAATA-1,
TATTGACATTTCTGCC-1,
TATTTAGTCTAGATCG-1,
TATTTATACCGAGTAG-1,
TATTTGATTTGCACAG-1,
TATTTGTTACCCTTTA-1,
TCAAACAACCGCGTCG-1,
TCAAACTTAGATTGTT-1,
TCAAAGAGCTATCTGT-1,
TCAACATCGACCGAGA-1,
TCAACCATGTTCGGGC-1,
TCAACGAGGAGACAAA-1,
TCAACGCGACCGGCAG-1,
TCAACTAACGTATAAC-1,
TCAACTGCAGAGTCAG-1,
TCAAGAAATACTAGCT-1,
TCAAGCGCGGACGGTA-1,
TCAAGGTTACTACACC-1,
TCAATACAATTGCTGC-1,
TCACAAACCGAGGTAC-1,
TCACAGGGAATCGCAA-1,
TCACAGGTTATTGGGC-1,
TCACATCTTATCTGAT-1,
TCACCCTCTTAAGATT-1,
TCACCGCTCGGCACTC-1,
TCACGCATTGTAGATC-1,
TCACGGTCATCGCACA-1,
TCACGTGCCCGATTCA-1,
TCAGAACCTCCACAGG-1,
TCAGACGCTATAGAAG-1,
TCAGCAAATGCATCTC-1,
TCAGCCAATCCGTAAA-1,
TCAGCTTGAGCTTTCG-1,
TCAGGGCGACTTCCTT-1,
TCAGGGCGCAAACTCG-1,
TCAGGGTGTAACGTAA-1,
TCAGGTTCTTTGAGAA-1,
TCAGTACTGACCCGCG-1,
TCATACTTACAGATCC-1,
TCATCACTCGAGCTCG-1,
TCATCCCAGAGGGTGG-1,
TCATGCAGGTTCTCAT-1,
TCATTTAAGTCTCCGA-1,1
TCATTTAGAAGTGTGA-1,
TCCAACTCAGCTATCT-1,
TCCAACTTTAAATTCT-1,
TCCAATGCGTCGCCGC-1,
TCCACAATGGTTTACG-1,
TCCACTTTATCTAGGT-1,
TCCAGAGCACCGGTTC-1,
TCCAGCGCTATAAGCG-1,
TCCAGGCGAGTACGGT-1,
TCCCAAAGACGAAGGA-1,
TCCCAAAGCCCTAAAT-1,
TCCCACTCTCTTCCGG-1,
TCCCAGCTTTAGTCTG-1,
TCCCAGGCTTAGCTAA-1,
TCCCGCGTACTCCTGG-1,
TCCCGGGTGTGCTGCT-1,
TCCCGTCAGTCCCGCA-1,
TCCCGTGTGCAATTTG-1,
TCCCTGGCTCGCTGGA-1,
TCCCTTAGATTACTCG-1,
TCCGAACTTGGCTTAC-1,
TCCGAATGGTCCTGAG-1,
TCCGATAATTGCCATA-1,
TCCGATGACTGAGCTC-1,
TCCGATGGTGCGACAT-1,
TCCGATTACATTGCCG-1,
TCCGCCTGTCTACAAG-1,
TCCGCGGCAGCATCTG-1,
TCCGCGGCCCAATGAA-1,
TCCGCTGTCATCCCGG-1,
TCCGCTTATCCCATTA-1,
TCCGGCCTAGCGTACA-1,
TCCGGGCTTGACGGGA-1,
TCCGTAACCACAATCC-1,
TCCGTTAAGCTAATAT-1,
TCCGTTTAGCCTTGAA-1,
TCCTACATCCACGGCC-1,
TCCTAGCAAAGAAGCT-1,
TCCTATCATAGGTAAC-1,
TCCTCGGGCTGGGCTT-1,
TCCTCTACGAGATGGC-1,
TCCTCTCCAGTTGTCC-1,
TCCTGCCAACTGGAGA-1,
TCCTGCGTTGATACTC-1,
TCCTTACGACGGTCCG-1,
TCCTTCAATCCCTACG-1,
TCCTTCAGTGGTCGAA-1,
TCCTTTAAATCCGCTT-1,
TCCTTTCTTACGCTTA-1,
TCGAAATTTAGGACCA-1,
TCGAAGAACCGAGCAC-1,
TCGAGACCAACACCGT-1,
TCGAGTCTACGATTCG-1,
TCGCAAAGATGCATTT-1,
TCGCACCAGGAGGCAG-1,
TCGCATAAAGGGCGCA-1,
TCGCCCACTGCGAGAG-1,
TCGCCGACATATTCGC-1,
TCGCCGCACCGCGTGA-1,
TCGCCGGATGGGCAAG-1,
TCGCCGGTCGATCCGT-1,
TCGCGTAGCAGTGTCC-1,
TCGCGTCCAGAAGGTC-1,
TCGCTAAACCGCTATC-1,
TCGCTCGATATATTCC-1,
TCGCTCGGCACCAGCG-1,
TCGCTGGGCGGATTGT-1,
TCGCTGTGCGTAAATC-1,
TCGCTTTAAACGTTTG-1,
TCGGAATGCGCTCTGA-1,
TCGGACGCCCAGCCCA-1,
TCGGAGTACATGAGTA-1,
TCGGCGAACCCAAACC-1,
TCGGCTTGTATCGACG-1,
TCGGGAACGTGCCTAG-1,
TCGGGATTCAAACATA-1,
TCGGGCCGTCGTGGTA-1,
TCGTAAGACGACATTG-1,
TCGTATTACCCATTGC-1,
TCGTCACACTGTTAGC-1,
TCGTCCGCTGGCGTCT-1,
TCGTCTTAGGCGTTAA-1,
TCGTGTACTATGGATG-1,
TCGTGTATTGGTCACG-1,
TCGTGTCACGCTGACA-1,
TCGTGTTCGACCACAA-1,
TCGTTGACAGGGTCCC-1,
TCTAACTGTATGTAAA-1,
TCTACCCAATAGAGAG-1,
TCTACCGTCCACAAGC-1,
TCTAGCATCTTCGATG-1,
TCTAGCATGCCCAGAA-1,
TCTAGGTGGCGACGCT-1,
TCTAGTGATATCGTGG-1,
TCTAGTTATCAGAAGA-1,
TCTATAGGTGGGTAAT-1,
TCTATCATGCAGTTAC-1,
TCTATCGGTCGCAACA-1,
TCTATGCTATAACGAC-1,
TCTATTACTAGAGGAT-1,
TCTCATGAGATAGGGT-1,
TCTCCAACGTAGGTTA-1,
TCTCCACAAGTTGAAT-1,
TCTCCCTGGGCAGCGT-1,
TCTCGACGTATCGCCG-1,
TCTCGAGGAGGTTCGC-1,
TCTCGTGTTACGAGGA-1,
TCTCTAATAGCTGGTA-1,
TCTCTCGCCGCACATA-1,
TCTGAACCGGTCGGCT-1,
TCTGAACTCGTACCCG-1,
TCTGAAGCACGTGGTC-1,
TCTGAATTCCGTACAA-1,
TCTGAGCAATTGACTG-1,
TCTGATCGGGTGCTAG-1,
TCTGATGTATTCTGTC-1,
TCTGCAGATTCGAGTC-1,
TCTGCATACCTTGCTT-1,
TCTGCCAGAAACTGCA-1,
TCTGGCGCAAGCCGGG-1,
TCTGGGAACCTTTGAA-1,
TCTGGGTAGCGCTCAT-1,
TCTGTGCCATCATAGT-1,
TCTTACAGAGGTACCG-1,
TCTTACCGGAACTCGT-1,
TCTTACGGCATCCGAC-1,
TCTTACTTATGCCTCT-1,
TCTTAGAGCTCCAATT-1,
TCTTAGAGTGAACTCT-1,
TCTTCCCATGGGCACA-1,1
TCTTCGAATAGACGTT-1,
TCTTCGATACCAATAA-1,
TCTTCTATAACCCGCC-1,
TCTTGATGCGTAGCGA-1,
TCTTGGTAACACCAAA-1,
TCTTTAAGACTATGAA-1,1
TCTTTAGAGTCTAACA-1,
TCTTTAGCAGGCGAAC-1,
TGAAACTTATGCAAGC-1,
TGAAAGGACCTGACTC-1,
TGAACTGCTATGACTT-1,
TGAATGTCAGCCGGCC-1,
TGAATTTCACTTGCCT-1,
TGACATATATGACGAT-1,
TGACATCGAGCGGACC-1,
TGACCCACGTTAGACA-1,
TGACGAATATTTCCCT-1,
TGACGATGCACTAGAA-1,
TGACTATAATCCTTTC-1,
TGAGAATGCTTTACCG-1,
TGAGACGTACCTCTCA-1,
TGAGAGATTTACCACG-1,
TGAGCTTTAATGACGC-1,
TGAGTAAATTAGCGTA-1,
TGAGTGGTCCGTGACG-1,
TGAGTTAAAGACATTC-1,
TGATAGCGGGATTCTA-1,
TGATCAGGGAACTGCT-1,
TGATCCCAGCATTAGT-1,
TGATCGGTTTGACCCT-1,
TGATCTCCGGCGCCAG-1,
TGATGGCTGTTTCTGA-1,
TGATGTCAATTAAGTG-1,
TGATTCGTCTATCACT-1,
TGATTTATTAGCTGTG-1,
TGATTTCCTCCTGACG-1,
TGCAACCCATCTGCGG-1,
TGCAAGAATGACGTAA-1,
TGCAATCTAACACGGT-1,
TGCAGAACTATATCGT-1,
TGCAGAGTACCGAGCA-1,
TGCAGATCGTCCTAGG-1,
TGCAGCTACGTACTTC-1,
TGCAGGATCGGCAAAG-1,
TGCAGTTTCCTCCCAT-1,
TGCATATGTCTGTCAC-1,
TGCATGGATCGGATCT-1,
TGCATGTGGTAATCTA-1,
TGCCAAAGTCAGACTT-1,
TGCCACACTAGAGGAA-1,
TGCCACCTGGCGAAAC-1,
TGCCAGTACGTGGAGA-1,
TGCCATTACTAAAGAA-1,
TGCCCGTACCGTTAAA-1,
TGCCGAAAGCGTATTC-1,
TGCCGTTCTTAATCGG-1,
TGCCTAATTGAAGATT-1,
TGCCTGATCAAACGAT-1,
TGCCTTGGCCAGGCAA-1,
TGCGAATATGGGATTT-1,
TGCGATGCTAATGGCT-1,
TGCGCAAAGCATTTGG-1,
TGCGCGATTAACGGAG-1,
TGCGGAGTAAAGGTGC-1,
TGCGTACGGCTAATTG-1,
TGCGTTTGTTGACACT-1,
TGCTAAGTGTCTATTT-1,
TGCTCCACAGTTCTTA-1,
TGCTGGTTGGACAATT-1,
TGCTGTTGAAGAACTC-1,
TGGAAGAAGGGAACGT-1,
TGGAAGACGAACACCA-1,
TGGAAGGATAAAGATG-1,
TGGAATTAGACGCTTT-1,
TGGACCAATCTAAGAT-1,
TGGACTGTTCGCTCAA-1,
TGGAGTGATGCGATGA-1,
TGGCAAACTAAATTAC-1,
TGGCAACTCGCGCGCC-1,
TGGCAATGGGACGGCG-1,
TGGCAGATTACGATCA-1,
TGGCAGCAGTAATAGT-1,
TGGCCAAACTGAAGTA-1,
TGGCCGTATATTGACC-1,
TGGCTACACTCTACCT-1,
TGGCTATGTGACATAC-1,
TGGCTCTTGTCGCGTA-1,
TGGCTTATGTATAATG-1,
TGGCTTTGGGTAGACA-1,
TGGGAAATGCCTTTCC-1,
TGGGCAATAGTTGGGT-1,
TGGGCACGTTCTATGG-1,
TGGGCAGGCCACCGCA-1,
TGGGCCACAAGAGCGC-1,
TGGGCCCATACTAATT-1,
TGGGTAAGGTTCCCGC-1,
TGGTAAGCAGGATTGA-1,
TGGTAGAATATATGGG-1,
TGGTCCCACGCTACGG-1,
TGGTCGTGCAAGGCAA-1,
TGGTCTGTTGGGCGTA-1,
TGGTGATCGTATTTGT-1,
TGGTTATGCTTGCGGT-1,
TGGTTCAACGGGTAAT-1,
TGGTTCGTAGCAAAGG-1,
TGTAAGACTGATAAGA-1,
TGTAATGACCACAATA-1,
TGTACCTACACGAGGG-1,
TGTACGAACAAATCCG-1,
TGTAGCCATCCCATTC-1,
TGTAGGAGAAATTTCC-1,
TGTAGTGATCTATAAT-1,
TGTATAACAGATCCTG-1,
TGTATGGCGCAGACAG-1,
TGTCCACGGCTCAACT-1,
TGTCCGTGGCGCCTTT-1,
TGTCCTAAGTCACCGC-1,
TGTGACTACGCCAGTC-1,
TGTGCCAGAGGCAAAG-1,
TGTGCCGGTGCCGGAA-1,
TGTGCTTTACGTAAGA-1,
TGTGGCAAAGCGTATG-1,
TGTGGCTCCCACCAAC-1,
TGTGTAGTAGCACGTG-1,
TGTGTCGAAGTCGAGG-1,
TGTGTCGCGAGTTGCA-1,
TGTGTGACCATGAATC-1,
TGTGTTCGTATCCAAG-1,
TGTTATTGTATGTGGC-1,
TGTTCATAAATGTGCT-1,
TGTTCCGCTTCCATGA-1,
TGTTCGTATTGCGGTG-1,
TGTTCTTCCATTGACT-1,
TGTTGTCAAGAAGTCT-1,
TGTTTCGGTACTTCTC-1,
TGTTTGAGATCGTCAG-1,
TTAAACCTGGTTCCTT-1,
TTAAACTCGAATTCAT-1,
TTAACACCTCGAACAT-1,
TTAACCAACCCTCCCT-1,
TTAACGTTAAAGCCTG-1,
TTAACTCACGCGTGGA-1,
TTAAGATAGGATTGAC-1,
TTAAGCCGACAACTTC-1,
TTAAGCGCCTGACCCA-1,
TTAAGTATTGTTATCC-1,
TTAATCAGTACGTCAG-1,
TTAATGTAGACCAGGT-1,
TTAATTTCAGACGCGG-1,
TTACAACTACGCATCC-1,
TTACACGATCTGCGAC-1,
TTACAGACCTAAATGA-1,
TTACATCGTGGCCTGG-1,
TTACATGCCACAACTA-1,
TTACCATTGATTACCC-1,
TTACCCATTGCCGGGT-1,
TTACCCTAACAGTCCT-1,
TTACGGATGGTTCGAG-1,
TTACTAAAGGACTTTA-1,
TTACTATCGGCTTCTC-1,
TTACTCCGGCCGGGAA-1,
TTACTGGGATATTTCA-1,
TTAGACACGATCGTTG-1,
TTAGACGAGTCACCTC-1,
TTAGAGGGATATACAG-1,
TTAGAGTTTAGAAGGA-1,
TTAGCAACATGGATGT-1,
TTAGCTAATACGATCT-1,
TTAGCTCTGTAATCCG-1,
TTAGCTGATTTGCCGT-1,
TTAGTAAACCTGCTCT-1,
TTAGTAGGGCGGCGGG-1,
TTAGTTATTCGTGGCA-1,
TTATATACGCTGTCAC-1,
TTATATTTGGCAATCC-1,
TTATCCGGGATCTATA-1,
TTATCGCCTGCGAAGC-1,
TTATCTGACATTAGGA-1,
TTATCTGTATCATAAC-1,
TTATGAATGAAAGGGA-1,
TTATGACAAACTGGAT-1,
TTATGATCTTAACGAA-1,
TTATGTTTGCGATAGA-1,
TTATTAGAGCGTGTTC-1,
TTATTAGGGAAGCATC-1,
TTCAAAGTCTCTAGCC-1,
TTCAACGACCCGACCG-1,
TTCAAGCCGAGCTGAG-1,
TTCAATACTCTGAATC-1,
TTCACGAAAGGATCAC-1,
TTCAGCCCTGGTCCAC-1,
TTCAGCTGGCGTGCCC-1,
TTCAGGCGTCAAAGCC-1,
TTCAGTTTGTGGCAGC-1,
TTCATGGCGCAACAGG-1,
TTCCAATCAGAGCTAG-1,
TTCCAGACGAGATTTA-1,
TTCCATCGACAGCGTG-1,
TTCCCGGCGCCAATAG-1,
TTCCGCGTGAGGCGAT-1,
TTCCGGTATCTGTGTC-1,
TTCCGGTTACCCACTT-1,
TTCCTCGAGGGTGTCT-1,
TTCCTCGGACTAACCA-1,
TTCCTCTGCCCGAATA-1,
TTCGACAGAGCCCGTG-1,
TTCGACGGGAAGGGCG-1,
TTCGCACTCGCGTGCT-1,
TTCGCTAGGAAGTTGT-1,
TTCGGCAACCCGCTGA-1,
TTCGGCTAGAGATGGT-1,
TTCGGGACTAATCGCG-1,
TTCGTAATCCCAGCGG-1,
TTCGTACTCCAGAACG-1,
TTCTAACCGAAGCTTA-1,
TTCTACTTGCGAGGGC-1,
TTCTAGGCCAATTGTG-1,
TTCTGACCGGGCTCAA-1,
TTCTGCCGCGCCTAGA-1,
TTCTGCGAGCGCCCTT-1,
TTCTGCGGGTTAGCGG-1,
TTCTGCTAGACTCCAA-1,
TTCTGTTTCCTGTCGC-1,
TTCTTAGTGAACGGTG-1,
TTCTTAGTGGCTCAGA-1,
TTCTTATCCGCTGGGT-1,
TTCTTGCTAGCATCTC-1,
TTCTTGGAGTAATGAG-1,
TTCTTGTAACCTAATG-1,
TTCTTGTGTCCATCAG-1,
TTGAACGAATCCTTTG-1,
TTGAACGACGTGCTGA-1,
TTGAAGAATTCCCAGG-1,
TTGAATATGGACTTTC-1,
TTGAATTCACGTGAGG-1,
TTGACAGGAGCTCCCG-1,
TTGACCAGGAACAACT-1,
TTGACCATGTTCTCCG-1,
TTGACGCTCCATGAGC-1,
TTGACTATTGTCCGGC-1,
TTGAGAAGTTTAGCAT-1,
TTGAGCAGCCCACGGT-1,
TTGAGCGCCACGTGAT-1,
TTGAGTCCCGCTGCTG-1,
TTGATCTAACTTTGTC-1,
TTGATGTGTAGTCCCG-1,
TTGATTATGCAGATGA-1,
TTGCACAATTCAGAAA-1,
TTGCACGGAGCAGCAC-1,
TTGCATGCTGATCACG-1,
TTGCCAAGCAGAACCC-1,
TTGCCCTGATCACGGG-1,
TTGCCGCTTTCTAGTA-1,
TTGCGTAGTTTGAGGA-1,
TTGCTCCCATACCGGA-1,
TTGCTGAAGGAACCAC-1,
TTGCTGATCATGTTCG-1,
TTGCTGCACCTATCCA-1,
TTGGACATGTGGCTTA-1,
TTGGACCATCTGGCAA-1,
TTGGACCTATAACAGT-1,
TTGGATTGGGTACCAC-1,
TTGGCCATCTTGCGCT-1,
TTGGCCTAGAATTTCG-1,
TTGGCGATCCGAATAT-1,
TTGGCTCGCATGAGAC-1,
TTGGGACACTGCCCGC-1,
TTGGGACGTAAGAGTT-1,
TTGGGCGGCGGTTGCC-1,
TTGGTATGGCTTGTGT-1,
TTGTAAGGCCAGTTGG-1,
TTGTAATCCGTACTCG-1,
TTGTACACCTCGAACA-1,
TTGTATCACACAGAAT-1,
TTGTCACCGCGGTATC-1,
TTGTCGTTCAGTTACC-1,
TTGTGAACCTAATCCG-1,
TTGTGAGGCATGACGC-1,
TTGTGCGGAAGCGGAT-1,
TTGTGGCCCTGACAGT-1,
TTGTGGTGGTACTAAG-1,
TTGTTAGCAAATTCGA-1,
TTGTTCAGTGTGCTAC-1,
TTGTTGTGTGTCAAGA-1,
