Barcode,Tissue
AAACAAGTATCTCCCA-1,1
AAACAGCTTTCAGAAG-1,1
AAACATGGTGAGAGGA-1,1
AAACATTTCCCGGATT-1,1
AAACCCGAACGAAATC-1,1
AAACCGGGTAGGTACC-1,1
AAACCTAAGCAGCCGG-1,
AAACCTCATGAAGTTG-1,1
AAACGAAGATGGAGTA-1,
AAACGAGACGGTTGAT-1,1
AAACGGGCGTACGGGT-1,
AAACTGCTGGCTCCAA-1,1
AAACTTGCAAACGTAT-1,1
AAAGAATGACCTTAGA-1,
AAAGACTGGGCGCTTT-1,1
AAAGGGATGTAGCAAG-1,1
AAAGGGCAGCTTGAAT-1,1
AAAGTCGACCCTCAGT-1,1
AAAGTGTGATTTATCT-1,1
AAAGTTGACTCCCGTA-1,1
AAATAACCATACGGGA-1,1
AAATAAGGTAGTGCCC-1,1
AAATACCTATAAGCAT-1,1
AAATAGCTTAGACTTT-1,1
AAATAGGGTGCTATTG-1,1
AAATCCGATACACGCC-1,1
AAATCGCGGAAGGAGT-1,
AAATCGTGTACCACAA-1,1
AAATCTAGCCCTGCTA-1,1
AAATGCTCGTTACGTT-1,1
AAATGGCATGTCTTGT-1,1
AAATGGTCAATGTGCC-1,1
AAATGTATCTTATCCC-1,1
AAATTAACGGGTAGCT-1,1
AAATTAATAAGCGCGA-1,1
AAATTACACGACTCTG-1,1
AAATTACCTATCGATG-1,1
AAATTCCAGGTCCAAA-1,1
AACAACTGGTAGTTGC-1,1
AACAATTACTCTACGC-1,1
AACACACGCTCGCCGC-1,1
AACAGGAAATCGAATA-1,1
AACAGGATGGGCCGCG-1,1
AACAGGTAGTATGGAT-1,1
AACATATCAACTGGTG-1,
AACCAAGACTTCTCTG-1,1
AACCCAGAGACGGAGA-1,1
AACCCGAGCAGAATCG-1,
AACCCTACTGTCAATA-1,1
AACCGAGCTTGGTCAT-1,1
AACCGCTAAGGGATGC-1,1
AACCTCGCTTTAGCCC-1,
AACCTGTCACGGAATT-1,1
AACGATAATGCCGTAG-1,
AACGATAGAAGGGCCG-1,1
AACGATATGTCAACTG-1,1
AACGCGGTCTCCAGCC-1,1
AACGCTGTTGCTGAAA-1,1
AACGGACGTACGTATA-1,1
AACGTCAGACTAGTGG-1,1
AACGTGCGAAAGTCTC-1,1
AACGTTATCAGCACCT-1,1
AACTACCCGTTTGTCA-1,1
AACTCAAGTTAATTGC-1,1
AACTCCAGAGCGTGTT-1,1
AACTCTCAATAGAGCG-1,1
AACTGATATTAGGCCT-1,1
AACTGGGTCCCGACGT-1,1
AACTTCTGCGTCTATC-1,1
AACTTGCCCGTATGCA-1,1
AACTTTACGGGAGCTT-1,1
AAGACTGCAAGCTACT-1,1
AAGAGATGAATCGGTA-1,1
AAGAGCTCTTTATCGG-1,1
AAGAGGATGTACGCGA-1,1
AAGAGGCATGGATCGC-1,1
AAGAGGCCCTTTGGAA-1,
AAGATTGGCGGAACGT-1,1
AAGCACCCTGCGTATC-1,
AAGCATACTCTCCTGA-1,
AAGCCGAAGCGGTTTA-1,1
AAGCTAGATCGAGTAA-1,
AAGCTCGTGCCAAGTC-1,1
AAGCTCTTTCATGGTG-1,1
AAGGAGCGGTTGGTGC-1,1
AAGGATCGATCGCTTG-1,1
AAGGATGAGGGACCTC-1,1
AAGGCAGGCTGTCTCC-1,1
AAGGCGCGTAAAGCTT-1,1
AAGGCTGTGCTCATCG-1,1
AAGGGACAGATTCTGT-1,1
AAGGGTTTGATTTCAG-1,
AAGGTATCCTAATATA-1,1
AAGGTGATAAACCAGC-1,1
AAGTAGAAGACCGGGT-1,1
AAGTAGTGACGCGAGG-1,1
AAGTCAATTGTCGTCA-1,1
AAGTCTTCTGTGGCCT-1,1
AAGTGACGACCGAATT-1,1
AAGTGCAAAGGTAGAC-1,1
AAGTGCCTTGACTGTA-1,1
AAGTGTTTGGAGACGG-1,1
AAGTTCACTCCAAGCT-1,1
AATAACAACGCTCGGC-1,1
AATACAATGTTTCAGG-1,1
AATAGAATCTGTTTCA-1,1
AATAGTCGCGAGTCGG-1,1
AATATCCTAGCAAACT-1,1
AATATCGAATCAATGC-1,1
AATATCGAGGGTTCTC-1,
AATATTGGAGTATTGA-1,1
AATCATGTAAAGACTC-1,1
AATCCAAGGGCCTGAG-1,1
AATCGCCTCAGCGCCA-1,1
AATCGCGCAGAGGACT-1,1
AATCTATGCCGGAGCC-1,1
AATCTCTACTGTGGTT-1,1
AATCTGCGTTGGGACG-1,1
AATGACGTAGGATGTC-1,1
AATGACTGTCAGCCGG-1,1
AATGATGATACGCTAT-1,1
AATGATGCGACTCCTG-1,
AATGCAACCGGGTACC-1,1
AATGCACCAAGCAATG-1,1
AATGGTCCACCGTTCA-1,1
AATGGTTCTCACAAGC-1,1
AATTAAAGGTCGGCGT-1,1
AATTACGAGACCCATC-1,
AATTCATAAGGGATCT-1,1
AATTCTAGAGTTAGGC-1,
AATTGAACGCTCTGGT-1,1
AATTGCAGCAATCGAC-1,
ACAAAGAAGGTAGGCC-1,1
ACAAAGCATGACCTAG-1,
ACAAATCGCACCGAAT-1,1
ACAAATGGTAGTGTTT-1,1
ACAACAGCATGAGCTA-1,1
ACAACGGTCCCTGCGA-1,1
ACAAGCAGTGCCTAGC-1,1
ACAAGCTATATGGAAG-1,1
ACAAGGAAATCCGCCC-1,1
ACAAGGACAAGAGGTT-1,1
ACAAGGATGCTTTAGG-1,1
ACAAGGGCAGGCTCTG-1,1
ACAATAGTCGTACGTT-1,1
ACAATCCATTTAAACC-1,1
ACAATTGTGTCTCTTT-1,1
ACAATTTAGGAGGCTC-1,1
ACAATTTGAGCAGTGG-1,1
ACAATTTGGCCATATT-1,1
ACACAAAGACGGGTGG-1,1
ACACACCAGGACCAGT-1,1
ACACACTTTCTACACG-1,1
ACACCACATAATTAGC-1,1
ACACCCAGCATGCAGC-1,1
ACACCCGAGAAATCCG-1,1
ACACCTTAAGTAGGGC-1,1
ACACCTTACTACTTGC-1,1
ACACGAGACTCCTTCT-1,1
ACACGGGAACTTAGGG-1,1
ACACGTAGGCCACAAG-1,
ACACTGGGACAGTCGT-1,
ACAGCGACATTCTCAT-1,1
ACAGGCTTGCCCGACT-1,1
ACAGGTGTGTTGTTGC-1,1
ACAGTAATACAACTTG-1,1
ACATAATAAGGCGGTG-1,1
ACATCAGCTGGGACGC-1,1
ACATCCTGGTAACTGT-1,1
ACATCGATCGTTTACC-1,1
ACATCGGTCAGCCGCG-1,1
ACATCGTATGCAATGG-1,1
ACATGGCGCCAAAGTA-1,1
ACCAACCGCACTCCAC-1,
ACCAAGAACGCGTGTC-1,1
ACCAATATGCAAGTTA-1,1
ACCACAAGTTTCTATC-1,1
ACCACCAATGTAACAA-1,1
ACCACGTGCAGCTATA-1,1
ACCAGACCATAACAAC-1,1
ACCAGTGCGGGAGACG-1,1
ACCATATCCGCAATAA-1,1
ACCATCCGCCAACTAG-1,1
ACCATCGTATATGGTA-1,1
ACCCAACGCCCGTGGC-1,1
ACCCACCTACATGCTC-1,1
ACCCATCTTGAGGGTA-1,1
ACCCATTTGTCCCTCT-1,1
ACCCGGATGACGCATC-1,1
ACCCGGTTACACTTCC-1,1
ACCCTCCCTTGCTATT-1,1
ACCGACTGAGTCCCAC-1,1
ACCGATGGTAGCATCG-1,1
ACCGCAATAACTGCCT-1,1
ACCGCGGTGGAAGTCG-1,1
ACCGGGCCTTTGTTGA-1,1
ACCTAATCGACTTCCT-1,1
ACCTACAGTATGTGGT-1,1
ACCTCCGCCCTCGCTG-1,1
ACCTCCGTTATTCACC-1,1
ACGAAATGGGCGGCAC-1,1
ACGAGTACGGATGCCC-1,1
ACGATACATAGAACTA-1,1
ACGATACCTATCCTGA-1,1
ACGATCATACATAGAG-1,1
ACGATCATCTTGTAAA-1,1
ACGATGCATATGTTAT-1,1
ACGCAATCACTACAGC-1,1
ACGCATACGTTTACTA-1,1
ACGCATTCGTGAGTAC-1,1
ACGCCAGATGATTTCT-1,1
ACGCCGCTAGACGACC-1,1
ACGCGAAGTCAGACGA-1,
ACGCGCTACACAGGGT-1,1
ACGCGGGCCAAGGACA-1,1
ACGCGTTTCTTAAGAG-1,1
ACGCTAGTGATACACT-1,
ACGCTGTGAGGCGTAG-1,1
ACGGATGGTGCGGATA-1,1
ACGGCGACGATGGGAA-1,1
ACGTAGATTGCTGATG-1,1
ACGTATTACTCCGATC-1,1
ACGTCTCGTTCCGGGA-1,1
ACGTGACAAAGTAAGT-1,
ACGTGCGCCTCGTGCA-1,1
ACGTTAATGTCGAAGA-1,1
ACGTTAGATTTGCCCG-1,1
ACGTTATTGGTCACTC-1,1
ACGTTCGCAATCAATT-1,1
ACGTTCTGTACAAGTC-1,
ACGTTTAGTTGTGATC-1,1
ACTACCAGCTCTCTGG-1,1
ACTAGTTGCGATCGTC-1,1
ACTATCCAGGGCATGG-1,1
ACTATCTGCCCGCGTA-1,1
ACTATTCGTCCGTGGT-1,1
ACTCAAGTGCAAGGCT-1,1
ACTCAATAAAGGCACG-1,1
ACTCCCGAATTCGTTT-1,1
ACTCCCTAGAATAGTA-1,
ACTCGTCAGTAATCCC-1,1
ACTCTAAACCTGGGAT-1,1
ACTCTCTGACTTAGGT-1,1
ACTCTTGTATAGTAAC-1,1
ACTGAAACGCCGTTAG-1,1
ACTGAATGGCGAAAGT-1,1
ACTGCCGTCGTAACTC-1,1
ACTGCGGACACACCGT-1,1
ACTGTACGATACACAT-1,1
ACTGTAGCACTTTGGA-1,1
ACTGTCCAGGATTATA-1,1
ACTGTCTTCTTTAGAA-1,1
ACTTACGCATCCACGC-1,
ACTTATACTTACCCGG-1,1
ACTTATTAGGATCGGT-1,1
ACTTATTTATGTGCCA-1,1
ACTTCAGGCTGATCCC-1,1
ACTTCCAGTGGAAGCT-1,
ACTTCCATGCGGGACA-1,1
ACTTCGCCATACGCAC-1,1
ACTTGACTCCCTCTTT-1,1
ACTTGGGACCCGGTGG-1,1
ACTTGTAGTCCCTTCA-1,1
ACTTGTGGATGGAACG-1,1
ACTTTACCCTCATGAA-1,1
ACTTTCCTATAGCTTC-1,1
ACTTTGACTGCATCCT-1,1
AGAAATTATGACTCGC-1,
AGAACGTGGTACATTC-1,1
AGAAGAGCGCCGTTCC-1,1
AGAAGGTTGCCGAATT-1,1
AGAAGGTTGTAGGTCG-1,
AGAATAAATCTTCAGG-1,1
AGAATTATGGATTCGA-1,1
AGAATTGTTTGACATA-1,1
AGACAGCTCAGAATCC-1,1
AGACCATGGGATACAA-1,1
AGACCCACCGCTGATC-1,
AGACCCGCCCTCCTCG-1,1
AGACCGCTCCGCGGTT-1,1
AGACCGGGAAACCCTG-1,1
AGACGAAGTGCCGGTC-1,1
AGACTAGCCTTCCAGA-1,1
AGAGAACCGTCTAGGA-1,1
AGAGATCTCTAAAGCG-1,1
AGAGCAGTTATGAGAC-1,1
AGAGCCGCCGAGATTT-1,
AGAGCGGGCTAATCAT-1,1
AGAGCGTACAAGCTCG-1,1
AGAGGCTTCGGAAACC-1,1
AGAGTAAACTTCACTA-1,1
AGATAACTTCAGGGCC-1,1
AGATACCAATAGAACC-1,
AGATACCGGTGTTCAC-1,1
AGATACGACTTCATAT-1,1
AGATACTCAAGATCGA-1,1
AGATCGTGCATAAGAT-1,1
AGATCTCAGGTGTGAT-1,1
AGATGACTCGCCCACG-1,1
AGATGATGGAGTCTGG-1,1
AGATGCATCCTGTGTC-1,
AGATTATAGGACGTTT-1,1
AGCAACATATCTTATT-1,1
AGCACCAGTACTCACG-1,1
AGCACTACCGGCCTGT-1,1
AGCACTACCTCACCAG-1,1
AGCACTTAAGGACGCC-1,1
AGCATATCAATATGCT-1,1
AGCATCGTCGATAATT-1,1
AGCCACAGGTTACCCG-1,1
AGCCACTCCCGTGCTT-1,1
AGCCCATACATGTAAG-1,1
AGCCCTAAGCGAAGTT-1,1
AGCCCTGTCGCACCGT-1,1
AGCCCTTGGACATCCC-1,
AGCCGCAAATTCAAAT-1,1
AGCCTTAAAGCGGAAG-1,1
AGCGACATCCCATTCA-1,1
AGCGACCAACGATATT-1,1
AGCGATGCGCCTAATA-1,
AGCGCGGGTGCCAATG-1,1
AGCGTGGTATTCTACT-1,1
AGCTAAGTACGCAGGC-1,1
AGCTAGAAGCAGAAGT-1,1
AGCTATTTAATCCAAC-1,1
AGCTCCATATATGTTC-1,
AGCTCCTTCGCACATC-1,1
AGCTCTAGACGTTCCA-1,1
AGCTCTTCCCAGTGCA-1,1
AGCTCTTCGTAACCTT-1,1
AGCTCTTTACTCAGTT-1,1
AGCTGAAGTAAACCAA-1,1
AGCTTGATCTTAACTT-1,1
AGGACAGTCGAATCCC-1,1
AGGACATCGCACGTCG-1,1
AGGACGACCCATTAGA-1,1
AGGAGGCCTTCGCGCG-1,1
AGGATATAGGGATTTA-1,1
AGGCACGTGACTGTCC-1,
AGGCAGATGCGTAAAC-1,1
AGGCATTGTCGTAGGG-1,1
AGGCCACCCGTTATGA-1,1
AGGCCCATTGTACAGG-1,1
AGGCCTGAGAATCTCG-1,1
AGGCTATGGTTAGCTT-1,1
AGGCTTGCTAGACACC-1,1
AGGGAAACGAGGTACT-1,1
AGGGACCGGCTGCGTT-1,1
AGGGCGAGCAGCTGAT-1,1
AGGGCGTGATCGGCTA-1,1
AGGGCTGCAGTTACAG-1,1
AGGGTCGATGCGAACT-1,1
AGGGTGCTCTCGAGGG-1,1
AGGGTGGATAGTGCAT-1,1
AGGGTTCCCTTTGGTT-1,1
AGGGTTTAGTTCGGGA-1,1
AGGTACGATATTGCCA-1,1
AGGTAGGTACAAAGCT-1,1
AGGTATAATTGATAGT-1,1
AGGTCGCGGAGTTACT-1,
AGGTGTATCGCCATGA-1,1
AGGTTACACCATGCCG-1,1
AGGTTGAGGCACGCTT-1,1
AGGTTTCACACACCTT-1,1
AGTAATGTCTTGCCGC-1,1
AGTACATCATTTATCA-1,1
AGTACGGCCCGTATCG-1,1
AGTACGGGCACCTGGC-1,1
AGTACTCTTATGCCCA-1,1
AGTATAATACTAGGCA-1,1
AGTCAACACCACCATC-1,1
AGTCAAGATGACACTT-1,1
AGTCACTAGCTCTCGA-1,1
AGTCCATTGGCTGATG-1,1
AGTCCCGCCTTTAATT-1,1
AGTCGACGGTCTCAAG-1,1
AGTCGGCCCAAACGAC-1,1
AGTCGGTTGCGTGAGA-1,1
AGTCGTATAAAGCAGA-1,
AGTCGTCGACCACCAA-1,1
AGTCTAAAGTATACTC-1,1
AGTCTGGACATCCTTG-1,1
AGTCTTCTCCTCAAAT-1,1
AGTGAACAAACTTCTC-1,1
AGTGACCTACTTTACG-1,1
AGTGAGACTTCCAGTA-1,1
AGTGAGCCTCGCCGCC-1,1
AGTGATAACCTGCGCG-1,1
AGTGATTCAAGCAGGA-1,1
AGTGCACGCTTAAGAA-1,1
AGTGCTAAACACAGCA-1,1
AGTGCTTGCACGAATA-1,1
AGTGGCGGCAATTTGA-1,1
AGTGGCGTCTGAAGGT-1,1
AGTGGCTCCGTCGGCC-1,1
AGTGGTGTTACCCGTG-1,1
AGTGGTTGCGTATAGG-1,1
AGTGTGGTCTATTGTG-1,1
AGTTAAACACTTGCGA-1,1
AGTTAAGCGGTCCCGG-1,1
AGTTACCCTTAAGACT-1,1
AGTTACCGCACATGGT-1,1
AGTTACTCTATCGTGG-1,1
AGTTCACCGGTTGGAC-1,1
AGTTCCTACAGAATTA-1,1
AGTTCCTATTTATGTT-1,1
AGTTGCTGACTGATAT-1,1
AGTTTGCACCTGCCTC-1,
AGTTTGGCACGGGTTG-1,1
ATAAACGGACCCGTAA-1,
ATAAACGTTGCACCAC-1,
ATAAAGGCTCGGTCGT-1,1
ATAAATATTAGCAGCT-1,1
ATAACGCCGGAGGGTC-1,1
ATAACGGAGTCCAACG-1,1
ATAAGGTGGAGAACAT-1,
ATAAGTAGGATTCAGA-1,
ATAAGTAGGGCGACTC-1,1
ATAATAGCTGTTGAAT-1,
ATAATAGTGTAGGGAC-1,1
ATAATCTTGGAGAACC-1,
ATACAGGCCCTCCAAT-1,
ATACCACGGGCAACTT-1,1
ATACGCCGGCGAAACC-1,1
ATACGGGTTTCGATTG-1,1
ATACGGTGAAGATGCA-1,1
ATACGTACTTAGCCAC-1,1
ATACGTCCACTCCTGT-1,1
ATACTACCCGTACCAC-1,
ATACTAGCATGACCCT-1,1
ATACTGCCTTACACCG-1,1
ATACTTGTTCTCGAGC-1,1
ATAGACAACGGGACCT-1,1
ATAGACGAAGAGAAAG-1,1
ATAGAGTACTGGGACA-1,1
ATAGAGTTATCAACTT-1,1
ATAGCAACTAGGGAAG-1,
ATAGGCTAGCTTCGCA-1,1
ATAGGGATATCCTTGA-1,1
ATAGGTTGGGCAGATG-1,1
ATAGTGAAGCGTTCTC-1,1
ATAGTTCCACCCACTC-1,1
ATATAAATGTAGCTGC-1,
ATATAACACGGGCGCA-1,
ATATACATGTATGGTA-1,
ATATACGCTCGTGACG-1,
ATATCAACCTACAGAG-1,1
ATATCAATTCCAGCCT-1,
ATATCGGTAGGGAGAT-1,1
ATATCGTTCCTCGAAC-1,1
ATATCTCCCTCGTTAA-1,1
ATATCTTAGGGCCTTC-1,1
ATATGTCTCCCTAGCC-1,1
ATATTCCACATAGTGA-1,1
ATATTGCTGTCAAAGT-1,1
ATATTTAACCCTCAAG-1,1
ATCAAACACTGTTCCA-1,1
ATCAATCTGGGCTGCA-1,1
ATCACATTAGAATATC-1,1
ATCACTTCATCCTCGC-1,1
ATCAGCCTCATGCTGC-1,1
ATCAGTAGGCAGGGAT-1,1
ATCATAGCCCTATGTA-1,
ATCATCCAATATTTGT-1,1
ATCATTGTACCGCATT-1,
ATCCAACGCAGTCATA-1,1
ATCCAATGGTACCGAA-1,1
ATCCAGGATTCGTGAA-1,1
ATCCTGAATCGCTGCG-1,1
ATCGACCCAATACAGA-1,1
ATCGACTCTTTCCGTT-1,1
ATCGCACGCCGGGAGA-1,1
ATCGCCAGTCAACATT-1,1
ATCGGAGACAGACGGC-1,1
ATCGGCAAGCAGTCCA-1,1
ATCGGTTACCTAGTAA-1,1
ATCGTATTCCGAGAAC-1,1
ATCGTTAGCTAGCGGA-1,1
ATCTCCCACGGAATAT-1,
ATCTCCCTGCAATCTA-1,1
ATCTCGTGAGCGAAAC-1,1
ATCTGCACCTCTGCGA-1,
ATCTGGTTAAGACTGT-1,1
ATCTGTAATTGTACCC-1,1
ATCTTATCGCACACCC-1,
ATCTTGACCTGCAACG-1,1
ATCTTGACTTGTCCAA-1,1
ATGAAGCCAAGGAGCC-1,1
ATGAAGTGGACCCAGC-1,1
ATGACGCCGGCTCTAA-1,1
ATGACTATGCGACATT-1,1
ATGAGGAGTGTTAATC-1,1
ATGAGGGCAGCGGCTA-1,1
ATGATCGGGAATAGAC-1,1
ATGATGCAATGGTACA-1,1
ATGCACTACCGCATTG-1,1
ATGCATGATCCAGGAT-1,1
ATGCCATTTGCGACCA-1,1
ATGCCGGTCTTGCATA-1,1
ATGCCGGTTGATGGGA-1,1
ATGCGACAGTCCCATT-1,1
ATGCGAGTCCCACCAC-1,1
ATGCTCAGTGTTGCAT-1,1
ATGCTCTGGCGCGGTA-1,
ATGCTTAGGAGTTGAT-1,
ATGGAGCAGGCCGTGA-1,1
ATGGATCCGGCGTCCG-1,1
ATGGATTGACCAAACG-1,1
ATGGCAGCCGAGAAAC-1,1
ATGGGCCTCGGCCTCT-1,1
ATGGTCGCGTGGTTTC-1,1
ATGTAAGGCTGCTCTT-1,1
ATGTGCATCCGACGCA-1,1
ATGTGGACATCTTGAT-1,1
ATGTTCGTCGACCCAC-1,1
ATGTTGATTAGAGACT-1,
ATTAAACATGCGGACC-1,1
ATTAATACTACGCGGG-1,1
ATTAATGAACCAGTCG-1,1
ATTAATTCGGTCACTC-1,1
ATTACAACTACCGGCC-1,1
ATTACATGTCAGTCTT-1,1
ATTACCACACTGCCTG-1,1
ATTACGCGCTGGCAGG-1,1
ATTACTAGCCTCTTGC-1,1
ATTAGATTCCTCAGCA-1,1
ATTAGATTGATAGCGG-1,1
ATTAGGCGATGCTTTC-1,1
ATTATACTTTGCTCGT-1,1
ATTATAGCTACTTTAC-1,1
ATTATGCCATAGGGAG-1,1
ATTATTCAGAGTCACT-1,
ATTCAACCATTTAAGG-1,1
ATTCAGGACCTATTTC-1,1
ATTCAGTAGCAGGGTC-1,1
ATTCATATACTGTCCA-1,
ATTCATCGTTGAGGCA-1,1
ATTCCCACATAAACAA-1,1
ATTCCCGAAGGTACAG-1,
ATTCCTCCGCCAGTGC-1,1
ATTCGACGCCGGGCCT-1,1
ATTCGCGCCTTGAGAG-1,
ATTCGTGCTATCTCTT-1,1
ATTGAAGATCTTAGTG-1,1
ATTGATGAGTCCTAAC-1,1
ATTGCCTTTATGTTTG-1,
ATTGCGATCAGTAACT-1,1
ATTGCTGCTCCTCCAT-1,1
ATTGGATTACAGCGTA-1,1
ATTGGTAGGATCCGCT-1,1
ATTGTACAACTCGGCT-1,1
ATTGTCGCAATACCTT-1,1
ATTTAACTCGTATTAC-1,1
ATTTACAGTTTACTGG-1,1
ATTTACTAAGTCCATT-1,1
ATTTCATTATTTCGCG-1,1
ATTTGGAGATTGCGGT-1,
ATTTGTCTTGGGAGCT-1,1
ATTTGTTCCAGGGCTC-1,1
CAAACCAGGTCTGCAT-1,1
CAAACGGTCGCACTTT-1,1
CAAACTACGATAGAGA-1,1
CAAACTATTGAGCTTC-1,1
CAAACTCGCGACGCCG-1,1
CAAATTGTCAGCAAGC-1,1
CAACACATCTCCTGCC-1,1
CAACCAGTGGCCTACC-1,
CAACCTACCGAGCAGT-1,
CAACGACCCGTTTACA-1,1
CAACGGTTCTTGATAC-1,1
CAACGTGGTGGAGTCT-1,
CAACTATATCGAATGC-1,1
CAACTCCTTGATCCCG-1,1
CAAGAGGGCGGAGTAC-1,1
CAAGATATTATAACGT-1,1
CAAGCAACGTCGGAGT-1,1
CAAGCACCAAATGCCT-1,1
CAAGCGGCACATAATT-1,
CAAGGATCGCATGTTC-1,1
CAAGGCCAGTGGTGCA-1,
CAAGGTCCTATAGGCT-1,1
CAAGTGTGGTTGCAAA-1,1
CAATAAACCTTGGCCC-1,1
CAATACGAGAGTCTGA-1,1
CAATACGCTCTGAGGC-1,1
CAATCCCTATACCAGC-1,1
CAATGCGAGAAGTATC-1,1
CAATGGATCTCTACCA-1,1
CAATGTGCCAACCCTT-1,1
CAATTAAGGGTGATGA-1,1
CAATTGGGCCGCACTC-1,
CAATTTCGTATAAGGG-1,1
CACAATGAGCTGCTAT-1,1
CACACACGCTAACGAG-1,1
CACACAGCTTGCGCTC-1,1
CACACAGGGATAGATT-1,1
CACACGCGCTGTCTTA-1,1
CACAGCACCCACGGCA-1,1
CACAGCTAGGGAGTGA-1,1
CACAGGGCCATATAGT-1,1
CACAGTCCCGCTTCGC-1,
CACAGTTCGCTTCCCA-1,
CACATATTAGCAGGAT-1,1
CACATCTCACCGACGA-1,
CACATGATTCAGCAAC-1,1
CACATTCTTTCGATGG-1,1
CACATTTCTTGTCAGA-1,1
CACCAATCATCCGTCT-1,
CACCACGCCACACAGA-1,1
CACCCAAATCTTATGT-1,1
CACCCACACGTCACCC-1,1
CACCCACGAGGCAATT-1,1
CACCCTAACAAGATCT-1,1
CACCGCCAGAAGGTTT-1,1
CACCGTATCCCATCCG-1,1
CACCTAATAGAGTCGT-1,1
CACCTAATCAGTTTAC-1,1
CACCTCGATGGTGGAC-1,1
CACCTTGCGAAACTCG-1,1
CACCTTGGCGCCTTTG-1,1
CACGAAAGTTAGTCCC-1,1
CACGCACAGCGCAGCT-1,1
CACGCAGCGAGGCTTT-1,1
CACGCGGAACTGTTGC-1,1
CACGGGATTGAGGGTT-1,1
CACGTTCGTGCTCTAG-1,1
CACGTTTCGTACACAC-1,1
CACTAAAGTTGCCTAT-1,1
CACTACGGGAGCTGCC-1,
CACTCAAGAGCTATGG-1,1
CACTCAGCTCTTGAGG-1,1
CACTCCTCTCGGTCGG-1,1
CACTCGAGCTGAACAA-1,1
CACTCGGTTAGGAGGA-1,1
CACTCTTCTGCTAGCC-1,1
CACTGTCCAAGTGAGA-1,1
CACTTAATCAGACGGA-1,1
CACTTCGCCACAGGCT-1,1
CAGAACTTAGCCCTCT-1,1
CAGAATAACACACGGA-1,
CAGACCTGTAAGTGTT-1,1
CAGAGCATGAGCTTGC-1,1
CAGATAATGGGCGGGT-1,
CAGATACTAACATAGT-1,1
CAGATGTTTGTCCCAA-1,1
CAGCAGCCCGTTCCTT-1,1
CAGCAGTCCAGACTAT-1,1
CAGCCTCCTGCAGAGG-1,1
CAGCGCCAACACGATA-1,1
CAGCTCACTGAGACAT-1,1
CAGCTCGACAAGTTAA-1,1
CAGCTCGTGCTTGTGT-1,1
CAGCTTAGTAGGTAGC-1,1
CAGGAAGACTTTATAT-1,1
CAGGATATATCGTTGT-1,1
CAGGCAGTCTTACCAG-1,
CAGGCCGTTTGGGTGT-1,1
CAGGCGCCATGCTAGG-1,1
CAGTAATCCCTCCCAG-1,1
CAGTAGCCCACGCGGT-1,1
CAGTCGAGGATGCAAT-1,
CAGTCGGCCTAGATAT-1,1
CAGTCTGTATACTGGG-1,1
CAGTGAATAAATGACT-1,1
CAGTGTCCGCAGAATG-1,1
CAGTGTCGGCTGGCCC-1,1
CAGTTCAAATTGACAC-1,1
CAGTTCCGCGGGTCGA-1,1
CATAACGGACAGTCGT-1,1
CATAAGCTCTCCGTCT-1,1
CATACACAAAGTCAGC-1,1
CATACCCGTACCCAGT-1,1
CATACGGCGTCTGGGC-1,1
CATACTATGTAATTGT-1,1
CATACTTAGGCAATAC-1,1
CATAGCCGCCCGGGAT-1,1
CATAGTACATTGAGAG-1,1
CATAGTAGCATAGTAG-1,1
CATAGTCAAATACATA-1,
CATATAGGTACAGTCA-1,1
CATCATTACCCTGAGG-1,1
CATCCTCTCAAAGATC-1,1
CATCGCCCGCGGCCAA-1,1
CATCGGACGGGTTAAT-1,1
CATCGTCCGGTTACTA-1,1
CATCTAGTGAAGGGAA-1,1
CATCTGCAGGATCATT-1,1
CATCTTACACCACCTC-1,1
CATGACTTCGCTGAAT-1,1
CATGAGATGCACTCTC-1,
CATGATGCACAATTCT-1,1
CATGATGGAAGTTAGC-1,1
CATGCCAACTCGCAAA-1,
CATGCGACCAGTTTAA-1,1
CATGCGTTAGACAGAA-1,1
CATGGATTGTCTTCCG-1,1
CATGGCAGGAAGATCG-1,1
CATGGGTATGCCTTAT-1,1
CATGGGTCGGGTGTGG-1,1
CATGGTAAGTAGCGTT-1,1
CATGGTCTAGATACCG-1,1
CATGTAAGAGACATTT-1,1
CATGTCTCATTTATGG-1,1
CATTACGTCGGCCCGT-1,1
CATTATGCTTGTTGTG-1,1
CATTCCCATTCCGTCG-1,1
CATTGCGAAATGGGCG-1,1
CATTTAGCGGACCATG-1,1
CATTTCTAGCAGACTA-1,1
CCAAACAGAACCCTCG-1,1
CCAAATAACAAGATTC-1,1
CCAACGATGCACTGAT-1,1
CCAAGACTTCTGCGAA-1,1
CCAAGCGTAACTCGTA-1,1
CCAAGGAACAGAGAGG-1,1
CCAATAGATTTCATCT-1,1
CCAATAGTGCCGTCGA-1,1
CCAATCGGTAGATCGA-1,1
CCAATGTCACAGCAAG-1,1
CCAATTACGGGTCGAG-1,1
CCAATTGAATGTTAAT-1,1
CCACAATGTACGTCTT-1,1
CCACACTGAGATATTA-1,1
CCACAGTACCCATCCT-1,1
CCACATACTGCACCCA-1,
CCACATGGCTCTTTAT-1,
CCACCCAAGGAAAGTG-1,1
CCACGAATTTAACCTC-1,1
CCACGAGAAGAGAATC-1,1
CCACGGTGCCCGGTAG-1,1
CCACGTAAATTAGACT-1,1
CCACTATCCGGGTCAC-1,1
CCACTGGTGGCTGGTT-1,1
CCACTGTTTGGATTAA-1,
CCAGAGACAAAGCCGG-1,1
CCAGATAGTTGAGTGA-1,1
CCAGCCTGGACCAATA-1,1
CCAGCTGATGGTACTT-1,1
CCAGCTTCCGCCCGCA-1,1
CCAGGGACGTGGCCTC-1,1
CCAGTAGTCTGATCCA-1,1
CCAGTCAAATCTCTTA-1,1
CCAGTCTAGACGGCGC-1,1
CCATAAACAACCCGAC-1,1
CCATAACCTGTGCAGT-1,
CCATACCTTTACTTGT-1,1
CCATACTCGCCTCTCC-1,1
CCATAGAGGCTGCCAG-1,
CCATAGGTTGGCGTGG-1,1
CCATATGGAAACTATA-1,1
CCATCCATACCAAGTC-1,1
CCATCGCAGTTAAACT-1,
CCATCTCACCAGTGAA-1,1
CCATGCCCTAGATTTC-1,1
CCATGCCTGTTTAGTA-1,1
CCATGCTCTGCAGGAA-1,1
CCATGGCCCTTGTACC-1,1
CCATTAGCGATAATCC-1,1
CCATTCCCTGCCCACA-1,1
CCATTTCTACCTATTA-1,
CCCAAACATGCTGCTC-1,1
CCCAAGTCATTACACT-1,
CCCAATTTCACAACTT-1,1
CCCACTCCACGGTATC-1,
CCCAGGTCTGAAGGCT-1,1
CCCAGTTAAGGCGCCG-1,1
CCCGAAGTTTCGCGAA-1,1
CCCGACCATAGTCCGC-1,1
CCCGAGTTTCTCCGTA-1,1
CCCGCAGCGCGAACTA-1,
CCCGCAGGGCCCAAAG-1,1
CCCGCCATGCTCCCGT-1,1
CCCGCGCAATGCACCC-1,1
CCCGGTGGAAGAACCT-1,1
CCCGTAAGTCTAGGCC-1,1
CCCGTCAGCGTCTGAC-1,1
CCCGTGAGGGCGGTGA-1,1
CCCGTTTCGCAGATGT-1,1
CCCTAGGCAACAAGAG-1,1
CCCTCATTCTGGAATT-1,1
CCCTCCTCGCTCGTAT-1,1
CCCTGAAATGAGTTGA-1,1
CCCTGACTAACAAATT-1,1
CCCTGCCCAATCCGCT-1,1
CCCTGCGCTACGCATA-1,1
CCCTGGCTGTTCCTTC-1,1
CCCTTTAATGGAGTTC-1,
CCGAAAGTGGTGAGCA-1,1
CCGAACACTGGGCCTC-1,1
CCGAACCTTCCCGGCC-1,
CCGAAGTATATTGTTC-1,1
CCGACAAAGGGAGTGC-1,1
CCGACAATAGGCCGCC-1,
CCGAGAAGTCGCATAA-1,1
CCGATCTCAACCTTAT-1,1
CCGATTCGAGGGACCC-1,1
CCGCACAAAGACCAAC-1,1
CCGCACGTGACCTCGG-1,1
CCGCCGTTGAGGATAA-1,1
CCGCCTTGCGATGTCG-1,1
CCGCGATTTGGTAGGT-1,1
CCGCGCAAGATACCCA-1,
CCGCGGGTACGAAGAA-1,1
CCGCGTAGGTAAGGGC-1,1
CCGCTATCAGCACCAG-1,1
CCGCTCTTCCGAACTA-1,
CCGGAATGGTTTCAGT-1,1
CCGGCACGACCGTTTC-1,1
CCGGCCGCGAGCATAT-1,
CCGGCGCATATTGGAT-1,1
CCGGCGTGAGACTCTG-1,1
CCGGGACCCGCAGAGA-1,1
CCGGGCGGTCTCGTCA-1,1
CCGGGCTGCTCCATAC-1,1
CCGGGTTCGAGGTTAC-1,1
CCGGTAATGGCTAGTC-1,1
CCGTAAGTTGGTCCCA-1,1
CCGTAGGAAATCCCTG-1,1
CCGTAGGGTTGTTTAC-1,
CCGTGAGGCATTCATG-1,1
CCGTGGAACGATCCAA-1,1
CCGTTACGTTAGAACA-1,1
CCGTTCCGAATCTCGG-1,1
CCTAAAGGCTGACGCT-1,1
CCTAAATTAACGGTTC-1,1
CCTAAATTGTATCCTA-1,1
CCTAACCCAAACAAGT-1,1
CCTAACTAAGGCTCTA-1,1
CCTACGGCTCAGTCGA-1,1
CCTACTGCTTACACTT-1,1
CCTAGGCGTAGCGATC-1,1
CCTAGTTAGTCGCATG-1,1
CCTATAATGAGTGCCC-1,1
CCTATCTATATCGGAA-1,1
CCTATGAAGTGGTGCC-1,1
CCTATGGGTTACCGTC-1,1
CCTATGTCCACTCCAC-1,1
CCTCAACGATCGCTGT-1,1
CCTCACCAATCTTGAC-1,1
CCTCACCTGAGGGAGC-1,
CCTCACCTTAGCATCG-1,1
CCTCCGACAATTCAAG-1,1
CCTCCTGAGCCCACAT-1,1
CCTCCTGTTGTGTCGT-1,1
CCTCGAAGTGGACGGG-1,1
CCTCGCCAGCAAATTA-1,1
CCTCGCGCGATATAGG-1,1
CCTCGGACCGGGATAG-1,1
CCTCGGATGCTACCTG-1,1
CCTCTAATCTGCCAAG-1,1
CCTCTCTCCCATCTAG-1,1
CCTCTGGCCTAGACGG-1,1
CCTGAACGATATATTC-1,1
CCTGAATATTTACATA-1,1
CCTGACCACCGATGGT-1,
CCTGCCCGTTGTCTAG-1,1
CCTGCGTTCTACGCTT-1,1
CCTGCTATTTGAGAAG-1,1
CCTGGAAACGTTCTGC-1,1
CCTGGCTAGACCCGCC-1,1
CCTGTAAGACATGATA-1,1
CCTGTACTCACGCCCA-1,1
CCTGTCACCCGGGCTC-1,1
CCTGTCCCTCACGTTA-1,1
CCTGTCGCCCGTAAAT-1,1
CCTGTGAAACCGTAAC-1,1
CCTGTTTGAAGACACG-1,1
CCTTCTCAGCGTTCCT-1,1
CCTTCTTGATCCAGTG-1,1
CCTTGACCACTTTATT-1,1
CCTTTCAATGAAGAAA-1,1
CGAAACATAGATGGCA-1,1
CGAAACGCAATTCATG-1,1
CGAACAGTATGGGCGT-1,1
CGAACGCCCAGTGCCG-1,1
CGAAGACGGTGAGTGC-1,1
CGAAGTTGCTCTGTGT-1,1
CGACAATTTGATCTAA-1,1
CGACACGCTCCGACAG-1,1
CGACAGTTCGCGTTAT-1,1
CGACCTACTAGACAAT-1,1
CGACTCAGGATGTTAT-1,1
CGACTTTGTATAGCCT-1,1
CGAGACCCTAGAGTGT-1,1
CGAGAGATGTGAACCT-1,1
CGAGAGCGCGTAGATA-1,1
CGAGAGCTTTCACTAC-1,1
CGAGAGGGTAGCCGCG-1,1
CGAGATTTCGCTCGGG-1,1
CGAGCACTTCAAGTTT-1,1
CGAGCTGGGCTTTAGG-1,1
CGAGGCTAAATATGGC-1,1
CGAGGGACTGCGGTCG-1,1
CGAGTTCTGTCCCACC-1,1
CGAGTTTATCGGACTG-1,1
CGATAATACTCAGGTT-1,1
CGATACCTCGCGGACA-1,1
CGATAGTCGTACTGCA-1,
CGATCCGACCCAGTGC-1,1
CGATGGACCCTACGCC-1,1
CGATTCGCCTGGCTGC-1,
CGCAAACACGAGTTAC-1,1
CGCAATCGATCATTAG-1,1
CGCAATTACTTTCGGT-1,1
CGCAATTAGGGTAATA-1,1
CGCAATTCTACAATAA-1,1
CGCACATGTCCACTAC-1,1
CGCACGTGCGCTATCA-1,1
CGCAGGCGATCCAAAC-1,1
CGCATGCCGAATGCGT-1,
CGCATGGTGCGATGCT-1,1
CGCATTAGCTAATAGG-1,1
CGCCAAGAAGCCGAGT-1,1
CGCCATCCGATTATGA-1,1
CGCCCAGCGTTTCACG-1,1
CGCCCGCTTCCGTACA-1,1
CGCCCTAATTGTTCAA-1,
CGCCCTTGAAGGCTGA-1,1
CGCCGACTATTCGCTA-1,1
CGCCGCCCATGCCTGT-1,1
CGCCGTTCAGCATAGT-1,1
CGCCTCCCTCCTCTAT-1,1
CGCCTGGCCTACGTAA-1,1
CGCCTTTAGCATGCTC-1,1
CGCGAAGTGGCATACT-1,
CGCGACACTGCGCAGC-1,1
CGCGACCGCGACAGAT-1,
CGCGCCCGACTTAATA-1,1
CGCGGCTCAACTTGAA-1,1
CGCGGGAATTAGGCAG-1,1
CGCGTTCATGAAATAC-1,1
CGCTACGGGACATTTA-1,1
CGCTAGAGACCGCTGC-1,1
CGCTATTCAATGTATG-1,1
CGCTATTCTTAGGCTC-1,1
CGCTCGACATAATGAT-1,1
CGCTCTCCGTAGATTA-1,1
CGCTGGTGACTACCCT-1,1
CGCTGTGACGCCGCAC-1,1
CGCTTATTCCCGGTCG-1,1
CGCTTCCACTGAAATC-1,1
CGCTTCGGTCTAAGAC-1,
CGCTTTCATACCGGTG-1,1
CGCTTTCTTGCATTCG-1,1
CGGACGTTACTTGAAG-1,1
CGGAGCATGGCGATCC-1,1
CGGAGTTTGAGAGACA-1,1
CGGATAAGCGGACATG-1,1
CGGATCCTCAAGGACT-1,
CGGCAAACATCGTGCG-1,
CGGCAATAAGATCGCC-1,1
CGGCAGGGTCGGGTTG-1,1
CGGCCACGCACAAAGT-1,1
CGGCCCAGGTATATCC-1,1
CGGCGCCATCAATCCC-1,1
CGGCTCTAAAGCTGCA-1,1
CGGGAATATAGTATAC-1,1
CGGGAATTTATGTAAA-1,1
CGGGAGCTTCAGTGTA-1,1
CGGGAGTATACCGCCG-1,1
CGGGATCAATGTAAGA-1,1
CGGGCAGCTAAACCGC-1,1
CGGGCCTTCTTTGTAA-1,1
CGGGTGTACCCATTTA-1,1
CGGGTTTGTTAGGGCT-1,
CGGTACGGCAAACCCA-1,1
CGGTACTAGAATCAAA-1,1
CGGTAGAGGTGCAGGT-1,1
CGGTCAAGTGGGAACC-1,1
CGGTCTATCAACCCGT-1,1
CGGTGAAGACTAAAGT-1,1
CGGTGTACTTGATCCC-1,1
CGGTTATCCAACAGTG-1,1
CGGTTCAAGTAGGTGT-1,
CGGTTGACCTGGCATA-1,1
CGGTTTACTGAACATT-1,
CGTACCTGATAGGCCT-1,1
CGTAGAGAGTAATTAT-1,
CGTAGCGAATTGTCAG-1,1
CGTATTAAGAGATCTA-1,1
CGTCAAGGCTATAAAT-1,1
CGTCATACCATATCCA-1,1
CGTCGGATAGTGTTGA-1,1
CGTCGTCCTTCGCGAA-1,1
CGTCTGGAAGGGCCCG-1,1
CGTGAAGTTAATTCAC-1,1
CGTGACATTGGGTCGT-1,1
CGTGCAGACTGGGACA-1,1
CGTGCATTGTCGACGC-1,1
CGTGCCCTCCCGAAGA-1,1
CGTGGAAGCCTCGTAC-1,1
CGTGGCCGAATATCTA-1,1
CGTGTCCCATTCGCGA-1,1
CGTGTGTTAAACCCTG-1,1
CGTTAAACTAGTTAGG-1,1
CGTTAATGTCCCGACG-1,1
CGTTAGCTCACAACTG-1,1
CGTTATCATACTTCCA-1,1
CGTTGAATACCGCGCT-1,
CGTTGAGCGACCGTCG-1,1
CGTTGTAAACGTCAGG-1,1
CGTTGTAAGATTGATT-1,1
CGTTGTTTCAATTCCC-1,1
CGTTTAAGCGGAGCAC-1,1
CGTTTCACTTCGGGCG-1,1
CGTTTCGCTCATTACA-1,1
CTAAAGAATGCCTACT-1,1
CTAAAGGGAAATAGGA-1,1
CTAAATCCTATTCCGG-1,1
CTAACAGCACAATAAC-1,
CTAACCGCGCGCCCGT-1,1
CTAACGAAACTTGCTG-1,1
CTAACTGATAATCGCC-1,1
CTAAGGGAATGATTGG-1,1
CTAATTCGCACGCGCT-1,1
CTAATTCTCAGATATT-1,1
CTAATTTCAACAACAC-1,1
CTACACTCGCAGATGG-1,1
CTACCCTAAGGTCATA-1,1
CTACGACTAGCTATAA-1,1
CTACGCACGGAGTACC-1,1
CTACGCCATTTCCGAT-1,1
CTACTATCTTTCAGAG-1,1
CTACTCTAGGCCCGGC-1,1
CTACTGCCACCTGACC-1,1
CTAGATGTGAGTGTAA-1,1
CTAGATTTACGACGGC-1,1
CTAGCATAGTATAATG-1,1
CTAGGCGCCCTATCAG-1,1
CTAGGTCTGAAGGAAT-1,1
CTAGTAGAAAGGGATT-1,
CTAGTATTCGGAATTA-1,1
CTAGTCACGTCTTAAG-1,1
CTAGTGAAGGACAGGA-1,1
CTAGTTACAACCCGGT-1,
CTAGTTGGGCCCGGTA-1,1
CTATAAGAGCCAATCG-1,
CTATCGACGAAATACA-1,1
CTATCGGGTCTCAACA-1,1
CTATGGGAAGCGGAAT-1,1
CTATGTCACTAGCCCA-1,1
CTATGTGAGTCACGGC-1,1
CTATTTGGTTACGGAT-1,1
CTCAACTAACCCGGAT-1,1
CTCACCAGTACAAGTG-1,1
CTCACTTGGCTGGTAA-1,1
CTCAGATTGTGATAAG-1,1
CTCAGGACTCACCTGT-1,1
CTCAGTCACGACAAAT-1,1
CTCATGGCTCACAATC-1,1
CTCATTCGTGAACATC-1,1
CTCATTGCTCTAACAA-1,
CTCATTTGATGGGCGG-1,1
CTCCCAATGAGTCGCG-1,1
CTCCGGCCTAATATGC-1,1
CTCCTGTTCAAGGCAG-1,
CTCGAGGTCGAACAGT-1,1
CTCGATATTTGCGAGC-1,
CTCGCACCTATATAGT-1,1
CTCGGTACCACTGCTC-1,1
CTCGGTCCGTAGCCTG-1,1
CTCTACACTGGCGATT-1,1
CTCTAGCCCTCGGAAA-1,
CTCTATTTGGCTGCAG-1,
CTCTCACAATCGATGA-1,1
CTCTCGCTGTACTATG-1,1
CTCTGGACGCCTGGTG-1,1
CTCTGTTTGAGGATTC-1,1
CTCTTCTATTGACTGG-1,1
CTGAAAGAGATCCGAC-1,1
CTGACATAGAAATAGA-1,
CTGACTGCGCAGCTCG-1,1
CTGAGAAAGTTCGGCG-1,1
CTGATAGTGTATCTCA-1,1
CTGCAAGCACGTTCCG-1,
CTGCACAACTACATAT-1,1
CTGCACCTGGAACCGC-1,1
CTGCACTCCAGTACAG-1,
CTGCAGAGAATCAGAG-1,
CTGCCAAGGTTGGAAG-1,1
CTGCCATGCATCACAT-1,1
CTGCCCACGAAGCGTT-1,1
CTGCCTCATATGCAAC-1,1
CTGCCTTTCTAGTAAA-1,1
CTGCGGGTGAAATGTT-1,1
CTGCGTTACGATATAA-1,1
CTGCTGTCTAACGAGC-1,
CTGCTTGGCGATAGCT-1,
CTGGAAATGGATGCTT-1,1
CTGGAAGACACGGTGG-1,1
CTGGCGACATAAGTCC-1,1
CTGGCGCACAGGTCTG-1,1
CTGGCGGGAATAAGTA-1,1
CTGGCTGATTCATCCT-1,1
CTGGGATAAATAATGG-1,1
CTGGGATACGCTACCC-1,1
CTGGGTAGGCAGTTAA-1,1
CTGGTAAAGTGTGGGC-1,
CTGGTAACACATAGAA-1,1
CTGGTAACGAGCTCTT-1,1
CTGGTCATTCCAATCC-1,1
CTGGTTTCGAGCAAGA-1,1
CTGTACTTCTTAGCAT-1,1
CTGTATGGTGTAGAAA-1,1
CTGTCAAATGGCTCGG-1,1
CTGTGCAGGGTAGGTC-1,1
CTGTGGTCGGGAGATA-1,1
CTGTTACCCAATCTAG-1,
CTGTTCACTGCCTGTG-1,1
CTGTTCATCTCACGGG-1,1
CTTAAATAAGACCCAT-1,1
CTTAAGCAGCGAGCCG-1,
CTTACACGGTATTCCA-1,1
CTTACACTGGGAAATA-1,1
CTTAGCCCGGATAGTG-1,1
CTTAGCCTTCCACATG-1,1
CTTAGTAGGCCTACAG-1,1
CTTAGTGTAGTAGCAT-1,
CTTATGCGCTCAGGGC-1,1
CTTCAACTCCACTTGG-1,
CTTCATAGCTCAAGAA-1,1
CTTCATTGTCAGTGGA-1,1
CTTCGGCCAATTGTTT-1,1
CTTCGTAGATAGGTGA-1,1
CTTCTTACGTCGTATA-1,1
CTTGAGTTAGGGTAAT-1,1
CTTGCCCAGGCTCTAC-1,
CTTGTACTTGTTGACT-1,1
CTTGTCAACATTCGAG-1,
CTTGTGCTCACCGATT-1,1
CTTGTTGCTGAGTCAA-1,1
CTTGTTTATGTAGCCA-1,1
CTTTAACTTTCAAAGG-1,1
CTTTAATATTGGTCGA-1,
CTTTACCGAATAGTAG-1,1
CTTTAGGAACACTGTT-1,1
CTTTAGTGCTATTATT-1,1
CTTTGACGTCGCTTCT-1,1
CTTTGCATCGCTCTTG-1,1
CTTTGGCGCTTTATAC-1,1
CTTTGGCTTTAGTAAA-1,1
GAAACAGATGACCACC-1,1
GAAACAGCCATGCAGT-1,1
GAAACCATGGTGCGCT-1,1
GAAACTCGTGCGATGC-1,1
GAAACTCTAATGAAGG-1,1
GAAAGAACAGCGTTAT-1,1
GAAAGCCCTTTGGACC-1,1
GAAAGTGACTAACTGC-1,1
GAAATACTAAACGTTT-1,1
GAAATATCACCATCAG-1,1
GAAATCGCGCGCAACT-1,1
GAAATGGCGGTGTTAG-1,1
GAAATTGTCTCTATAA-1,1
GAACACACATCAACCA-1,1
GAACCTCGACCTACAC-1,1
GAACCTTTAACGATCC-1,
GAACGACCGAATGATA-1,1
GAACGCGGGTCACACG-1,1
GAACGTCTCATGGTCG-1,1
GAACGTTAGGAAGACG-1,1
GAAGAACGGTGCAGGT-1,1
GAAGCCGGGTAAGCTC-1,1
GAAGCGTGAGGAATTT-1,1
GAAGCTTGCTGACCGC-1,1
GAAGTCTCCCTAGCGA-1,1
GAAGTGATTTATCGTG-1,1
GAAGTGCTGGATAGCT-1,1
GAAGTTTCCACTCAAT-1,1
GAATAGACGCGACCCA-1,1
GAATAGCATTTAGGGT-1,1
GAATATTCGGAGTCCC-1,1
GAATCGACATGGTCAC-1,1
GAATCTGAACATTCTC-1,1
GAATGCCGAAATGACC-1,1
GAATGGGCTTATCGAC-1,1
GAATGTGGTCCGGATT-1,1
GAATGTTGGGTAATCT-1,1
GAATTATAGTGAAAGG-1,1
GAATTCACCCGGGTGT-1,
GAATTTCTCGCTGCAG-1,1
GACAAACATATGCAGG-1,1
GACAACGACCATTGAA-1,1
GACAACGCAGCTTACG-1,1
GACAAGAGATGAGATT-1,
GACACAAGGGAAGAAA-1,1
GACACGAGTTAGAGGA-1,1
GACACTGGAACCCGAT-1,1
GACAGATTTCTGGCTC-1,1
GACAGCCAGACCTGAC-1,1
GACAGGCACACACTAT-1,1
GACATACTGTCGCAGA-1,1
GACCAAACGTTGACTG-1,
GACCAGAGCCCTGTAG-1,1
GACCGACGTGAAAGCA-1,1
GACCGACTGAAGCGTC-1,1
GACCGCGTCTGACGTG-1,1
GACCGTCAGGTCGTGA-1,1
GACCGTGCTGACGGTG-1,1
GACCGTTACATGCGAC-1,1
GACGACGATCCGCGTT-1,
GACGAGGCTAATAAAC-1,1
GACGCTTGCTTCTAAA-1,1
GACGGTCAATAGAAGC-1,
GACGTGTAGGGATTAT-1,1
GACTAAGATCATGCAC-1,1
GACTAAGTAGGCTCAC-1,1
GACTCACCCACGTGAG-1,1
GACTCCCAGAATAAGG-1,1
GACTCGCGGGAATGAC-1,1
GACTGCAAATCGAGCT-1,
GACTGCACCAGCCCAG-1,1
GACTGCGGCACGTGTA-1,1
GAGAATCTCACGATCA-1,1
GAGACTGATGGGTAGA-1,1
GAGAGCGCAGTCCCTG-1,1
GAGAGGGCGCGAGGTT-1,1
GAGATCTGCTTGGCAT-1,1
GAGATCTGTCACTCCG-1,1
GAGATCTTCCATGACA-1,1
GAGATGGGAGTCGACA-1,
GAGCACCTGTGTCCAG-1,
GAGCACGGCGCCTCTT-1,1
GAGCCAGCTACCTGTG-1,1
GAGCGAGGGAGTACCG-1,1
GAGCGCAAATACTCCG-1,1
GAGCGCGCACGAGTAG-1,1
GAGCTAAGGGCATATC-1,1
GAGCTCTCGGACCTAA-1,1
GAGGAATGGAGAGGTT-1,1
GAGGATAAACAGTGCT-1,1
GAGGCCTGTTGATACA-1,
GAGGCTATCAAAGTCG-1,1
GAGGGCGCAGCTCTGC-1,1
GAGGTCCCAAAGATCT-1,1
GAGTAAACCGGAAAGT-1,
GAGTACGGGTATACAA-1,1
GAGTCCGCTTACCGGA-1,
GAGTCGACAGACCCTC-1,1
GAGTCTTGTAAAGGAC-1,1
GAGTGTCAACCAGAAA-1,
GAGTGTGCGGTACCCA-1,1
GAGTTCTGTGGGTGCT-1,
GATAAATCGGTGGATG-1,1
GATAACTCGCACTGTG-1,1
GATAGGTAACGTTGAC-1,
GATATCAAGCAGGAGC-1,
GATATGAGACACTAAC-1,1
GATATGCGGTAGCCAA-1,1
GATATGGATTACGCGG-1,1
GATATTGAGATTGGCG-1,1
GATATTTCCTACATGG-1,1
GATCATTCCAAACATT-1,1
GATCCCTTTATACTGC-1,1
GATCCGGGAATTAACA-1,1
GATCCTAAATCGGGAC-1,1
GATCGACACTATCTGA-1,1
GATCGCGGGCTCTCCA-1,1
GATCGCTACCCGATTT-1,1
GATCGGATAGAACCAT-1,1
GATCGGCGATAAGTCG-1,1
GATCGGTGGCCATAAC-1,1
GATCGTGACTGATATC-1,1
GATCTAACCGTATTCA-1,
GATCTCGACGCTGTGG-1,
GATCTTGGAGGGCATA-1,1
GATCTTTGCAGGGTAT-1,1
GATGCCAGCAGAAGGC-1,1
GATGCGAATGGTATTA-1,1
GATGCGTCCTGCATTC-1,1
GATGCTACAAGCGCCT-1,1
GATGCTGTATTTCATC-1,1
GATGGCGCACACATTA-1,1
GATGTTCAATCCACGA-1,1
GATGTTTGTGCGAGAT-1,1
GATTAACCGAAAGCCC-1,1
GATTACTGAATTTGGG-1,1
GATTCCCTTGTCGCAG-1,1
GATTCCGCGTTTCCGT-1,1
GATTCCTATACGGCGC-1,1
GATTCGACGGTTCACG-1,1
GCAAACCCTACATTAT-1,1
GCAAACGTCGCCAGGT-1,1
GCAAATATTACGCTTT-1,1
GCAAATGAGGACACTT-1,1
GCAACACACTAGAACT-1,1
GCAACAGCAGTATGCG-1,1
GCAACCCAAGTTGTTT-1,1
GCAACGGCTAGTTATG-1,1
GCAAGCTGGAAACCGC-1,1
GCAAGTGCACAGAGAA-1,1
GCACAAACGAGGCGTG-1,1
GCACACACTGGTAGCC-1,1
GCACACGCCCATGGTC-1,1
GCACGTGGTTTACTTA-1,
GCAGACCCAGCACGTA-1,1
GCAGATCCATAAGACT-1,1
GCAGATCCTCGCAAAT-1,1
GCAGATTAGGGATATC-1,1
GCAGCACACAGCCCAG-1,1
GCAGCCTATATCACAT-1,1
GCAGGACTATAGAATA-1,1
GCAGGTAGAGTATGGT-1,1
GCAGTGTGGCTATAGG-1,
GCAGTTCGATCCGAGC-1,
GCATACGAGGTCTTTA-1,1
GCATAGAGCACTCAGG-1,1
GCATCCCTAACTTTGA-1,1
GCATCGGCCGTGTAGG-1,1
GCATGAGGGACGCGGC-1,1
GCATGCTAATAACGAT-1,
GCATGGGTACTGACGC-1,1
GCATTCAAGGCAACGC-1,1
GCATTCGAAATGAACA-1,1
GCATTGACTTGCGGAA-1,
GCATTGTAATTCATAT-1,1
GCATTTCCAAGGCTCC-1,1
GCCAACCATTTCCGGA-1,1
GCCAAGAATACTTCTG-1,1
GCCAATAGGGCATCTC-1,
GCCACTCAGAGCGCGA-1,1
GCCAGGAGTAACCGAT-1,1
GCCATATTGCACACAG-1,1
GCCATCGATGCTGCAT-1,1
GCCCAGTTGGTATGCC-1,1
GCCCGCGCGTTTGACA-1,1
GCCCGTAATACCTTCT-1,1
GCCGAAATTCCTACGT-1,1
GCCGATTGGCCAAGCT-1,1
GCCGCACTCCGTTTCA-1,1
GCCGCATTAGTCCGGC-1,1
GCCGCTTGTGAGAAAC-1,1
GCCGGGTTAGGGTCGC-1,1
GCCGTGGAAGAAATGT-1,1
GCCTAGCGATCTGACC-1,1
GCCTATAGTGTCAGGG-1,1
GCCTATTCCGATATAG-1,1
GCCTCATCTGGAAATA-1,1
GCCTCCGACAATTCAC-1,1
GCCTCTATACATAGCA-1,
GCCTTCAGCCCTACCG-1,1
GCGAAACGATCGGGAG-1,1
GCGAAACTTAACTGGA-1,1
GCGAAGCCATACCCGT-1,1
GCGACATGTAAACATC-1,1
GCGAGAGTTGCGTCCA-1,1
GCGAGCGCATGCTCCC-1,1
GCGAGGCCCGAGCAGA-1,1
GCGAGTTCTGCAAAGA-1,1
GCGATTCTGGAAGCAG-1,1
GCGATTGTTAACGTTA-1,1
GCGCAAGAGCGCGCTG-1,1
GCGCATCCAGTCAGCA-1,1
GCGCCGTTCCACGATA-1,1
GCGCCTCCCACTCCGA-1,1
GCGCGTCATTGGTACA-1,1
GCGCTAATTGAATAGA-1,1
GCGCTATGCCGAGGCA-1,1
GCGCTGATCCAGACTC-1,1
GCGCTGCTTTGCATTT-1,1
GCGCTTAAATAATTGG-1,1
GCGGAGAGGGAGAACG-1,1
GCGGCTCTGACGTACC-1,1
GCGGGAACCAGGCCCT-1,1
GCGGTGAACTGCGCTC-1,1
GCGTAAATGGCCATAA-1,1
GCGTCGAAATGTCGGT-1,1
GCGTCTCTGCATTGGG-1,1
GCGTGGTACTGGGTTA-1,1
GCGTTATATTTGGAAC-1,1
GCTAAACCTGAGGTGA-1,1
GCTAACTGAAGTCTGA-1,1
GCTAAGTAAAGGCGAT-1,1
GCTAAGTAGTTTCTCT-1,1
GCTAATACCGAATGCC-1,1
GCTACAATCGAGGATA-1,
GCTACAGTACGGACCG-1,1
GCTACGACTTATTGGG-1,1
GCTACTATAGTAGAGT-1,1
GCTAGACCGTCTACTG-1,1
GCTAGAGTAGAGATGT-1,1
GCTAGGCACCACGGAG-1,1
GCTAGTAGAGCTTGTA-1,1
GCTAGTTTCATTGAGG-1,1
GCTATACGTCTCGGAC-1,1
GCTATCATACTCATGG-1,1
GCTATCGCGGCGCAAC-1,1
GCTATGCCAGCTTATG-1,1
GCTCCCAGTCGGTCCA-1,1
GCTCCGCTCGCTTCAG-1,1
GCTCGCGGTTCCGCTC-1,1
GCTCGCTCATGTCCAA-1,1
GCTCGGAATTTAAAGC-1,1
GCTCTAAACCCTGACG-1,1
GCTCTATGTTACGTGC-1,1
GCTCTCGGGTACCGAA-1,1
GCTGAGGCGTGAGTAT-1,1
GCTGCACGGTTTCTTA-1,1
GCTGCTACTGCGTAGC-1,1
GCTGCTCTCCGGACAC-1,1
GCTGGCAGGTGCCGTG-1,1
GCTGGCATATTCACCT-1,1
GCTGTTGCTACCGAAC-1,1
GCTTAATGTAACTAAC-1,1
GCTTACGTAGTTAGTA-1,1
GCTTATGAAGCAGGAA-1,1
GCTTCCGTCCCTAGAC-1,1
GCTTGATGATAATCAG-1,1
GCTTGGATCGATTAGG-1,1
GCTTTCAGAGGAGGTG-1,1
GGAAACTAAATGGGCC-1,
GGAAAGTGCCCATGCC-1,1
GGAACCCGAACAAGAA-1,1
GGAACGGCCTGCAGCC-1,1
GGAACTTTGGCGATTA-1,
GGAATGCGCTAGCGTG-1,1
GGACAAGCCATGATCG-1,1
GGACAAGTTGCAGTGA-1,1
GGACACAAGTTTACAC-1,1
GGACCAACAGGATAAC-1,
GGACTAAGTCAGGAGT-1,1
GGAGAAGTCATTGGCA-1,1
GGAGACGACACCTTTG-1,1
GGAGCAACATTTCAAG-1,1
GGAGCACCAAGAACTA-1,1
GGAGGCCGAAGTCGTC-1,1
GGAGGGCTTGGTTGGC-1,1
GGAGGGTCAAGTAAGA-1,
GGAGTGCCGCCCTGGA-1,1
GGATCAGAGCCATCAG-1,1
GGATCCGGAATATACT-1,1
GGATGAAGATCGCTGA-1,1
GGATGACGCGAGTTTA-1,1
GGATGCTGGCGTTCCT-1,1
GGATGGCTTGAAGTAT-1,
GGATGTCCTTACCGCA-1,1
GGATTCAGTACGGTGG-1,1
GGATTCCGCTATACCC-1,1
GGATTGCTGTGACTCC-1,1
GGATTTCACTTCTATA-1,1
GGCAAATTACTTTACT-1,1
GGCAAGGCGAAATAGC-1,1
GGCAATAGTCAATGAG-1,1
GGCACTCCACTGGGCA-1,1
GGCAGAGAGATCGGGA-1,1
GGCAGCAAACCTATGC-1,1
GGCATACAGGTAGCGG-1,1
GGCATATCGGTTCTGC-1,1
GGCCCGGAGCATGTCT-1,1
GGCCCTCACCCACTTA-1,1
GGCCGGCGTCTGCTAT-1,
GGCCTGCTTCTCCCGA-1,
GGCCTTTGCAACTGGC-1,1
GGCGAAATCTAACTTG-1,1
GGCGCAGGACATCTTC-1,1
GGCGCATGAATTGATG-1,1
GGCGCGGAGATCTTTC-1,1
GGCGCGTTCGAGTTTA-1,
GGCGCTCCTCATCAAT-1,1
GGCGGAGTAATATTAG-1,1
GGCGGTAGGATCATTG-1,1
GGCGTAGGGAAAGCTG-1,
GGCGTCCTATCCGCTG-1,1
GGCTATTAAGTTGTAT-1,1
GGCTCGCGTTGAGGTA-1,1
GGCTCGTGCCACCAGC-1,1
GGCTCTGCTCCAACGC-1,1
GGCTGAAATAGCAAAG-1,1
GGCTTGGCTCTCACCT-1,1
GGGAACGGGAGGTTAG-1,1
GGGAAGGGCTTTCTCA-1,1
GGGAATTCTGTCCAGT-1,1
GGGACTGCATAGATAG-1,1
GGGAGAACTCACAGTA-1,1
GGGAGGATGCCCGAAA-1,1
GGGAGTTAATGAGGCG-1,1
GGGATACGGTAATAAT-1,1
GGGATTTACCGCACCT-1,1
GGGCACGAATTGGCCG-1,1
GGGCACTATTGACCAT-1,
GGGCAGACGTCACTGC-1,
GGGCCCGTCTTAAACA-1,1
GGGCCCTACGAAAGGG-1,1
GGGCCCTTATCTATAC-1,1
GGGCCGGCCGAAGTAC-1,1
GGGCCTAAATGGGCTA-1,1
GGGCGATATGTGTGAA-1,1
GGGCGCAGCGTTACTC-1,1
GGGCGTACATTTATAT-1,1
GGGCGTCCACTGGCTC-1,1
GGGCGTGGTTTCCCAG-1,
GGGCTACTATTTCGTG-1,
GGGCTCATCGAACCCA-1,1
GGGCTGCCTAGGGCGA-1,1
GGGCTGGTTAGTCGCG-1,1
GGGTACTTCATGAACT-1,1
GGGTATGTATGCACTT-1,1
GGGTCACCGTGACGGT-1,1
GGGTCATGCGTACCAT-1,1
GGGTCGTGGCAAGTGT-1,1
GGGTGACACCTTAACT-1,
GGGTGCATATGAAAGC-1,1
GGGTGTTTCAGCTATG-1,1
GGGTTCAGACGAACAA-1,1
GGGTTTAGGATAGGAT-1,1
GGTACAAACATGCTAT-1,1
GGTACATCTGGGACGA-1,1
GGTACCATTAAGACGG-1,1
GGTAGAAGACCGCCTG-1,
GGTAGTGCTCGCACCA-1,1
GGTATAGTGACACATA-1,1
GGTATGAAAGAACTGA-1,1
GGTATTGCCGAGTTTA-1,1
GGTCAAGACTACTTCG-1,1
GGTCAGTGGGTCCCAC-1,
GGTCGGATAAACGGCG-1,1
GGTCGGCCAGGAGCTT-1,1
GGTCTCCGTCCAGGTT-1,
GGTCTGAGAATCTGGA-1,1
GGTGAGATGCAGATAA-1,1
GGTGATAAGGAGCAGT-1,1
GGTGATGAAGGAAGTG-1,1
GGTGCGGATAAGTGGC-1,1
GGTGCTGATCACAAAG-1,1
GGTGCTGGTACACATT-1,1
GGTGGACTGCTCTGGC-1,1
GGTGGAGGTTGATACG-1,1
GGTTAGCTATATGTCT-1,1
GGTTAGGCTTGGAGAA-1,1
GGTTAGTTACGGCGCC-1,1
GGTTCGGATTATACTA-1,1
GGTTCTACTCGTCTGA-1,1
GGTTGTGCTCTTGTCC-1,1
GGTTGTGTAGCCTGGC-1,1
GGTTTACAATCTCAAT-1,1
GGTTTAGCCTTTCTTG-1,1
GGTTTCAATCGGTCAG-1,1
GGTTTGTGACCTGAGG-1,
GTAACATCTAAGATAA-1,
GTAAGCGGGCAGTCAG-1,1
GTAAGTAACAGTCTGG-1,1
GTAAGTAGGGTATACC-1,1
GTAAGTCCACACTCTA-1,1
GTAATAAAGGGCTCCC-1,1
GTACACTTACCTGAAG-1,1
GTACAGAGGCAAGGGT-1,1
GTACGAGATTGCGACA-1,1
GTACGCTTCATTGCAC-1,1
GTACGTTTGCCCGTCA-1,1
GTACTAAGATTTGGAG-1,1
GTACTCCCTTATCGCT-1,1
GTACTCCTGGGTATGC-1,
GTACTGGAGTTAGACC-1,1
GTACTTGGGCACTTCT-1,1
GTAGAAACGGGTGGAG-1,1
GTAGCCAAACATGGGA-1,
GTAGCGGCTATACACT-1,1
GTAGCTTCCTCTTGTT-1,1
GTAGGTGATCCGTGTA-1,1
GTAGTCGCGGGAATCA-1,1
GTAGTCTACGATATTG-1,
GTATAGGACTCAGTAG-1,1
GTATCAAACGTTAGCT-1,1
GTATCAGCTTGGGTTC-1,1
GTATCCTTTGGTAACC-1,1
GTATCTTTCATAACCA-1,
GTATGTGGGTCTAGTT-1,1
GTATTAAGGCGTCTAA-1,1
GTCAACCAGGCCTATA-1,
GTCAAGCGGACTCGGG-1,1
GTCACTCATGAGCGAT-1,
GTCACTCTCCAAATCT-1,1
GTCAGAATAGTCTATG-1,1
GTCAGTTTGGTAGTCG-1,1
GTCATGCACCTCCGTT-1,1
GTCATGCGCGAGGGCT-1,
GTCATGGACATGACTA-1,1
GTCATTAGAGCGAACG-1,1
GTCATTGCATTGACCC-1,1
GTCCATTACTGCTACG-1,1
GTCCCAACGTAAAGTA-1,1
GTCCCAATCATCCCGC-1,1
GTCCCGCGACGTTATG-1,
GTCCGAGAGCAATCAT-1,1
GTCCGGACCTGAAATT-1,1
GTCCGGCTGAATTGCG-1,1
GTCCTACGAATAGTCT-1,1
GTCCTACTCTACGGGC-1,
GTCCTATTGTTGTGGT-1,1
GTCGCGTAACCCGTTG-1,1
GTCGGATATCTCAGAC-1,1
GTCGGATGTAGCGCGC-1,1
GTCGGGAACATGGTAG-1,1
GTCGTACCATCTCGGG-1,
GTCGTACCTACGATTG-1,1
GTCGTATTGGCGTACA-1,1
GTCGTGTCTGGTCATC-1,1
GTCGTTATTCGCTTAT-1,1
GTCTACTCAATTACAA-1,1
GTCTAGTGAGCCGCTT-1,
GTCTATCTGAGTTTCT-1,1
GTCTATTGCATGCTCG-1,
GTCTATTGGTTCCGGT-1,1
GTCTCGACTAAGTTTG-1,1
GTCTCGATCTGCTTTC-1,1
GTCTTAGTACAGCCGG-1,1
GTCTTCCTCACCTAAG-1,1
GTCTTGAGGAGCAGTG-1,1
GTCTTGTAGCTATTCA-1,1
GTGAAACGGCGCCACC-1,1
GTGAACTCCCATTCGA-1,1
GTGACCGCACACTACG-1,1
GTGACGAGGGTGACCC-1,1
GTGAGCGTGCTGCACT-1,1
GTGAGGACACTTAAGG-1,1
GTGAGGAGCGGTTGAG-1,1
GTGAGTCTAAGACGGA-1,1
GTGATCACTAACGCCT-1,1
GTGATCATAGATCTGC-1,
GTGATCCTTGTCATGA-1,1
GTGCAACAAATGTGGC-1,1
GTGCACGAAAGTGACT-1,1
GTGCCCGTTCGGATTC-1,1
GTGCGACAGGGAGTGT-1,1
GTGCGGGTCTCCAAAT-1,1
GTGCGTGTATATGAGC-1,1
GTGCTCAAGTACTGTC-1,1
GTGCTGCAGATAAGGA-1,1
GTGCTTACATCAGCGC-1,1
GTGGAACCTACATGCG-1,1
GTGGACGTGCTGAGAC-1,1
GTGGCCTAATATCATT-1,1
GTGGCGGTCCCAGCGT-1,1
GTGGGAAGACTGAATC-1,
GTGGGCTTAGACACAC-1,1
GTGGGTACTGAGCGTA-1,
GTGGTGGCCAAGTGAA-1,1
GTGGTTACTTCTTTCG-1,1
GTGTACCTTGGCTACG-1,1
GTGTATATCAGCGGGC-1,
GTGTCGTATAGCGTTC-1,
GTGTGAATAACTTAGG-1,1
GTGTTACTATGCGTCC-1,1
GTTAAAGTAGGACTGG-1,1
GTTAACATCACTTAAA-1,
GTTAACTATGTTGTCA-1,1
GTTAAGTTAGAGTGGG-1,1
GTTAATGTCTATCTTA-1,1
GTTACAATTGGTGACG-1,1
GTTACCTACAACTTGC-1,
GTTACTTTGGGCCTAG-1,1
GTTAGCCGTAAATCAA-1,1
GTTATAATACGGTGAA-1,1
GTTATATTATCTCCCT-1,
GTTATTAACGTGGGAG-1,1
GTTCACAGGAGTCTAG-1,1
GTTCATCGTTTGGCTG-1,1
GTTCCAGTCTGACCAT-1,1
GTTCGCCATAAGTGCC-1,1
GTTCGCTGAGACGTCT-1,1
GTTCGGATCGGGAACA-1,1
GTTCGGGCGTACCATT-1,1
GTTCGTCTAAAGAACT-1,1
GTTCTTCCCTCGATGT-1,1
GTTGAGTCCCGCCGGT-1,1
GTTGCACGGAGTTTCG-1,1
GTTGCGCTAACATTAC-1,1
GTTGCGGACGGTCAGG-1,
GTTGGATTGAGAACAC-1,1
GTTGGATTTGCGTTGG-1,1
GTTGTCGTGTTAGTTG-1,1
GTTTACGTTCCATCTG-1,
GTTTATGGGATTTAGA-1,1
GTTTCAAACGAGTTGT-1,
GTTTCATATCGTCGCT-1,1
GTTTCCTGGAGGGTGA-1,1
GTTTCTGCAGTCTCCC-1,1
GTTTGACCAAATCCTA-1,1
GTTTGGCCCAAGTTAT-1,1
GTTTGGGCTTGTGAGC-1,
GTTTGGGTTTCGCCCG-1,1
GTTTGTTAGCCAAGTA-1,
TAAAGACAACCCTTTA-1,1
TAAAGCGTTAGGAGAA-1,1
TAAATGAATCCGTTTC-1,1
TAACAAAGGGAGAAGC-1,1
TAACAATATTTGTTGC-1,1
TAACATACAATGTGGG-1,1
TAACCTACCGTCCGAG-1,1
TAACCTAGGGAGTCCA-1,
TAACGCTTTGAGAGCG-1,1
TAACTATCGAAGGTCC-1,1
TAACTATTACGCCAAA-1,1
TAACTCATCCGCGCGG-1,1
TAACTCCATGGAGGCT-1,1
TAAGCAGGCGACACGC-1,1
TAAGGAACTTGTGGGA-1,1
TAAGGCAACATAAGAT-1,1
TAAGGCTGAATCCCTC-1,1
TAAGGGCCTGTCCGAT-1,1
TAAGGGCTGGGAGAGG-1,1
TAAGTTGCGACGTAGG-1,1
TAATAAACAAGGAGAT-1,1
TAATACACAGTAGTAT-1,1
TAATAGTGACGACCAG-1,1
TAATATTGAAATTCGC-1,1
TAATCGATCCGTACGT-1,1
TAATGAAAGACCCTTG-1,1
TAATTACGTCAGTAGA-1,
TAATTAGGACATCCGT-1,1
TAATTTCCGTCCAGTA-1,1
TACAACGCACAACTCA-1,1
TACAAGGGCTTCTTTA-1,
TACAAGTCTCGTGCAT-1,1
TACAGAAACGGTGGGC-1,1
TACATAGGCATACACC-1,1
TACATCCCTATCCCTG-1,1
TACATTTCTAACGTGC-1,1
TACCAATAAAGTACCA-1,1
TACCGAATAATTGTAA-1,
TACCGCGGACTTGCAG-1,1
TACCGGCTCACTGCCC-1,
TACCGTGCCTCGGACC-1,
TACCTATCCCTAGAGG-1,1
TACCTCACGCTTGTAC-1,1
TACCTGCTGCACTGTG-1,1
TACGAACACGACTTCA-1,1
TACGACGCTTGCTGCG-1,
TACGACTGCCTCTTAG-1,1
TACGAGAACTTCACGT-1,1
TACGATGTTGATCATC-1,1
TACGCAGTTCTTTCCT-1,1
TACGCCATATTCTAAT-1,1
TACGCTATAGAAACCT-1,1
TACGCTCGGTATTGGA-1,
TACGGGATGCTAGCAG-1,1
TACGTAAAGCGGAGTG-1,
TACGTGCACTATGCTG-1,1
TACGTTTACCGGCAAT-1,1
TACTCGGCACGCCGGG-1,1
TACTCTCCGAACAAAT-1,1
TACTCTTACTTTACTG-1,
TACTGGACAGCTCGGC-1,1
TACTGTTTCTCTGGTA-1,1
TACTTAAACATGTACA-1,
TACTTGTTAGTAGTCC-1,1
TACTTTACTGAGCCGG-1,1
TAGAAAGGTGGCGCTA-1,1
TAGAAATTCACGTATA-1,1
TAGAATAGCCGATGAA-1,
TAGAATTAAGGGCAAC-1,1
TAGACGCCCGTACCGG-1,1
TAGACTACCTAGCGTT-1,1
TAGAGGTTCTACTTGT-1,1
TAGAGTCTAAGCGAAC-1,1
TAGATCCGAAGTCGCA-1,1
TAGATGGTTCCTTACT-1,1
TAGATTCCTGGTTATT-1,1
TAGCAACCTGTCACAA-1,1
TAGCAGTATGACTAAA-1,
TAGCCATTTCAAAGTC-1,1
TAGCCGGCGGTCAGCG-1,1
TAGCGTCCCTCGATTG-1,1
TAGCGTCCGGTGTGGT-1,1
TAGCGTCGAATATTGA-1,1
TAGCGTTGGGTCTTAC-1,1
TAGCTAAGTCCGGGAG-1,1
TAGCTGATGTGAAGCG-1,1
TAGGCATGTTACGCCA-1,1
TAGGCTAAAGTGGCAC-1,
TAGGGAGCTTGGGATG-1,1
TAGGGTGTTTCAAGAG-1,1
TAGGTCCAAGTAAGGA-1,1
TAGGTCGCCGGAACTG-1,1
TAGGTGACGATAACCT-1,
TAGGTGAGCCCTACTC-1,1
TAGGTGCTCGCCTAGC-1,1
TAGGTTCGAGTTCGTC-1,1
TAGTACCTTAGTGGTC-1,1
TAGTCCGCAGAGAATG-1,1
TAGTCGATCACGGGTT-1,1
TAGTCTAACAACGAGA-1,1
TAGTCTTTCCGAATTG-1,1
TAGTGCCCTCCAGAGT-1,1
TAGTGTCAGAAACGGC-1,1
TAGTTAAGATAGGATA-1,1
TAGTTTGATCGGTCGC-1,
TATAAATCCACAAGCT-1,1
TATAAGTGAGGATAGC-1,1
TATACACAGACGCCTT-1,
TATACACGCAAAGTAT-1,1
TATACTCATGCGGCAA-1,1
TATAGATGGTCGCAGT-1,1
TATAGCGCACGTTATC-1,1
TATAGGGTACTCATGA-1,1
TATATCATTGATCAGT-1,1
TATATCCCTGGGAGGA-1,1
TATATGCTGGGTTGCC-1,1
TATCAAAGGTCTGTAA-1,1
TATCACCCAACCGACC-1,
TATCCAATTGGTTATC-1,1
TATCCATATCATGCGA-1,1
TATCCTGCATGGGAAT-1,1
TATCGATCTATGCATA-1,1
TATCGATGATTAAACG-1,1
TATCTACAGAGGTAAT-1,1
TATCTACCACAGCGGG-1,1
TATCTAGCCTAAAGGA-1,1
TATGAAGAATTAAGGT-1,
TATGAAGACAGGTGCG-1,1
TATGACCTTGCGCTGG-1,1
TATGATCCGGCACGCC-1,1
TATGATCTTCTCTTTA-1,1
TATGCTCCCTACTTAC-1,1
TATGGATGTGCTACGC-1,1
TATGGCCCGGCCTCGC-1,1
TATGGGACCGAGCAGG-1,1
TATGGGTACGTATCGT-1,1
TATGGTCTGAGTAACA-1,1
TATGGTTAGTGGGAGA-1,1
TATGTCAAGACCGACT-1,1
TATGTCTCATTGTGCC-1,1
TATTACCATCCTGCTT-1,1
TATTCAATTCTAATCC-1,1
TATTCCACTCAGCTCG-1,
TATTCCGAGCTGTTAT-1,1
TATTCGTGCCAGAATA-1,1
TATTGACATTTCTGCC-1,1
TATTTAGTCTAGATCG-1,1
TATTTATACCGAGTAG-1,1
TATTTGATTTGCACAG-1,
TATTTGTTACCCTTTA-1,1
TCAAACAACCGCGTCG-1,1
TCAAACTTAGATTGTT-1,1
TCAAAGAGCTATCTGT-1,
TCAACATCGACCGAGA-1,1
TCAACCATGTTCGGGC-1,1
TCAACGAGGAGACAAA-1,1
TCAACGCGACCGGCAG-1,1
TCAACTAACGTATAAC-1,1
TCAACTGCAGAGTCAG-1,1
TCAAGAAATACTAGCT-1,1
TCAAGCGCGGACGGTA-1,
TCAAGGTTACTACACC-1,1
TCAATACAATTGCTGC-1,1
TCACAAACCGAGGTAC-1,1
TCACAGGGAATCGCAA-1,1
TCACAGGTTATTGGGC-1,1
TCACATCTTATCTGAT-1,1
TCACCCTCTTAAGATT-1,
TCACCGCTCGGCACTC-1,1
TCACGCATTGTAGATC-1,1
TCACGGTCATCGCACA-1,1
TCACGTGCCCGATTCA-1,1
TCAGAACCTCCACAGG-1,1
TCAGACGCTATAGAAG-1,1
TCAGCAAATGCATCTC-1,1
TCAGCCAATCCGTAAA-1,
TCAGCTTGAGCTTTCG-1,
TCAGGGCGACTTCCTT-1,1
TCAGGGCGCAAACTCG-1,1
TCAGGGTGTAACGTAA-1,1
TCAGGTTCTTTGAGAA-1,1
TCAGTACTGACCCGCG-1,1
TCATACTTACAGATCC-1,1
TCATCACTCGAGCTCG-1,1
TCATCCCAGAGGGTGG-1,1
TCATGCAGGTTCTCAT-1,1
TCATTTAAGTCTCCGA-1,1
TCATTTAGAAGTGTGA-1,1
TCCAACTCAGCTATCT-1,
TCCAACTTTAAATTCT-1,1
TCCAATGCGTCGCCGC-1,
TCCACAATGGTTTACG-1,1
TCCACTTTATCTAGGT-1,1
TCCAGAGCACCGGTTC-1,1
TCCAGCGCTATAAGCG-1,
TCCAGGCGAGTACGGT-1,1
TCCCAAAGACGAAGGA-1,1
TCCCAAAGCCCTAAAT-1,1
TCCCACTCTCTTCCGG-1,1
TCCCAGCTTTAGTCTG-1,1
TCCCAGGCTTAGCTAA-1,1
TCCCGCGTACTCCTGG-1,1
TCCCGGGTGTGCTGCT-1,1
TCCCGTCAGTCCCGCA-1,1
TCCCGTGTGCAATTTG-1,1
TCCCTGGCTCGCTGGA-1,1
TCCCTTAGATTACTCG-1,1
TCCGAACTTGGCTTAC-1,1
TCCGAATGGTCCTGAG-1,1
TCCGATAATTGCCATA-1,1
TCCGATGACTGAGCTC-1,1
TCCGATGGTGCGACAT-1,1
TCCGATTACATTGCCG-1,1
TCCGCCTGTCTACAAG-1,
TCCGCGGCAGCATCTG-1,1
TCCGCGGCCCAATGAA-1,1
TCCGCTGTCATCCCGG-1,1
TCCGCTTATCCCATTA-1,
TCCGGCCTAGCGTACA-1,1
TCCGGGCTTGACGGGA-1,
TCCGTAACCACAATCC-1,1
TCCGTTAAGCTAATAT-1,1
TCCGTTTAGCCTTGAA-1,1
TCCTACATCCACGGCC-1,1
TCCTAGCAAAGAAGCT-1,1
TCCTATCATAGGTAAC-1,1
TCCTCGGGCTGGGCTT-1,1
TCCTCTACGAGATGGC-1,1
TCCTCTCCAGTTGTCC-1,1
TCCTGCCAACTGGAGA-1,1
TCCTGCGTTGATACTC-1,1
TCCTTACGACGGTCCG-1,1
TCCTTCAATCCCTACG-1,1
TCCTTCAGTGGTCGAA-1,1
TCCTTTAAATCCGCTT-1,1
TCCTTTCTTACGCTTA-1,1
TCGAAATTTAGGACCA-1,1
TCGAAGAACCGAGCAC-1,1
TCGAGACCAACACCGT-1,1
TCGAGTCTACGATTCG-1,
TCGCAAAGATGCATTT-1,1
TCGCACCAGGAGGCAG-1,1
TCGCATAAAGGGCGCA-1,
TCGCCCACTGCGAGAG-1,1
TCGCCGACATATTCGC-1,
TCGCCGCACCGCGTGA-1,1
TCGCCGGATGGGCAAG-1,1
TCGCCGGTCGATCCGT-1,1
TCGCGTAGCAGTGTCC-1,1
TCGCGTCCAGAAGGTC-1,1
TCGCTAAACCGCTATC-1,1
TCGCTCGATATATTCC-1,1
TCGCTCGGCACCAGCG-1,1
TCGCTGGGCGGATTGT-1,1
TCGCTGTGCGTAAATC-1,1
TCGCTTTAAACGTTTG-1,1
TCGGAATGCGCTCTGA-1,1
TCGGACGCCCAGCCCA-1,1
TCGGAGTACATGAGTA-1,1
TCGGCGAACCCAAACC-1,1
TCGGCTTGTATCGACG-1,1
TCGGGAACGTGCCTAG-1,1
TCGGGATTCAAACATA-1,1
TCGGGCCGTCGTGGTA-1,1
TCGTAAGACGACATTG-1,1
TCGTATTACCCATTGC-1,1
TCGTCACACTGTTAGC-1,1
TCGTCCGCTGGCGTCT-1,1
TCGTCTTAGGCGTTAA-1,1
TCGTGTACTATGGATG-1,1
TCGTGTATTGGTCACG-1,
TCGTGTCACGCTGACA-1,1
TCGTGTTCGACCACAA-1,1
TCGTTGACAGGGTCCC-1,1
TCTAACTGTATGTAAA-1,1
TCTACCCAATAGAGAG-1,1
TCTACCGTCCACAAGC-1,1
TCTAGCATCTTCGATG-1,1
TCTAGCATGCCCAGAA-1,
TCTAGGTGGCGACGCT-1,
TCTAGTGATATCGTGG-1,1
TCTAGTTATCAGAAGA-1,1
TCTATAGGTGGGTAAT-1,
TCTATCATGCAGTTAC-1,1
TCTATCGGTCGCAACA-1,1
TCTATGCTATAACGAC-1,
TCTATTACTAGAGGAT-1,1
TCTCATGAGATAGGGT-1,1
TCTCCAACGTAGGTTA-1,1
TCTCCACAAGTTGAAT-1,1
TCTCCCTGGGCAGCGT-1,1
TCTCGACGTATCGCCG-1,1
TCTCGAGGAGGTTCGC-1,1
TCTCGTGTTACGAGGA-1,1
TCTCTAATAGCTGGTA-1,1
TCTCTCGCCGCACATA-1,
TCTGAACCGGTCGGCT-1,1
TCTGAACTCGTACCCG-1,1
TCTGAAGCACGTGGTC-1,1
TCTGAATTCCGTACAA-1,1
TCTGAGCAATTGACTG-1,
TCTGATCGGGTGCTAG-1,1
TCTGATGTATTCTGTC-1,1
TCTGCAGATTCGAGTC-1,1
TCTGCATACCTTGCTT-1,1
TCTGCCAGAAACTGCA-1,1
TCTGGCGCAAGCCGGG-1,1
TCTGGGAACCTTTGAA-1,1
TCTGGGTAGCGCTCAT-1,1
TCTGTGCCATCATAGT-1,1
TCTTACAGAGGTACCG-1,1
TCTTACCGGAACTCGT-1,1
TCTTACGGCATCCGAC-1,1
TCTTACTTATGCCTCT-1,1
TCTTAGAGCTCCAATT-1,1
TCTTAGAGTGAACTCT-1,1
TCTTCCCATGGGCACA-1,1
TCTTCGAATAGACGTT-1,1
TCTTCGATACCAATAA-1,1
TCTTCTATAACCCGCC-1,1
TCTTGATGCGTAGCGA-1,1
TCTTGGTAACACCAAA-1,1
TCTTTAAGACTATGAA-1,1
TCTTTAGAGTCTAACA-1,1
TCTTTAGCAGGCGAAC-1,1
TGAAACTTATGCAAGC-1,1
TGAAAGGACCTGACTC-1,1
TGAACTGCTATGACTT-1,1
TGAATGTCAGCCGGCC-1,1
TGAATTTCACTTGCCT-1,1
TGACATATATGACGAT-1,1
TGACATCGAGCGGACC-1,1
TGACCCACGTTAGACA-1,1
TGACGAATATTTCCCT-1,1
TGACGATGCACTAGAA-1,1
TGACTATAATCCTTTC-1,1
TGAGAATGCTTTACCG-1,1
TGAGACGTACCTCTCA-1,1
TGAGAGATTTACCACG-1,1
TGAGCTTTAATGACGC-1,1
TGAGTAAATTAGCGTA-1,
TGAGTGGTCCGTGACG-1,1
TGAGTTAAAGACATTC-1,1
TGATAGCGGGATTCTA-1,1
TGATCAGGGAACTGCT-1,1
TGATCCCAGCATTAGT-1,1
TGATCGGTTTGACCCT-1,1
TGATCTCCGGCGCCAG-1,1
TGATGGCTGTTTCTGA-1,1
TGATGTCAATTAAGTG-1,
TGATTCGTCTATCACT-1,1
TGATTTATTAGCTGTG-1,1
TGATTTCCTCCTGACG-1,1
TGCAACCCATCTGCGG-1,1
TGCAAGAATGACGTAA-1,1
TGCAATCTAACACGGT-1,1
TGCAGAACTATATCGT-1,
TGCAGAGTACCGAGCA-1,1
TGCAGATCGTCCTAGG-1,1
TGCAGCTACGTACTTC-1,1
TGCAGGATCGGCAAAG-1,1
TGCAGTTTCCTCCCAT-1,1
TGCATATGTCTGTCAC-1,1
TGCATGGATCGGATCT-1,1
TGCATGTGGTAATCTA-1,1
TGCCAAAGTCAGACTT-1,1
TGCCACACTAGAGGAA-1,1
TGCCACCTGGCGAAAC-1,1
TGCCAGTACGTGGAGA-1,
TGCCATTACTAAAGAA-1,1
TGCCCGTACCGTTAAA-1,1
TGCCGAAAGCGTATTC-1,1
TGCCGTTCTTAATCGG-1,
TGCCTAATTGAAGATT-1,1
TGCCTGATCAAACGAT-1,1
TGCCTTGGCCAGGCAA-1,1
TGCGAATATGGGATTT-1,1
TGCGATGCTAATGGCT-1,1
TGCGCAAAGCATTTGG-1,1
TGCGCGATTAACGGAG-1,1
TGCGGAGTAAAGGTGC-1,1
TGCGTACGGCTAATTG-1,
TGCGTTTGTTGACACT-1,1
TGCTAAGTGTCTATTT-1,1
TGCTCCACAGTTCTTA-1,1
TGCTGGTTGGACAATT-1,1
TGCTGTTGAAGAACTC-1,1
TGGAAGAAGGGAACGT-1,1
TGGAAGACGAACACCA-1,1
TGGAAGGATAAAGATG-1,1
TGGAATTAGACGCTTT-1,1
TGGACCAATCTAAGAT-1,
TGGACTGTTCGCTCAA-1,1
TGGAGTGATGCGATGA-1,1
TGGCAAACTAAATTAC-1,1
TGGCAACTCGCGCGCC-1,1
TGGCAATGGGACGGCG-1,1
TGGCAGATTACGATCA-1,1
TGGCAGCAGTAATAGT-1,1
TGGCCAAACTGAAGTA-1,1
TGGCCGTATATTGACC-1,1
TGGCTACACTCTACCT-1,
TGGCTATGTGACATAC-1,
TGGCTCTTGTCGCGTA-1,1
TGGCTTATGTATAATG-1,1
TGGCTTTGGGTAGACA-1,1
TGGGAAATGCCTTTCC-1,1
TGGGCAATAGTTGGGT-1,1
TGGGCACGTTCTATGG-1,1
TGGGCAGGCCACCGCA-1,
TGGGCCACAAGAGCGC-1,1
TGGGCCCATACTAATT-1,1
TGGGTAAGGTTCCCGC-1,1
TGGTAAGCAGGATTGA-1,1
TGGTAGAATATATGGG-1,1
TGGTCCCACGCTACGG-1,
TGGTCGTGCAAGGCAA-1,1
TGGTCTGTTGGGCGTA-1,1
TGGTGATCGTATTTGT-1,1
TGGTTATGCTTGCGGT-1,1
TGGTTCAACGGGTAAT-1,1
TGGTTCGTAGCAAAGG-1,1
TGTAAGACTGATAAGA-1,
TGTAATGACCACAATA-1,1
TGTACCTACACGAGGG-1,1
TGTACGAACAAATCCG-1,1
TGTAGCCATCCCATTC-1,
TGTAGGAGAAATTTCC-1,1
TGTAGTGATCTATAAT-1,1
TGTATAACAGATCCTG-1,1
TGTATGGCGCAGACAG-1,1
TGTCCACGGCTCAACT-1,
TGTCCGTGGCGCCTTT-1,1
TGTCCTAAGTCACCGC-1,1
TGTGACTACGCCAGTC-1,1
TGTGCCAGAGGCAAAG-1,1
TGTGCCGGTGCCGGAA-1,1
TGTGCTTTACGTAAGA-1,1
TGTGGCAAAGCGTATG-1,1
TGTGGCTCCCACCAAC-1,1
TGTGTAGTAGCACGTG-1,
TGTGTCGAAGTCGAGG-1,1
TGTGTCGCGAGTTGCA-1,1
TGTGTGACCATGAATC-1,1
TGTGTTCGTATCCAAG-1,1
TGTTATTGTATGTGGC-1,1
TGTTCATAAATGTGCT-1,1
TGTTCCGCTTCCATGA-1,1
TGTTCGTATTGCGGTG-1,
TGTTCTTCCATTGACT-1,1
TGTTGTCAAGAAGTCT-1,1
TGTTTCGGTACTTCTC-1,1
TGTTTGAGATCGTCAG-1,1
TTAAACCTGGTTCCTT-1,1
TTAAACTCGAATTCAT-1,1
TTAACACCTCGAACAT-1,1
TTAACCAACCCTCCCT-1,1
TTAACGTTAAAGCCTG-1,1
TTAACTCACGCGTGGA-1,1
TTAAGATAGGATTGAC-1,1
TTAAGCCGACAACTTC-1,1
TTAAGCGCCTGACCCA-1,1
TTAAGTATTGTTATCC-1,1
TTAATCAGTACGTCAG-1,1
TTAATGTAGACCAGGT-1,1
TTAATTTCAGACGCGG-1,1
TTACAACTACGCATCC-1,1
TTACACGATCTGCGAC-1,
TTACAGACCTAAATGA-1,1
TTACATCGTGGCCTGG-1,1
TTACATGCCACAACTA-1,1
TTACCATTGATTACCC-1,1
TTACCCATTGCCGGGT-1,1
TTACCCTAACAGTCCT-1,1
TTACGGATGGTTCGAG-1,1
TTACTAAAGGACTTTA-1,1
TTACTATCGGCTTCTC-1,1
TTACTCCGGCCGGGAA-1,1
TTACTGGGATATTTCA-1,1
TTAGACACGATCGTTG-1,1
TTAGACGAGTCACCTC-1,1
TTAGAGGGATATACAG-1,1
TTAGAGTTTAGAAGGA-1,1
TTAGCAACATGGATGT-1,1
TTAGCTAATACGATCT-1,1
TTAGCTCTGTAATCCG-1,1
TTAGCTGATTTGCCGT-1,1
TTAGTAAACCTGCTCT-1,1
TTAGTAGGGCGGCGGG-1,1
TTAGTTATTCGTGGCA-1,1
TTATATACGCTGTCAC-1,1
TTATATTTGGCAATCC-1,1
TTATCCGGGATCTATA-1,1
TTATCGCCTGCGAAGC-1,1
TTATCTGACATTAGGA-1,1
TTATCTGTATCATAAC-1,1
TTATGAATGAAAGGGA-1,1
TTATGACAAACTGGAT-1,1
TTATGATCTTAACGAA-1,1
TTATGTTTGCGATAGA-1,1
TTATTAGAGCGTGTTC-1,1
TTATTAGGGAAGCATC-1,1
TTCAAAGTCTCTAGCC-1,1
TTCAACGACCCGACCG-1,1
TTCAAGCCGAGCTGAG-1,1
TTCAATACTCTGAATC-1,1
TTCACGAAAGGATCAC-1,1
TTCAGCCCTGGTCCAC-1,1
TTCAGCTGGCGTGCCC-1,1
TTCAGGCGTCAAAGCC-1,1
TTCAGTTTGTGGCAGC-1,1
TTCATGGCGCAACAGG-1,1
TTCCAATCAGAGCTAG-1,1
TTCCAGACGAGATTTA-1,1
TTCCATCGACAGCGTG-1,
TTCCCGGCGCCAATAG-1,1
TTCCGCGTGAGGCGAT-1,
TTCCGGTATCTGTGTC-1,1
TTCCGGTTACCCACTT-1,1
TTCCTCGAGGGTGTCT-1,1
TTCCTCGGACTAACCA-1,1
TTCCTCTGCCCGAATA-1,1
TTCGACAGAGCCCGTG-1,
TTCGACGGGAAGGGCG-1,1
TTCGCACTCGCGTGCT-1,1
TTCGCTAGGAAGTTGT-1,1
TTCGGCAACCCGCTGA-1,1
TTCGGCTAGAGATGGT-1,1
TTCGGGACTAATCGCG-1,1
TTCGTAATCCCAGCGG-1,1
TTCGTACTCCAGAACG-1,1
TTCTAACCGAAGCTTA-1,1
TTCTACTTGCGAGGGC-1,1
TTCTAGGCCAATTGTG-1,1
TTCTGACCGGGCTCAA-1,1
TTCTGCCGCGCCTAGA-1,
TTCTGCGAGCGCCCTT-1,1
TTCTGCGGGTTAGCGG-1,1
TTCTGCTAGACTCCAA-1,1
TTCTGTTTCCTGTCGC-1,1
TTCTTAGTGAACGGTG-1,1
TTCTTAGTGGCTCAGA-1,1
TTCTTATCCGCTGGGT-1,1
TTCTTGCTAGCATCTC-1,1
TTCTTGGAGTAATGAG-1,1
TTCTTGTAACCTAATG-1,1
TTCTTGTGTCCATCAG-1,1
TTGAACGAATCCTTTG-1,1
TTGAACGACGTGCTGA-1,1
TTGAAGAATTCCCAGG-1,1
TTGAATATGGACTTTC-1,1
TTGAATTCACGTGAGG-1,1
TTGACAGGAGCTCCCG-1,1
TTGACCAGGAACAACT-1,
TTGACCATGTTCTCCG-1,1
TTGACGCTCCATGAGC-1,1
TTGACTATTGTCCGGC-1,1
TTGAGAAGTTTAGCAT-1,1
TTGAGCAGCCCACGGT-1,1
TTGAGCGCCACGTGAT-1,1
TTGAGTCCCGCTGCTG-1,1
TTGATCTAACTTTGTC-1,1
TTGATGTGTAGTCCCG-1,1
TTGATTATGCAGATGA-1,1
TTGCACAATTCAGAAA-1,1
TTGCACGGAGCAGCAC-1,1
TTGCATGCTGATCACG-1,1
TTGCCAAGCAGAACCC-1,1
TTGCCCTGATCACGGG-1,1
TTGCCGCTTTCTAGTA-1,
TTGCGTAGTTTGAGGA-1,1
TTGCTCCCATACCGGA-1,1
TTGCTGAAGGAACCAC-1,1
TTGCTGATCATGTTCG-1,1
TTGCTGCACCTATCCA-1,1
TTGGACATGTGGCTTA-1,1
TTGGACCATCTGGCAA-1,1
TTGGACCTATAACAGT-1,1
TTGGATTGGGTACCAC-1,1
TTGGCCATCTTGCGCT-1,1
TTGGCCTAGAATTTCG-1,1
TTGGCGATCCGAATAT-1,1
TTGGCTCGCATGAGAC-1,1
TTGGGACACTGCCCGC-1,1
TTGGGACGTAAGAGTT-1,1
TTGGGCGGCGGTTGCC-1,1
TTGGTATGGCTTGTGT-1,1
TTGTAAGGCCAGTTGG-1,1
TTGTAATCCGTACTCG-1,1
TTGTACACCTCGAACA-1,1
TTGTATCACACAGAAT-1,1
TTGTCACCGCGGTATC-1,
TTGTCGTTCAGTTACC-1,1
TTGTGAACCTAATCCG-1,1
TTGTGAGGCATGACGC-1,1
TTGTGCGGAAGCGGAT-1,
TTGTGGCCCTGACAGT-1,1
TTGTGGTGGTACTAAG-1,1
TTGTTAGCAAATTCGA-1,1
TTGTTCAGTGTGCTAC-1,1
TTGTTGTGTGTCAAGA-1,1
